CREATE DATABASE  IF NOT EXISTS `fraternitas` /*!40100 DEFAULT CHARACTER SET utf8mb4 COLLATE utf8mb4_0900_ai_ci */ /*!80016 DEFAULT ENCRYPTION='N' */;
USE `fraternitas`;
-- MySQL dump 10.13  Distrib 8.0.32, for Win64 (x86_64)
--
-- Host: localhost    Database: fraternitas
-- ------------------------------------------------------
-- Server version	8.0.32

/*!40101 SET @OLD_CHARACTER_SET_CLIENT=@@CHARACTER_SET_CLIENT */;
/*!40101 SET @OLD_CHARACTER_SET_RESULTS=@@CHARACTER_SET_RESULTS */;
/*!40101 SET @OLD_COLLATION_CONNECTION=@@COLLATION_CONNECTION */;
/*!50503 SET NAMES utf8 */;
/*!40103 SET @OLD_TIME_ZONE=@@TIME_ZONE */;
/*!40103 SET TIME_ZONE='+00:00' */;
/*!40014 SET @OLD_UNIQUE_CHECKS=@@UNIQUE_CHECKS, UNIQUE_CHECKS=0 */;
/*!40014 SET @OLD_FOREIGN_KEY_CHECKS=@@FOREIGN_KEY_CHECKS, FOREIGN_KEY_CHECKS=0 */;
/*!40101 SET @OLD_SQL_MODE=@@SQL_MODE, SQL_MODE='NO_AUTO_VALUE_ON_ZERO' */;
/*!40111 SET @OLD_SQL_NOTES=@@SQL_NOTES, SQL_NOTES=0 */;

--
-- Table structure for table `categoria_profissional`
--

DROP TABLE IF EXISTS `categoria_profissional`;
/*!40101 SET @saved_cs_client     = @@character_set_client */;
/*!50503 SET character_set_client = utf8mb4 */;
CREATE TABLE `categoria_profissional` (
  `id_categoria_profissional` int NOT NULL AUTO_INCREMENT,
  `nome_categoria_profissional` varchar(45) DEFAULT NULL,
  PRIMARY KEY (`id_categoria_profissional`)
) ENGINE=InnoDB AUTO_INCREMENT=4 DEFAULT CHARSET=utf8mb4 COLLATE=utf8mb4_0900_ai_ci;
/*!40101 SET character_set_client = @saved_cs_client */;

--
-- Dumping data for table `categoria_profissional`
--

LOCK TABLES `categoria_profissional` WRITE;
/*!40000 ALTER TABLE `categoria_profissional` DISABLE KEYS */;
INSERT INTO `categoria_profissional` VALUES (1,'Medico'),(2,'Enfermeiro(a)'),(3,'Tecnico(a) de laboratório');
/*!40000 ALTER TABLE `categoria_profissional` ENABLE KEYS */;
UNLOCK TABLES;

--
-- Table structure for table `cliente`
--

DROP TABLE IF EXISTS `cliente`;
/*!40101 SET @saved_cs_client     = @@character_set_client */;
/*!50503 SET character_set_client = utf8mb4 */;
CREATE TABLE `cliente` (
  `id_cliente` int NOT NULL AUTO_INCREMENT,
  `numero_contribuinte` varchar(45) DEFAULT NULL,
  `nome_cliente` varchar(45) DEFAULT NULL,
  `sobrenome_cliente` varchar(45) DEFAULT NULL,
  `sexo_cliente` varchar(45) DEFAULT NULL,
  `email_cliente` varchar(45) DEFAULT NULL,
  `telefone_cliente` varchar(45) DEFAULT NULL,
  `casa_cliente` varchar(45) DEFAULT NULL,
  `rua_cliente` varchar(45) DEFAULT NULL,
  `bairro_cliente` varchar(45) DEFAULT NULL,
  `distrito_cliente` varchar(45) DEFAULT NULL,
  `id_municipio` int NOT NULL,
  PRIMARY KEY (`id_cliente`),
  KEY `fk_cliente_municipio1_idx` (`id_municipio`)
) ENGINE=InnoDB AUTO_INCREMENT=15 DEFAULT CHARSET=utf8mb4 COLLATE=utf8mb4_0900_ai_ci;
/*!40101 SET character_set_client = @saved_cs_client */;

--
-- Dumping data for table `cliente`
--

LOCK TABLES `cliente` WRITE;
/*!40000 ALTER TABLE `cliente` DISABLE KEYS */;
INSERT INTO `cliente` VALUES (4,NULL,'Vários','','','M','','','','','',95),(5,NULL,'Vários','','','M','','','','','',95),(6,NULL,'Chefe Maniha','f','F',NULL,'938059553','21','5','Nelito ',NULL,1),(7,NULL,'Chefe Mania ','s','F',NULL,'938059553','21','5','Nelito ',NULL,1),(8,NULL,'Maria ','Hangalo','F',NULL,'922385878','21','5','kibango',NULL,5),(9,NULL,'Dona ','Ana','F',NULL,'','5','34','São Paulo',NULL,3),(10,NULL,'Teresa','Suárez','F',NULL,'','23','8','São Paulo',NULL,95),(11,NULL,'Bilson ','Ramos','M',NULL,'955490324','9','34','Zango 1',NULL,97),(12,NULL,'Lucilio Vera ','Cruz','M',NULL,'941138707','54','3','São Paulo',NULL,95),(13,NULL,'Maliet','f','F',NULL,'','9','3','Nelito Suares',NULL,93),(14,NULL,'Margareth','Borges','F',NULL,'','7','8','Nelito ',NULL,95);
/*!40000 ALTER TABLE `cliente` ENABLE KEYS */;
UNLOCK TABLES;

--
-- Table structure for table `factura_venda_produto`
--

DROP TABLE IF EXISTS `factura_venda_produto`;
/*!40101 SET @saved_cs_client     = @@character_set_client */;
/*!50503 SET character_set_client = utf8mb4 */;
CREATE TABLE `factura_venda_produto` (
  `id_factura_venda` int NOT NULL AUTO_INCREMENT,
  `id_cliente` int NOT NULL,
  `data_factura_venda` date DEFAULT NULL,
  `valor_total` double DEFAULT NULL,
  `id_forma_de_pagamento` int NOT NULL,
  `data_hora_registo` datetime DEFAULT CURRENT_TIMESTAMP,
  `id_profissional` int DEFAULT NULL,
  PRIMARY KEY (`id_factura_venda`),
  KEY `fk_factura_venda_produto_forma_de_pagamento1_idx` (`id_forma_de_pagamento`),
  KEY `fk_factura_venda_produto_cliente1_idx` (`id_cliente`),
  KEY `fk_factira_venda_produto_profissional_idx` (`id_profissional`),
  CONSTRAINT `fk_factira_venda_produto_profissional` FOREIGN KEY (`id_profissional`) REFERENCES `profissional` (`id_profissional`),
  CONSTRAINT `fk_factura_venda_produto_cliente1` FOREIGN KEY (`id_cliente`) REFERENCES `cliente` (`id_cliente`),
  CONSTRAINT `fk_factura_venda_produto_forma_de_pagamento1` FOREIGN KEY (`id_forma_de_pagamento`) REFERENCES `forma_de_pagamento` (`id_forma_de_pagamento`)
) ENGINE=InnoDB AUTO_INCREMENT=2344 DEFAULT CHARSET=utf8mb4 COLLATE=utf8mb4_0900_ai_ci;
/*!40101 SET character_set_client = @saved_cs_client */;

--
-- Dumping data for table `factura_venda_produto`
--

LOCK TABLES `factura_venda_produto` WRITE;
/*!40000 ALTER TABLE `factura_venda_produto` DISABLE KEYS */;
INSERT INTO `factura_venda_produto` VALUES (1,4,'2023-10-04',800,1,'2023-10-04 13:29:30',NULL),(2,4,'2023-10-04',650,1,'2023-10-04 13:32:31',NULL),(3,4,'2023-10-04',550,1,'2023-10-04 13:36:10',NULL),(4,4,'2023-10-04',700,1,'2023-10-04 13:43:15',NULL),(5,5,'2023-10-04',1250,1,'2023-10-04 13:52:01',NULL),(6,5,'2023-10-04',250,1,'2023-10-04 13:56:59',NULL),(7,4,'2023-10-04',1100,1,'2023-10-04 14:05:58',NULL),(8,4,'2023-10-04',1050,1,'2023-10-04 14:09:30',NULL),(9,4,'2023-10-04',650,1,'2023-10-04 14:11:40',NULL),(10,4,'2023-10-04',1000,1,'2023-10-04 14:14:00',NULL),(11,4,'2023-10-04',250,1,'2023-10-04 14:18:14',NULL),(12,4,'2023-10-04',200,1,'2023-10-04 14:19:07',NULL),(13,4,'2023-10-04',900,1,'2023-10-04 14:20:30',NULL),(14,4,'2023-10-04',400,1,'2023-10-04 14:22:09',NULL),(15,4,'2023-10-04',1150,1,'2023-10-04 14:24:15',NULL),(16,4,'2023-10-04',300,1,'2023-10-04 14:25:06',NULL),(17,4,'2023-10-04',150,1,'2023-10-04 14:28:33',NULL),(18,4,'2023-10-04',0,1,'2023-10-04 14:29:13',NULL),(19,4,'2023-10-04',2500,1,'2023-10-04 14:43:14',NULL),(20,4,'2023-10-04',50,1,'2023-10-04 14:44:04',NULL),(21,4,'2023-10-04',750,1,'2023-10-04 14:47:48',NULL),(22,4,'2023-10-04',300,1,'2023-10-04 14:51:57',NULL),(23,4,'2023-10-04',1050,2,'2023-10-04 14:53:38',NULL),(24,4,'2023-10-04',200,1,'2023-10-04 14:54:11',NULL),(25,4,'2023-10-04',50,1,'2023-10-04 14:54:32',NULL),(26,4,'2023-10-04',50,1,'2023-10-04 14:55:20',NULL),(27,4,'2023-10-04',250,1,'2023-10-04 14:56:20',NULL),(28,4,'2023-10-04',1600,1,'2023-10-04 15:00:14',NULL),(29,4,'2023-10-04',1650,1,'2023-10-04 15:07:39',NULL),(30,4,'2023-10-04',0,1,'2023-10-04 15:07:41',NULL),(31,4,'2023-10-04',200,1,'2023-10-04 16:23:31',NULL),(32,4,'2023-10-04',0,1,'2023-10-04 16:23:34',NULL),(33,4,'2023-10-04',1000,1,'2023-10-04 16:25:31',NULL),(34,4,'2023-10-04',750,1,'2023-10-04 16:28:09',NULL),(35,4,'2023-10-04',650,1,'2023-10-04 16:50:37',NULL),(36,4,'2023-10-04',2400,1,'2023-10-04 16:52:24',NULL),(37,4,'2023-10-04',300,1,'2023-10-04 16:53:56',NULL),(38,4,'2023-10-04',650,1,'2023-10-04 17:02:03',NULL),(39,4,'2023-10-04',650,1,'2023-10-04 17:06:58',NULL),(40,4,'2023-10-04',1900,1,'2023-10-04 17:08:27',NULL),(41,4,'2023-10-04',1200,1,'2023-10-04 17:09:57',NULL),(42,4,'2023-10-04',650,1,'2023-10-04 17:20:20',NULL),(43,4,'2023-10-04',0,1,'2023-10-04 17:20:28',NULL),(44,4,'2023-10-04',500,1,'2023-10-04 17:21:07',NULL),(45,4,'2023-10-04',600,1,'2023-10-04 17:22:01',NULL),(46,4,'2023-10-04',1900,1,'2023-10-04 17:23:28',NULL),(47,4,'2023-10-04',300,1,'2023-10-04 17:24:42',NULL),(48,4,'2023-10-05',800,1,'2023-10-05 10:05:48',NULL),(49,4,'2023-10-05',700,1,'2023-10-05 10:06:17',NULL),(50,4,'2023-10-05',750,1,'2023-10-05 10:06:50',NULL),(51,4,'2023-10-05',1700,1,'2023-10-05 10:08:09',NULL),(52,4,'2023-10-05',0,1,'2023-10-05 10:08:13',NULL),(53,4,'2023-10-05',600,1,'2023-10-05 10:09:46',NULL),(54,4,'2023-10-05',200,1,'2023-10-05 10:11:24',NULL),(55,4,'2023-10-05',450,1,'2023-10-05 10:12:02',NULL),(56,4,'2023-10-05',800,1,'2023-10-05 10:12:48',NULL),(57,4,'2023-10-05',200,1,'2023-10-05 11:15:53',NULL),(58,4,'2023-10-05',1800,1,'2023-10-05 11:20:22',NULL),(59,4,'2023-10-05',750,1,'2023-10-05 11:22:07',NULL),(60,4,'2023-10-05',350,1,'2023-10-05 11:25:29',NULL),(61,4,'2023-10-05',200,1,'2023-10-05 11:28:11',NULL),(62,4,'2023-10-05',100,1,'2023-10-05 11:30:30',NULL),(63,4,'2023-10-05',350,1,'2023-10-05 11:32:12',NULL),(64,4,'2023-10-05',1150,1,'2023-10-05 11:33:25',NULL),(65,4,'2023-10-05',2600,1,'2023-10-05 11:36:42',NULL),(66,4,'2023-10-05',1300,1,'2023-10-05 11:37:55',NULL),(67,4,'2023-10-05',550,1,'2023-10-05 11:39:04',NULL),(68,4,'2023-10-05',550,1,'2023-10-05 11:39:51',NULL),(69,4,'2023-10-05',1550,1,'2023-10-05 11:48:28',NULL),(70,4,'2023-10-05',750,1,'2023-10-05 13:08:02',NULL),(71,4,'2023-10-05',2850,1,'2023-10-05 13:14:21',NULL),(72,4,'2023-10-05',600,1,'2023-10-05 13:33:28',NULL),(73,4,'2023-10-05',250,1,'2023-10-05 13:43:06',NULL),(74,4,'2023-10-05',400,1,'2023-10-05 13:45:07',NULL),(75,4,'2023-10-05',550,1,'2023-10-05 15:00:21',NULL),(76,4,'2023-10-05',450,1,'2023-10-05 16:25:22',NULL),(77,4,'2023-10-05',1850,1,'2023-10-05 16:43:01',NULL),(78,4,'2023-10-05',1150,1,'2023-10-05 16:46:03',NULL),(79,4,'2023-10-05',2550,1,'2023-10-05 16:48:04',NULL),(80,4,'2023-10-05',3750,1,'2023-10-05 16:49:59',NULL),(81,4,'2023-10-05',2000,1,'2023-10-05 16:51:21',NULL),(82,4,'2023-10-05',450,1,'2023-10-05 16:53:20',NULL),(83,4,'2023-10-05',0,1,'2023-10-05 16:53:23',NULL),(84,4,'2023-10-05',2750,1,'2023-10-05 16:57:45',NULL),(85,4,'2023-10-05',2000,1,'2023-10-05 16:58:51',NULL),(86,4,'2023-10-05',4700,1,'2023-10-05 17:00:10',NULL),(87,4,'2023-10-05',1750,1,'2023-10-05 17:04:19',NULL),(88,4,'2023-10-05',1800,1,'2023-10-05 17:06:07',NULL),(89,4,'2023-10-05',1200,1,'2023-10-05 17:07:47',NULL),(90,4,'2023-10-05',4150,1,'2023-10-05 17:09:07',NULL),(91,4,'2023-10-05',2700,1,'2023-10-05 17:15:18',NULL),(92,4,'2023-10-05',1400,1,'2023-10-05 17:16:12',NULL),(93,4,'2023-10-05',1050,2,'2023-10-05 17:17:40',NULL),(94,4,'2023-10-05',1000,2,'2023-10-05 17:18:27',NULL),(95,4,'2023-10-05',500,2,'2023-10-05 17:21:29',NULL),(96,4,'2023-10-05',450,2,'2023-10-05 17:25:59',NULL),(97,4,'2023-10-05',700,2,'2023-10-05 17:29:00',NULL),(98,4,'2023-10-05',600,2,'2023-10-05 17:37:03',NULL),(99,4,'2023-10-05',3250,1,'2023-10-05 18:00:40',NULL),(100,4,'2023-10-06',650,1,'2023-10-06 09:44:17',NULL),(101,4,'2023-10-06',1050,1,'2023-10-06 09:45:40',NULL),(102,4,'2023-10-06',450,1,'2023-10-06 09:46:24',NULL),(103,4,'2023-10-06',1600,1,'2023-10-06 09:47:12',NULL),(104,4,'2023-10-06',700,1,'2023-10-06 09:48:04',NULL),(105,4,'2023-10-06',950,1,'2023-10-06 09:52:45',NULL),(106,4,'2023-10-06',2000,1,'2023-10-06 09:54:52',NULL),(107,4,'2023-10-06',600,1,'2023-10-06 10:10:59',NULL),(108,4,'2023-10-06',2400,1,'2023-10-06 10:12:08',NULL),(109,4,'2023-10-06',1450,1,'2023-10-06 10:28:41',NULL),(110,4,'2023-10-06',450,1,'2023-10-06 10:32:17',NULL),(111,4,'2023-10-06',375,1,'2023-10-06 10:39:48',NULL),(112,4,'2023-10-06',150,1,'2023-10-06 10:45:43',NULL),(113,4,'2023-10-06',200,1,'2023-10-06 10:52:15',NULL),(114,4,'2023-10-06',50,1,'2023-10-06 11:19:53',NULL),(115,4,'2023-10-06',400,1,'2023-10-06 11:24:55',NULL),(116,4,'2023-10-06',5200,1,'2023-10-06 11:28:21',NULL),(117,4,'2023-10-06',1250,1,'2023-10-06 11:37:17',NULL),(118,4,'2023-10-06',5750,1,'2023-10-06 12:07:01',NULL),(119,4,'2023-10-06',750,1,'2023-10-06 12:21:14',NULL),(120,4,'2023-10-06',700,1,'2023-10-06 12:25:04',NULL),(121,4,'2023-10-06',100,1,'2023-10-06 12:29:24',NULL),(122,4,'2023-10-06',1150,1,'2023-10-06 12:30:38',NULL),(123,4,'2023-10-06',650,1,'2023-10-06 12:33:58',NULL),(124,4,'2023-10-06',1050,1,'2023-10-06 13:03:02',NULL),(125,4,'2023-10-06',1400,1,'2023-10-06 13:07:32',NULL),(126,4,'2023-10-06',200,1,'2023-10-06 13:15:10',NULL),(127,4,'2023-10-06',2150,1,'2023-10-06 13:42:21',NULL),(128,4,'2023-10-06',350,1,'2023-10-06 14:24:30',NULL),(129,4,'2023-10-06',3500,1,'2023-10-06 14:30:09',NULL),(130,4,'2023-10-06',100,1,'2023-10-06 14:46:00',NULL),(131,4,'2023-10-06',1050,2,'2023-10-06 14:51:52',NULL),(132,4,'2023-10-06',250,2,'2023-10-06 14:55:56',NULL),(133,4,'2023-10-06',200,1,'2023-10-06 15:02:37',NULL),(134,4,'2023-10-06',0,1,'2023-10-06 15:02:45',NULL),(135,4,'2023-10-06',800,1,'2023-10-06 15:07:56',NULL),(136,4,'2023-10-06',2200,1,'2023-10-06 15:30:09',NULL),(137,4,'2023-10-06',0,1,'2023-10-06 15:30:12',NULL),(138,4,'2023-10-06',1750,1,'2023-10-06 15:31:01',NULL),(139,4,'2023-10-06',700,1,'2023-10-06 15:57:20',NULL),(140,4,'2023-10-06',1650,1,'2023-10-06 15:59:49',NULL),(141,4,'2023-10-06',1200,1,'2023-10-06 16:01:09',NULL),(142,4,'2023-10-06',6300,1,'2023-10-06 16:05:14',NULL),(143,4,'2023-10-06',4300,1,'2023-10-06 16:06:00',NULL),(144,4,'2023-10-06',1050,1,'2023-10-06 16:25:51',NULL),(145,4,'2023-10-06',50,1,'2023-10-06 16:40:47',NULL),(146,4,'2023-10-06',2200,1,'2023-10-06 16:45:05',NULL),(147,4,'2023-10-06',1650,1,'2023-10-06 17:02:47',NULL),(148,4,'2023-10-06',3550,1,'2023-10-06 17:27:14',NULL),(149,4,'2023-10-06',8600,1,'2023-10-06 17:38:29',NULL),(150,4,'2023-10-06',0,1,'2023-10-06 17:56:03',NULL),(151,4,'2023-10-06',4300,1,'2023-10-06 18:09:19',NULL),(152,4,'2023-10-06',1800,1,'2023-10-06 18:10:11',NULL),(153,4,'2023-10-06',275,1,'2023-10-06 18:19:12',NULL),(154,4,'2023-10-06',4800,1,'2023-10-06 18:52:07',NULL),(155,4,'2023-10-06',2100,1,'2023-10-06 18:53:03',NULL),(156,4,'2023-10-09',400,1,'2023-10-09 10:35:37',NULL),(157,4,'2023-10-09',1100,1,'2023-10-09 10:41:03',NULL),(158,4,'2023-10-09',1700,1,'2023-10-09 11:27:47',NULL),(159,4,'2023-10-09',2200,1,'2023-10-09 11:28:52',NULL),(160,4,'2023-10-09',3250,1,'2023-10-09 11:44:41',NULL),(161,4,'2023-10-09',2775,1,'2023-10-09 11:46:50',NULL),(162,4,'2023-10-09',2250,1,'2023-10-09 11:48:48',NULL),(163,4,'2023-10-09',4150,1,'2023-10-09 11:53:02',NULL),(164,4,'2023-10-09',2350,1,'2023-10-09 11:54:25',NULL),(165,4,'2023-10-09',1300,1,'2023-10-09 12:00:14',NULL),(166,4,'2023-10-09',2000,2,'2023-10-09 12:01:57',NULL),(167,4,'2023-10-09',250,1,'2023-10-09 12:02:45',NULL),(168,4,'2023-10-09',150,1,'2023-10-09 12:07:27',NULL),(169,4,'2023-10-09',200,1,'2023-10-09 12:11:43',NULL),(170,4,'2023-10-09',350,1,'2023-10-09 12:14:17',NULL),(171,4,'2023-10-09',300,1,'2023-10-09 12:32:18',NULL),(172,4,'2023-10-09',775,1,'2023-10-09 12:34:16',NULL),(173,4,'2023-10-09',2100,1,'2023-10-09 12:44:00',NULL),(174,4,'2023-10-09',2450,1,'2023-10-09 12:52:13',NULL),(175,4,'2023-10-09',900,1,'2023-10-09 13:08:30',NULL),(176,4,'2023-10-09',1550,1,'2023-10-09 13:45:32',NULL),(177,4,'2023-10-09',0,1,'2023-10-09 13:47:23',NULL),(178,4,'2023-10-09',6400,1,'2023-10-09 13:49:17',NULL),(179,4,'2023-10-09',50,1,'2023-10-09 14:16:24',NULL),(180,4,'2023-10-09',2850,1,'2023-10-09 14:33:19',NULL),(181,4,'2023-10-09',250,1,'2023-10-09 14:44:50',NULL),(182,4,'2023-10-09',500,1,'2023-10-09 14:50:49',NULL),(183,4,'2023-10-09',2400,1,'2023-10-09 14:57:52',NULL),(184,4,'2023-10-09',2950,1,'2023-10-09 15:14:41',NULL),(185,4,'2023-10-09',2850,1,'2023-10-09 15:15:46',NULL),(186,4,'2023-10-09',200,1,'2023-10-09 15:17:48',NULL),(187,4,'2023-10-09',100,1,'2023-10-09 15:24:52',NULL),(188,4,'2023-10-09',250,1,'2023-10-09 15:28:59',NULL),(189,4,'2023-10-09',3100,1,'2023-10-09 15:57:09',NULL),(190,4,'2023-10-09',900,1,'2023-10-09 16:01:34',NULL),(191,4,'2023-10-09',0,1,'2023-10-09 16:01:36',NULL),(192,4,'2023-10-09',1100,1,'2023-10-09 16:03:33',NULL),(193,4,'2023-10-09',100,1,'2023-10-09 16:12:41',NULL),(194,4,'2023-10-09',1350,1,'2023-10-09 16:23:31',NULL),(195,4,'2023-10-09',450,1,'2023-10-09 16:37:18',NULL),(196,4,'2023-10-09',0,1,'2023-10-09 16:37:21',NULL),(197,4,'2023-10-09',1500,1,'2023-10-09 16:58:33',NULL),(198,4,'2023-10-09',2500,1,'2023-10-09 17:15:43',NULL),(199,4,'2023-10-09',2500,1,'2023-10-09 17:22:27',NULL),(200,4,'2023-10-09',200,1,'2023-10-09 17:23:49',NULL),(201,4,'2023-10-09',800,1,'2023-10-09 17:43:20',NULL),(202,4,'2023-10-09',1200,1,'2023-10-09 17:53:30',NULL),(203,4,'2023-10-10',750,1,'2023-10-10 08:37:19',NULL),(204,4,'2023-10-10',2400,1,'2023-10-10 08:38:01',NULL),(205,4,'2023-10-10',300,1,'2023-10-10 08:54:20',NULL),(206,4,'2023-10-10',500,1,'2023-10-10 09:25:10',NULL),(207,4,'2023-10-10',600,1,'2023-10-10 09:36:25',NULL),(208,4,'2023-10-10',1900,1,'2023-10-10 09:38:50',NULL),(209,4,'2023-10-10',600,1,'2023-10-10 09:39:49',NULL),(210,4,'2023-10-10',1350,1,'2023-10-10 09:40:33',NULL),(211,4,'2023-10-10',1500,1,'2023-10-10 09:40:59',NULL),(212,4,'2023-10-10',3300,1,'2023-10-10 09:42:50',NULL),(213,4,'2023-10-10',900,1,'2023-10-10 09:44:36',NULL),(214,4,'2023-10-10',1050,1,'2023-10-10 09:48:31',NULL),(215,4,'2023-10-10',950,1,'2023-10-10 09:52:04',NULL),(216,4,'2023-10-10',100,1,'2023-10-10 09:54:51',NULL),(217,4,'2023-10-10',100,1,'2023-10-10 09:55:15',NULL),(218,4,'2023-10-10',100,1,'2023-10-10 10:05:57',NULL),(219,4,'2023-10-10',200,1,'2023-10-10 10:27:09',NULL),(220,4,'2023-10-10',800,1,'2023-10-10 11:16:12',NULL),(221,4,'2023-10-10',2100,1,'2023-10-10 11:17:11',NULL),(222,4,'2023-10-10',300,1,'2023-10-10 11:18:45',NULL),(223,4,'2023-10-10',1100,1,'2023-10-10 11:21:09',NULL),(224,4,'2023-10-10',1000,1,'2023-10-10 11:24:05',NULL),(225,4,'2023-10-10',100,1,'2023-10-10 11:28:00',NULL),(226,4,'2023-10-10',1000,1,'2023-10-10 11:31:14',NULL),(227,4,'2023-10-10',700,1,'2023-10-10 11:32:10',NULL),(228,4,'2023-10-10',1550,1,'2023-10-10 11:35:02',NULL),(229,4,'2023-10-10',500,1,'2023-10-10 11:35:45',NULL),(230,4,'2023-10-10',400,1,'2023-10-10 11:37:56',NULL),(231,4,'2023-10-10',1150,1,'2023-10-10 12:03:19',NULL),(232,4,'2023-10-10',1900,1,'2023-10-10 12:04:35',NULL),(233,4,'2023-10-10',1150,1,'2023-10-10 12:26:36',NULL),(234,4,'2023-10-10',800,1,'2023-10-10 12:28:22',NULL),(235,4,'2023-10-10',200,1,'2023-10-10 12:29:23',NULL),(236,4,'2023-10-10',850,1,'2023-10-10 12:42:29',NULL),(237,4,'2023-10-10',2150,1,'2023-10-10 12:44:14',NULL),(238,4,'2023-10-10',1200,1,'2023-10-10 13:01:48',NULL),(239,4,'2023-10-10',100,1,'2023-10-10 13:06:57',NULL),(240,4,'2023-10-10',250,1,'2023-10-10 13:10:00',NULL),(241,4,'2023-10-10',900,1,'2023-10-10 13:25:25',NULL),(242,4,'2023-10-10',350,1,'2023-10-10 13:47:56',NULL),(243,4,'2023-10-10',800,1,'2023-10-10 14:11:55',NULL),(244,4,'2023-10-10',1400,1,'2023-10-10 14:47:49',NULL),(245,4,'2023-10-10',4100,1,'2023-10-10 15:05:40',NULL),(246,4,'2023-10-10',200,1,'2023-10-10 15:06:19',NULL),(247,4,'2023-10-10',200,1,'2023-10-10 15:07:49',NULL),(248,4,'2023-10-10',2400,1,'2023-10-10 15:08:42',NULL),(249,4,'2023-10-10',1050,1,'2023-10-10 15:15:47',NULL),(250,4,'2023-10-10',0,1,'2023-10-10 15:57:34',NULL),(251,4,'2023-10-10',2350,1,'2023-10-10 16:36:11',NULL),(252,4,'2023-10-10',800,1,'2023-10-10 16:39:11',NULL),(253,4,'2023-10-10',900,1,'2023-10-10 16:39:49',NULL),(254,4,'2023-10-10',1600,1,'2023-10-10 16:41:37',NULL),(255,4,'2023-10-10',600,1,'2023-10-10 16:43:27',NULL),(256,4,'2023-10-10',4900,1,'2023-10-10 16:44:18',NULL),(257,4,'2023-10-10',400,1,'2023-10-10 16:44:46',NULL),(258,4,'2023-10-10',900,1,'2023-10-10 16:46:47',NULL),(259,4,'2023-10-10',1100,1,'2023-10-10 16:50:25',NULL),(260,4,'2023-10-10',650,1,'2023-10-10 16:51:27',NULL),(261,4,'2023-10-10',1350,1,'2023-10-10 16:53:52',NULL),(262,4,'2023-10-10',5600,1,'2023-10-10 16:57:26',NULL),(263,4,'2023-10-10',4500,1,'2023-10-10 16:58:07',NULL),(264,4,'2023-10-10',2250,1,'2023-10-10 17:04:51',NULL),(265,4,'2023-10-10',100,1,'2023-10-10 17:06:11',NULL),(266,4,'2023-10-10',400,1,'2023-10-10 17:10:55',NULL),(267,4,'2023-10-10',400,1,'2023-10-10 17:17:34',NULL),(268,5,'2023-10-11',300,1,'2023-10-11 09:04:16',NULL),(269,4,'2023-10-11',1450,1,'2023-10-11 10:11:01',NULL),(270,4,'2023-10-11',1700,1,'2023-10-11 10:12:38',NULL),(271,4,'2023-10-11',400,1,'2023-10-11 10:13:16',NULL),(272,4,'2023-10-11',850,1,'2023-10-11 10:15:09',NULL),(273,4,'2023-10-11',500,1,'2023-10-11 10:28:25',NULL),(274,4,'2023-10-11',1850,1,'2023-10-11 11:23:37',NULL),(275,4,'2023-10-11',600,1,'2023-10-11 11:47:44',NULL),(276,4,'2023-10-11',1250,1,'2023-10-11 11:58:10',NULL),(277,4,'2023-10-11',1000,1,'2023-10-11 11:59:16',NULL),(278,4,'2023-10-11',950,1,'2023-10-11 12:04:52',NULL),(279,4,'2023-10-11',1300,1,'2023-10-11 12:10:17',NULL),(280,4,'2023-10-11',4200,1,'2023-10-11 12:14:44',NULL),(281,4,'2023-10-11',2150,1,'2023-10-11 12:18:11',NULL),(282,4,'2023-10-11',1350,1,'2023-10-11 12:27:18',NULL),(283,4,'2023-10-11',1000,1,'2023-10-11 12:44:35',NULL),(284,4,'2023-10-11',700,1,'2023-10-11 12:49:46',NULL),(285,4,'2023-10-11',2650,1,'2023-10-11 13:05:24',NULL),(286,4,'2023-10-11',100,1,'2023-10-11 13:11:38',NULL),(287,4,'2023-10-11',100,1,'2023-10-11 13:14:03',NULL),(288,4,'2023-10-11',100,1,'2023-10-11 13:15:33',NULL),(289,4,'2023-10-11',250,1,'2023-10-11 13:30:56',NULL),(290,4,'2023-10-11',300,1,'2023-10-11 13:33:51',NULL),(291,4,'2023-10-11',850,1,'2023-10-11 13:43:25',NULL),(292,4,'2023-10-11',450,1,'2023-10-11 13:48:45',NULL),(293,4,'2023-10-11',550,1,'2023-10-11 14:07:09',NULL),(294,4,'2023-10-11',300,1,'2023-10-11 14:09:19',NULL),(295,4,'2023-10-11',800,1,'2023-10-11 14:21:49',NULL),(296,4,'2023-10-11',1700,1,'2023-10-11 14:59:22',NULL),(297,4,'2023-10-11',1700,1,'2023-10-11 15:54:49',NULL),(298,4,'2023-10-11',2200,1,'2023-10-11 15:56:40',NULL),(299,4,'2023-10-11',2750,1,'2023-10-11 16:01:48',NULL),(300,4,'2023-10-11',7350,1,'2023-10-11 16:04:27',NULL),(301,4,'2023-10-11',1250,1,'2023-10-11 16:07:30',NULL),(302,4,'2023-10-11',4000,1,'2023-10-11 16:19:16',NULL),(303,4,'2023-10-11',800,1,'2023-10-11 16:23:00',NULL),(304,4,'2023-10-11',1050,1,'2023-10-11 16:25:58',NULL),(305,4,'2023-10-11',1500,1,'2023-10-11 16:49:10',NULL),(306,4,'2023-10-11',300,1,'2023-10-11 16:49:57',NULL),(307,4,'2023-10-11',800,1,'2023-10-11 16:50:19',NULL),(308,4,'2023-10-11',450,1,'2023-10-11 16:52:29',NULL),(309,4,'2023-10-11',700,1,'2023-10-11 17:11:40',NULL),(310,4,'2023-10-11',1000,1,'2023-10-11 17:35:22',NULL),(311,4,'2023-10-11',0,1,'2023-10-11 17:36:00',NULL),(312,4,'2023-10-12',2650,1,'2023-10-12 13:08:50',NULL),(313,4,'2023-10-12',2900,1,'2023-10-12 13:11:15',NULL),(314,4,'2023-10-12',6400,1,'2023-10-12 13:12:00',NULL),(315,4,'2023-10-12',4800,1,'2023-10-12 13:12:54',NULL),(316,4,'2023-10-12',1750,1,'2023-10-12 13:13:52',NULL),(317,4,'2023-10-12',4950,1,'2023-10-12 13:15:21',NULL),(318,4,'2023-10-12',3350,1,'2023-10-12 13:20:32',NULL),(319,4,'2023-10-12',800,1,'2023-10-12 13:27:47',NULL),(320,4,'2023-10-12',2350,1,'2023-10-12 13:53:49',NULL),(321,4,'2023-10-12',1200,1,'2023-10-12 14:01:43',NULL),(322,4,'2023-10-12',1550,2,'2023-10-12 14:28:33',NULL),(323,4,'2023-10-12',1200,1,'2023-10-12 14:51:54',NULL),(324,4,'2023-10-12',6600,1,'2023-10-12 15:56:42',NULL),(325,4,'2023-10-12',4000,1,'2023-10-12 16:00:32',NULL),(326,4,'2023-10-12',7250,1,'2023-10-12 16:04:31',NULL),(327,4,'2023-10-12',1100,1,'2023-10-12 16:05:30',NULL),(328,4,'2023-10-12',1850,1,'2023-10-12 16:06:33',NULL),(329,4,'2023-10-12',1725,1,'2023-10-12 16:58:26',NULL),(330,4,'2023-10-12',300,1,'2023-10-12 16:58:49',NULL),(331,4,'2023-10-12',250,1,'2023-10-12 17:44:42',NULL),(332,4,'2023-10-13',1500,1,'2023-10-13 09:52:48',NULL),(333,4,'2023-10-13',850,1,'2023-10-13 09:55:10',NULL),(334,4,'2023-10-13',200,1,'2023-10-13 09:56:34',NULL),(335,4,'2023-10-13',1650,2,'2023-10-13 11:41:27',NULL),(336,4,'2023-10-13',0,2,'2023-10-13 11:52:05',NULL),(337,4,'2023-10-13',2250,1,'2023-10-13 11:55:39',NULL),(338,4,'2023-10-13',250,1,'2023-10-13 12:44:15',NULL),(339,5,'2023-10-13',2050,2,'2023-10-13 12:46:24',NULL),(340,5,'2023-10-13',3650,1,'2023-10-13 13:04:29',NULL),(341,5,'2023-10-13',1350,1,'2023-10-13 13:20:02',NULL),(342,5,'2023-10-13',1700,1,'2023-10-13 13:21:19',NULL),(343,5,'2023-10-13',1250,1,'2023-10-13 13:42:47',NULL),(344,5,'2023-10-13',300,1,'2023-10-13 13:49:51',NULL),(345,5,'2023-10-13',1400,1,'2023-10-13 14:17:23',NULL),(346,5,'2023-10-13',2350,1,'2023-10-13 14:21:54',NULL),(347,5,'2023-10-13',3200,1,'2023-10-13 14:22:31',NULL),(348,4,'2023-10-16',1300,1,'2023-10-16 16:04:11',NULL),(349,4,'2023-10-16',1500,1,'2023-10-16 16:08:37',NULL),(350,4,'2023-10-16',3200,1,'2023-10-16 16:16:37',NULL),(351,4,'2023-10-16',350,1,'2023-10-16 16:17:58',NULL),(352,4,'2023-10-16',800,1,'2023-10-16 16:51:45',NULL),(353,4,'2023-10-16',950,1,'2023-10-16 16:52:20',NULL),(354,4,'2023-10-16',3400,1,'2023-10-16 16:53:32',NULL),(355,4,'2023-10-16',1050,1,'2023-10-16 16:54:55',NULL),(356,4,'2023-10-16',1000,1,'2023-10-16 16:55:39',NULL),(357,4,'2023-10-16',800,1,'2023-10-16 16:57:58',NULL),(358,4,'2023-10-16',200,1,'2023-10-16 17:01:37',NULL),(359,4,'2023-10-16',1100,1,'2023-10-16 17:09:12',NULL),(360,4,'2023-10-16',700,1,'2023-10-16 17:09:52',NULL),(361,4,'2023-10-16',4350,1,'2023-10-16 17:13:37',NULL),(362,4,'2023-10-16',1600,1,'2023-10-16 17:14:57',NULL),(363,4,'2023-10-16',1600,1,'2023-10-16 17:15:36',NULL),(364,4,'2023-10-16',3100,1,'2023-10-16 17:29:46',NULL),(365,4,'2023-10-16',600,1,'2023-10-16 17:31:41',NULL),(366,4,'2023-10-16',3100,1,'2023-10-16 17:39:10',NULL),(367,4,'2023-10-16',1450,1,'2023-10-16 17:49:00',NULL),(368,4,'2023-10-17',1725,1,'2023-10-17 08:47:12',NULL),(369,4,'2023-10-17',850,2,'2023-10-17 11:27:28',NULL),(370,4,'2023-10-17',1900,1,'2023-10-17 11:34:57',NULL),(371,4,'2023-10-17',400,1,'2023-10-17 11:35:43',NULL),(372,4,'2023-10-17',800,1,'2023-10-17 11:47:24',NULL),(373,4,'2023-10-17',1400,1,'2023-10-17 11:55:26',NULL),(374,4,'2023-10-17',200,1,'2023-10-17 11:56:34',NULL),(375,4,'2023-10-17',1700,1,'2023-10-17 11:57:24',NULL),(376,4,'2023-10-17',2900,1,'2023-10-17 11:58:48',NULL),(377,6,'2023-10-17',100,1,'2023-10-17 12:02:00',NULL),(378,4,'2023-10-17',1300,1,'2023-10-17 12:29:52',NULL),(379,4,'2023-10-17',1300,1,'2023-10-17 12:45:59',NULL),(380,4,'2023-10-17',3000,1,'2023-10-17 12:54:10',NULL),(381,4,'2023-10-17',900,1,'2023-10-17 12:55:36',NULL),(382,4,'2023-10-17',750,1,'2023-10-17 12:56:16',NULL),(383,4,'2023-10-17',450,1,'2023-10-17 12:56:39',NULL),(384,4,'2023-10-17',800,2,'2023-10-17 12:57:16',NULL),(385,4,'2023-10-17',1000,2,'2023-10-17 12:59:14',NULL),(386,4,'2023-10-17',4400,1,'2023-10-17 13:15:43',NULL),(387,4,'2023-10-17',800,1,'2023-10-17 13:16:29',NULL),(388,4,'2023-10-17',4250,1,'2023-10-17 13:18:10',NULL),(389,4,'2023-10-17',700,1,'2023-10-17 13:20:34',NULL),(390,4,'2023-10-17',200,1,'2023-10-17 13:23:01',NULL),(391,4,'2023-10-17',500,1,'2023-10-17 13:52:52',NULL),(392,4,'2023-10-17',700,1,'2023-10-17 14:08:36',NULL),(393,4,'2023-10-17',800,1,'2023-10-17 14:11:06',NULL),(394,4,'2023-10-17',1600,1,'2023-10-17 14:11:56',NULL),(395,4,'2023-10-17',900,1,'2023-10-17 14:15:15',NULL),(396,4,'2023-10-17',150,2,'2023-10-17 14:19:18',NULL),(397,4,'2023-10-17',1400,2,'2023-10-17 14:23:56',NULL),(398,4,'2023-10-17',1350,1,'2023-10-17 14:32:30',NULL),(399,4,'2023-10-17',100,1,'2023-10-17 14:34:08',NULL),(400,4,'2023-10-17',750,1,'2023-10-17 14:37:01',NULL),(401,4,'2023-10-17',250,1,'2023-10-17 14:38:20',NULL),(402,4,'2023-10-17',300,1,'2023-10-17 14:41:07',NULL),(403,4,'2023-10-17',1900,1,'2023-10-17 14:46:37',NULL),(404,4,'2023-10-17',100,1,'2023-10-17 14:48:52',NULL),(405,5,'2023-10-17',1450,1,'2023-10-17 18:14:56',NULL),(406,5,'2023-10-17',1000,1,'2023-10-17 18:23:26',NULL),(407,5,'2023-10-17',950,1,'2023-10-17 18:25:52',NULL),(408,5,'2023-10-17',1600,1,'2023-10-17 18:31:17',NULL),(409,5,'2023-10-17',1200,1,'2023-10-17 18:35:37',NULL),(410,5,'2023-10-17',0,1,'2023-10-17 18:35:47',NULL),(411,5,'2023-10-17',275,1,'2023-10-17 18:36:51',NULL),(412,5,'2023-10-17',800,1,'2023-10-17 18:40:25',NULL),(413,4,'2023-10-17',100,1,'2023-10-17 18:42:24',NULL),(414,4,'2023-10-17',700,1,'2023-10-17 18:53:47',NULL),(415,4,'2023-10-18',900,1,'2023-10-18 09:38:35',NULL),(416,4,'2023-10-18',1300,1,'2023-10-18 09:39:52',NULL),(417,4,'2023-10-18',1050,1,'2023-10-18 09:40:32',NULL),(418,4,'2023-10-18',2800,1,'2023-10-18 09:42:03',NULL),(419,4,'2023-10-18',600,1,'2023-10-18 09:43:37',NULL),(420,4,'2023-10-18',750,1,'2023-10-18 09:47:43',NULL),(421,4,'2023-10-18',1300,1,'2023-10-18 09:51:03',NULL),(422,4,'2023-10-18',300,1,'2023-10-18 09:53:13',NULL),(423,4,'2023-10-18',500,1,'2023-10-18 11:17:35',NULL),(424,4,'2023-10-18',3600,1,'2023-10-18 11:47:07',NULL),(425,4,'2023-10-18',500,1,'2023-10-18 11:48:20',NULL),(426,4,'2023-10-18',1450,1,'2023-10-18 11:49:40',NULL),(427,4,'2023-10-18',5200,2,'2023-10-18 11:51:17',NULL),(428,4,'2023-10-18',2800,2,'2023-10-18 11:53:42',NULL),(429,7,'2023-10-18',1900,1,'2023-10-18 11:54:43',NULL),(430,4,'2023-10-18',500,1,'2023-10-18 11:55:45',NULL),(431,4,'2023-10-18',50,1,'2023-10-18 11:57:09',NULL),(432,4,'2023-10-18',300,1,'2023-10-18 11:59:21',NULL),(433,4,'2023-10-18',300,1,'2023-10-18 12:00:18',NULL),(434,4,'2023-10-18',850,1,'2023-10-18 12:01:21',NULL),(435,4,'2023-10-18',1550,1,'2023-10-18 12:02:52',NULL),(436,4,'2023-10-18',250,1,'2023-10-18 12:03:46',NULL),(437,4,'2023-10-18',750,1,'2023-10-18 12:05:10',NULL),(438,4,'2023-10-18',300,1,'2023-10-18 12:06:21',NULL),(439,4,'2023-10-18',100,1,'2023-10-18 12:07:11',NULL),(440,4,'2023-10-18',150,1,'2023-10-18 12:08:27',NULL),(441,4,'2023-10-18',100,1,'2023-10-18 12:09:25',NULL),(442,4,'2023-10-18',400,1,'2023-10-18 12:11:01',NULL),(443,4,'2023-10-18',50,1,'2023-10-18 12:20:02',NULL),(444,4,'2023-10-18',100,1,'2023-10-18 12:29:13',NULL),(445,4,'2023-10-18',250,1,'2023-10-18 12:30:57',NULL),(446,4,'2023-10-18',350,1,'2023-10-18 12:33:50',NULL),(447,4,'2023-10-18',500,1,'2023-10-18 12:39:21',NULL),(448,4,'2023-10-18',650,2,'2023-10-18 12:40:35',NULL),(449,4,'2023-10-18',100,1,'2023-10-18 12:41:46',NULL),(450,4,'2023-10-18',1050,1,'2023-10-18 12:43:50',NULL),(451,4,'2023-10-18',2000,1,'2023-10-18 13:01:58',NULL),(452,4,'2023-10-18',200,1,'2023-10-18 13:02:55',NULL),(453,4,'2023-10-18',1600,1,'2023-10-18 13:03:25',NULL),(454,4,'2023-10-18',800,1,'2023-10-18 13:04:37',NULL),(455,4,'2023-10-18',200,1,'2023-10-18 13:10:03',NULL),(456,4,'2023-10-18',1600,1,'2023-10-18 13:15:54',NULL),(457,4,'2023-10-18',50,1,'2023-10-18 13:46:04',NULL),(458,4,'2023-10-18',150,1,'2023-10-18 16:14:39',NULL),(459,4,'2023-10-18',300,1,'2023-10-18 16:15:29',NULL),(460,4,'2023-10-18',1200,1,'2023-10-18 16:50:38',NULL),(461,4,'2023-10-18',1100,1,'2023-10-18 16:52:17',NULL),(462,4,'2023-10-18',1000,2,'2023-10-18 17:24:29',NULL),(463,4,'2023-10-18',650,2,'2023-10-18 17:25:16',NULL),(464,4,'2023-10-18',1900,2,'2023-10-18 17:27:05',NULL),(465,4,'2023-10-18',1800,2,'2023-10-18 17:27:46',NULL),(466,4,'2023-10-18',350,1,'2023-10-18 17:30:58',NULL),(467,4,'2023-10-18',650,1,'2023-10-18 17:31:33',NULL),(468,4,'2023-10-18',1050,3,'2023-10-18 17:32:46',NULL),(469,4,'2023-10-18',500,1,'2023-10-18 17:33:36',NULL),(470,8,'2023-10-18',500,1,'2023-10-18 17:34:28',NULL),(471,8,'2023-10-18',1750,1,'2023-10-18 17:37:31',NULL),(472,8,'2023-10-18',900,1,'2023-10-18 17:40:45',NULL),(473,4,'2023-10-18',0,1,'2023-10-18 17:41:14',NULL),(474,4,'2023-10-18',900,1,'2023-10-18 17:45:20',NULL),(475,4,'2023-10-18',400,1,'2023-10-18 17:49:01',NULL),(476,4,'2023-10-18',950,1,'2023-10-18 17:49:51',NULL),(477,4,'2023-10-18',450,1,'2023-10-18 17:51:16',NULL),(478,4,'2023-10-18',1150,1,'2023-10-18 17:55:35',NULL),(479,4,'2023-10-18',0,1,'2023-10-18 17:55:38',NULL),(480,4,'2023-10-18',800,1,'2023-10-18 17:57:15',NULL),(481,4,'2023-10-18',750,1,'2023-10-18 17:57:53',NULL),(482,4,'2023-10-18',800,1,'2023-10-18 17:59:45',NULL),(483,4,'2023-10-18',600,1,'2023-10-18 18:00:18',NULL),(484,4,'2023-10-18',300,1,'2023-10-18 18:01:21',NULL),(485,4,'2023-10-18',1500,1,'2023-10-18 18:01:53',NULL),(486,4,'2023-10-18',2400,1,'2023-10-18 18:12:54',NULL),(487,4,'2023-10-18',700,1,'2023-10-18 18:14:04',NULL),(488,4,'2023-10-18',3200,1,'2023-10-18 18:14:33',NULL),(489,4,'2023-10-18',400,1,'2023-10-18 18:15:53',NULL),(490,4,'2023-10-18',750,1,'2023-10-18 18:17:05',NULL),(491,4,'2023-10-18',800,1,'2023-10-18 18:18:26',NULL),(492,4,'2023-10-18',100,1,'2023-10-18 18:19:12',NULL),(493,4,'2023-10-19',1050,1,'2023-10-19 11:45:23',NULL),(494,4,'2023-10-19',600,1,'2023-10-19 11:55:32',NULL),(495,4,'2023-10-19',400,1,'2023-10-19 11:57:16',NULL),(496,4,'2023-10-19',300,1,'2023-10-19 11:57:51',NULL),(497,4,'2023-10-19',450,1,'2023-10-19 12:01:59',NULL),(498,4,'2023-10-19',200,1,'2023-10-19 12:15:18',NULL),(499,4,'2023-10-19',400,1,'2023-10-19 12:17:28',NULL),(500,4,'2023-10-19',800,1,'2023-10-19 12:23:33',NULL),(501,4,'2023-10-19',400,1,'2023-10-19 12:25:44',NULL),(502,4,'2023-10-19',250,1,'2023-10-19 12:26:18',NULL),(503,4,'2023-10-19',200,1,'2023-10-19 12:27:05',NULL),(504,4,'2023-10-19',250,1,'2023-10-19 12:27:52',NULL),(505,4,'2023-10-19',300,1,'2023-10-19 12:28:45',NULL),(506,4,'2023-10-19',200,1,'2023-10-19 12:29:03',NULL),(507,4,'2023-10-19',300,1,'2023-10-19 12:29:30',NULL),(508,4,'2023-10-19',1200,1,'2023-10-19 12:30:20',NULL),(509,4,'2023-10-19',200,1,'2023-10-19 12:30:44',NULL),(510,4,'2023-10-19',100,1,'2023-10-19 12:31:15',NULL),(511,4,'2023-10-19',50,1,'2023-10-19 12:31:29',NULL),(512,4,'2023-10-19',400,1,'2023-10-19 12:34:27',NULL),(513,4,'2023-10-19',2000,1,'2023-10-19 12:35:57',NULL),(514,4,'2023-10-19',200,1,'2023-10-19 12:36:17',NULL),(515,4,'2023-10-19',300,1,'2023-10-19 12:37:14',NULL),(516,4,'2023-10-19',500,1,'2023-10-19 12:37:47',NULL),(517,4,'2023-10-19',1400,1,'2023-10-19 12:38:58',NULL),(518,4,'2023-10-19',300,1,'2023-10-19 12:40:00',NULL),(519,4,'2023-10-19',150,1,'2023-10-19 12:40:53',NULL),(520,4,'2023-10-19',200,1,'2023-10-19 12:53:43',NULL),(521,4,'2023-10-19',350,1,'2023-10-19 12:54:26',NULL),(522,4,'2023-10-19',100,1,'2023-10-19 12:56:09',NULL),(523,4,'2023-10-19',200,1,'2023-10-19 12:59:40',NULL),(524,4,'2023-10-19',700,1,'2023-10-19 13:03:22',NULL),(525,4,'2023-10-19',1100,1,'2023-10-19 13:03:50',NULL),(526,4,'2023-10-19',100,1,'2023-10-19 13:07:01',NULL),(527,4,'2023-10-19',900,1,'2023-10-19 13:08:32',NULL),(528,4,'2023-10-19',100,1,'2023-10-19 13:09:17',NULL),(529,4,'2023-10-19',1200,1,'2023-10-19 13:10:09',NULL),(530,4,'2023-10-19',700,1,'2023-10-19 13:11:15',NULL),(531,4,'2023-10-19',200,1,'2023-10-19 13:11:54',NULL),(532,4,'2023-10-19',600,1,'2023-10-19 13:13:36',NULL),(533,4,'2023-10-19',1700,1,'2023-10-19 13:14:18',NULL),(534,4,'2023-10-19',1000,1,'2023-10-19 13:15:03',NULL),(535,4,'2023-10-19',250,1,'2023-10-19 13:16:12',NULL),(536,4,'2023-10-19',300,1,'2023-10-19 13:16:41',NULL),(537,4,'2023-10-19',700,1,'2023-10-19 13:17:31',NULL),(538,4,'2023-10-19',300,1,'2023-10-19 13:19:12',NULL),(539,4,'2023-10-19',300,1,'2023-10-19 13:20:54',NULL),(540,4,'2023-10-19',200,1,'2023-10-19 13:22:52',NULL),(541,4,'2023-10-19',150,1,'2023-10-19 13:26:35',NULL),(542,4,'2023-10-19',1400,1,'2023-10-19 13:30:04',NULL),(543,4,'2023-10-19',200,1,'2023-10-19 13:32:20',NULL),(544,4,'2023-10-19',450,1,'2023-10-19 13:34:01',NULL),(545,4,'2023-10-19',650,1,'2023-10-19 13:35:33',NULL),(546,4,'2023-10-19',150,1,'2023-10-19 13:37:15',NULL),(547,4,'2023-10-19',3100,1,'2023-10-19 13:39:42',NULL),(548,4,'2023-10-19',300,1,'2023-10-19 13:40:57',NULL),(549,4,'2023-10-19',1600,1,'2023-10-19 13:41:39',NULL),(550,4,'2023-10-19',1600,1,'2023-10-19 13:42:25',NULL),(551,8,'2023-10-19',1600,1,'2023-10-19 14:00:17',NULL),(552,8,'2023-10-19',500,1,'2023-10-19 14:19:41',NULL),(553,4,'2023-10-19',450,1,'2023-10-19 15:17:59',NULL),(554,4,'2023-10-19',700,1,'2023-10-19 15:19:55',NULL),(555,4,'2023-10-19',150,1,'2023-10-19 15:20:54',NULL),(556,4,'2023-10-19',200,1,'2023-10-19 15:21:43',NULL),(557,4,'2023-10-19',400,1,'2023-10-19 15:25:10',NULL),(558,4,'2023-10-19',400,1,'2023-10-19 16:05:50',NULL),(559,4,'2023-10-19',450,1,'2023-10-19 16:07:00',NULL),(560,4,'2023-10-19',2750,1,'2023-10-19 16:09:32',NULL),(561,10,'2023-10-19',250,1,'2023-10-19 16:10:30',NULL),(562,11,'2023-10-19',950,1,'2023-10-19 16:25:32',NULL),(563,12,'2023-10-19',700,2,'2023-10-19 16:40:07',NULL),(564,4,'2023-10-19',750,1,'2023-10-19 16:42:16',NULL),(565,4,'2023-10-19',200,1,'2023-10-19 16:44:27',NULL),(566,4,'2023-10-19',750,1,'2023-10-19 16:49:01',NULL),(567,4,'2023-10-19',400,1,'2023-10-19 16:49:55',NULL),(568,4,'2023-10-19',550,1,'2023-10-19 16:52:17',NULL),(569,4,'2023-10-19',300,1,'2023-10-19 16:55:50',NULL),(570,4,'2023-10-19',400,1,'2023-10-19 16:57:15',NULL),(571,4,'2023-10-19',700,1,'2023-10-19 16:59:01',NULL),(572,4,'2023-10-19',950,1,'2023-10-19 17:00:17',NULL),(573,4,'2023-10-19',2200,1,'2023-10-19 17:01:01',NULL),(574,4,'2023-10-19',200,1,'2023-10-19 17:01:54',NULL),(575,4,'2023-10-19',300,1,'2023-10-19 17:02:29',NULL),(576,4,'2023-10-19',250,1,'2023-10-19 17:03:01',NULL),(577,4,'2023-10-19',750,1,'2023-10-19 17:04:52',NULL),(578,4,'2023-10-19',700,1,'2023-10-19 17:08:32',NULL),(579,4,'2023-10-19',500,1,'2023-10-19 17:10:27',NULL),(580,4,'2023-10-19',400,2,'2023-10-19 17:12:29',NULL),(581,4,'2023-10-19',900,1,'2023-10-19 17:14:03',NULL),(582,4,'2023-10-19',200,1,'2023-10-19 17:14:56',NULL),(583,4,'2023-10-19',400,1,'2023-10-19 17:16:12',NULL),(584,4,'2023-10-19',400,1,'2023-10-19 17:33:27',NULL),(585,5,'2023-10-19',700,2,'2023-10-19 17:39:03',NULL),(586,5,'2023-10-19',1000,1,'2023-10-19 17:44:34',NULL),(587,5,'2023-10-19',0,2,'2023-10-19 17:44:41',NULL),(588,5,'2023-10-19',400,1,'2023-10-19 17:45:08',NULL),(589,5,'2023-10-19',0,1,'2023-10-19 17:45:13',NULL),(590,5,'2023-10-19',0,1,'2023-10-19 17:45:23',NULL),(591,5,'2023-10-19',650,1,'2023-10-19 17:46:50',NULL),(592,5,'2023-10-19',1200,1,'2023-10-19 17:47:12',NULL),(593,5,'2023-10-19',2400,1,'2023-10-19 17:49:03',NULL),(594,5,'2023-10-19',250,1,'2023-10-19 17:49:58',NULL),(595,5,'2023-10-19',600,1,'2023-10-19 18:03:37',NULL),(596,5,'2023-10-19',750,1,'2023-10-19 18:04:31',NULL),(597,5,'2023-10-19',400,1,'2023-10-19 18:05:48',NULL),(598,5,'2023-10-19',900,1,'2023-10-19 18:17:30',NULL),(599,5,'2023-10-20',250,1,'2023-10-20 09:35:12',NULL),(600,4,'2023-10-20',200,1,'2023-10-20 10:28:52',NULL),(601,4,'2023-10-20',150,1,'2023-10-20 10:30:44',NULL),(602,4,'2023-10-20',350,1,'2023-10-20 10:33:10',NULL),(603,4,'2023-10-20',600,1,'2023-10-20 10:33:47',NULL),(604,4,'2023-10-20',50,1,'2023-10-20 10:37:41',NULL),(605,4,'2023-10-20',200,1,'2023-10-20 10:39:05',NULL),(606,4,'2023-10-20',50,1,'2023-10-20 10:39:22',NULL),(607,4,'2023-10-20',150,1,'2023-10-20 10:41:55',NULL),(608,4,'2023-10-20',200,1,'2023-10-20 10:42:31',NULL),(609,4,'2023-10-20',100,1,'2023-10-20 10:42:59',NULL),(610,4,'2023-10-20',0,1,'2023-10-20 11:07:50',NULL),(611,4,'2023-10-20',2000,2,'2023-10-20 11:10:52',NULL),(612,4,'2023-10-20',900,1,'2023-10-20 11:46:04',NULL),(613,4,'2023-10-20',450,1,'2023-10-20 11:49:20',NULL),(614,4,'2023-10-20',600,1,'2023-10-20 11:51:13',NULL),(615,4,'2023-10-20',1000,1,'2023-10-20 11:51:56',NULL),(616,4,'2023-10-20',150,1,'2023-10-20 11:55:39',NULL),(617,4,'2023-10-20',250,1,'2023-10-20 11:58:56',NULL),(618,4,'2023-10-20',400,1,'2023-10-20 12:01:15',NULL),(619,4,'2023-10-20',1700,1,'2023-10-20 12:03:32',NULL),(620,4,'2023-10-20',1450,1,'2023-10-20 12:05:27',NULL),(621,4,'2023-10-20',500,1,'2023-10-20 12:06:27',NULL),(622,4,'2023-10-20',1500,1,'2023-10-20 12:07:41',NULL),(623,4,'2023-10-20',800,1,'2023-10-20 12:10:03',NULL),(624,4,'2023-10-20',1250,1,'2023-10-20 12:23:06',NULL),(625,4,'2023-10-20',300,1,'2023-10-20 12:30:40',NULL),(626,4,'2023-10-20',0,1,'2023-10-20 12:30:41',NULL),(627,4,'2023-10-20',550,1,'2023-10-20 12:34:13',NULL),(628,4,'2023-10-20',650,1,'2023-10-20 12:35:24',NULL),(629,4,'2023-10-20',50,1,'2023-10-20 12:35:52',NULL),(630,4,'2023-10-20',300,1,'2023-10-20 12:36:53',NULL),(631,4,'2023-10-20',1300,1,'2023-10-20 12:42:09',NULL),(632,4,'2023-10-20',300,1,'2023-10-20 12:44:02',NULL),(633,4,'2023-10-20',300,1,'2023-10-20 12:44:49',NULL),(634,4,'2023-10-20',900,1,'2023-10-20 12:46:09',NULL),(635,4,'2023-10-20',300,1,'2023-10-20 12:48:11',NULL),(636,4,'2023-10-20',100,1,'2023-10-20 12:48:35',NULL),(637,4,'2023-10-20',1600,1,'2023-10-20 13:00:32',NULL),(638,4,'2023-10-20',600,1,'2023-10-20 13:09:28',NULL),(639,4,'2023-10-20',200,1,'2023-10-20 13:15:04',NULL),(640,4,'2023-10-20',1100,1,'2023-10-20 13:23:12',NULL),(641,4,'2023-10-20',200,1,'2023-10-20 13:23:48',NULL),(642,4,'2023-10-20',950,1,'2023-10-20 13:25:01',NULL),(643,4,'2023-10-20',200,1,'2023-10-20 13:26:09',NULL),(644,4,'2023-10-20',450,1,'2023-10-20 13:30:10',NULL),(645,4,'2023-10-20',750,1,'2023-10-20 13:52:18',NULL),(646,4,'2023-10-20',650,1,'2023-10-20 16:20:23',NULL),(647,4,'2023-10-20',1300,1,'2023-10-20 16:21:22',NULL),(648,4,'2023-10-20',2200,2,'2023-10-20 16:25:52',NULL),(649,4,'2023-10-20',250,1,'2023-10-20 16:28:53',NULL),(650,4,'2023-10-20',200,1,'2023-10-20 16:41:24',NULL),(651,4,'2023-10-20',850,1,'2023-10-20 16:42:51',NULL),(652,4,'2023-10-20',1200,1,'2023-10-20 16:55:53',NULL),(653,4,'2023-10-20',3050,1,'2023-10-20 16:57:17',NULL),(654,4,'2023-10-20',2200,1,'2023-10-20 16:58:42',NULL),(655,4,'2023-10-20',1000,1,'2023-10-20 17:06:48',NULL),(656,4,'2023-10-20',500,2,'2023-10-20 17:07:37',NULL),(657,4,'2023-10-20',400,1,'2023-10-20 17:19:40',NULL),(658,4,'2023-10-20',1200,1,'2023-10-20 17:22:09',NULL),(659,4,'2023-10-20',950,1,'2023-10-20 17:23:18',NULL),(660,4,'2023-10-20',600,1,'2023-10-20 17:24:05',NULL),(661,4,'2023-10-20',1800,1,'2023-10-20 17:25:02',NULL),(662,4,'2023-10-20',1800,1,'2023-10-20 17:25:36',NULL),(663,4,'2023-10-20',550,1,'2023-10-20 17:26:32',NULL),(664,4,'2023-10-20',500,1,'2023-10-20 17:27:55',NULL),(665,4,'2023-10-20',600,1,'2023-10-20 17:29:00',NULL),(666,4,'2023-10-20',350,1,'2023-10-20 17:29:36',NULL),(667,4,'2023-10-20',3100,1,'2023-10-20 17:32:53',NULL),(668,4,'2023-10-20',1300,1,'2023-10-20 17:33:24',NULL),(669,4,'2023-10-20',1200,1,'2023-10-20 17:35:06',NULL),(670,4,'2023-10-20',1400,1,'2023-10-20 17:37:06',NULL),(671,4,'2023-10-20',1000,1,'2023-10-20 17:38:18',NULL),(672,4,'2023-10-20',2250,1,'2023-10-20 17:38:46',NULL),(673,4,'2023-10-20',2400,1,'2023-10-20 17:39:35',NULL),(674,4,'2023-10-20',450,1,'2023-10-20 17:41:12',NULL),(675,4,'2023-10-20',600,1,'2023-10-20 18:09:54',NULL),(676,4,'2023-10-20',1400,1,'2023-10-20 18:11:24',NULL),(677,4,'2023-10-20',350,1,'2023-10-20 18:12:21',NULL),(678,4,'2023-10-20',400,1,'2023-10-20 18:13:36',NULL),(679,4,'2023-10-20',1600,1,'2023-10-20 18:15:56',NULL),(680,4,'2023-10-20',0,1,'2023-10-20 18:18:39',NULL),(681,4,'2023-10-20',450,1,'2023-10-20 18:19:00',NULL),(682,13,'2023-10-20',1100,2,'2023-10-20 19:20:15',NULL),(683,4,'2023-10-23',250,1,'2023-10-23 12:03:46',NULL),(684,4,'2023-10-23',200,1,'2023-10-23 12:14:18',NULL),(685,4,'2023-10-23',150,1,'2023-10-23 13:16:38',NULL),(686,4,'2023-10-23',400,1,'2023-10-23 13:29:40',NULL),(687,4,'2023-10-23',400,1,'2023-10-23 13:39:14',NULL),(688,4,'2023-10-23',100,1,'2023-10-23 13:41:29',NULL),(689,4,'2023-10-23',600,1,'2023-10-23 13:41:58',NULL),(690,4,'2023-10-23',450,1,'2023-10-23 13:42:43',NULL),(691,4,'2023-10-23',500,1,'2023-10-23 13:48:11',NULL),(692,4,'2023-10-23',300,1,'2023-10-23 13:53:01',NULL),(693,4,'2023-10-23',600,1,'2023-10-23 13:56:23',NULL),(694,4,'2023-10-23',200,1,'2023-10-23 14:03:36',NULL),(695,4,'2023-10-23',800,1,'2023-10-23 14:05:37',NULL),(696,4,'2023-10-23',700,1,'2023-10-23 14:06:45',NULL),(697,4,'2023-10-23',700,1,'2023-10-23 14:11:03',NULL),(698,4,'2023-10-23',3050,1,'2023-10-23 14:16:04',NULL),(699,4,'2023-10-23',1125,1,'2023-10-23 14:35:56',NULL),(700,4,'2023-10-23',200,1,'2023-10-23 14:38:52',NULL),(701,4,'2023-10-23',300,1,'2023-10-23 14:40:03',NULL),(702,4,'2023-10-23',200,1,'2023-10-23 14:41:39',NULL),(703,4,'2023-10-23',600,1,'2023-10-23 14:47:24',NULL),(704,4,'2023-10-23',3300,1,'2023-10-23 14:47:59',NULL),(705,4,'2023-10-23',700,1,'2023-10-23 14:49:00',NULL),(706,4,'2023-10-23',850,1,'2023-10-23 14:51:20',NULL),(707,4,'2023-10-23',300,1,'2023-10-23 14:57:22',NULL),(708,4,'2023-10-23',950,1,'2023-10-23 15:00:42',NULL),(709,4,'2023-10-23',950,1,'2023-10-23 15:01:45',NULL),(710,4,'2023-10-23',100,1,'2023-10-23 15:02:10',NULL),(711,4,'2023-10-23',100,1,'2023-10-23 15:15:16',NULL),(712,4,'2023-10-23',1050,1,'2023-10-23 15:21:46',NULL),(713,4,'2023-10-23',800,1,'2023-10-23 15:24:18',NULL),(714,4,'2023-10-23',600,1,'2023-10-23 16:56:42',NULL),(715,4,'2023-10-23',500,1,'2023-10-23 17:00:08',NULL),(716,4,'2023-10-23',150,1,'2023-10-23 17:06:10',NULL),(717,4,'2023-10-23',300,1,'2023-10-23 17:07:08',NULL),(718,4,'2023-10-23',1600,1,'2023-10-23 17:17:55',NULL),(719,4,'2023-10-23',0,1,'2023-10-23 17:18:14',NULL),(720,4,'2023-10-23',250,1,'2023-10-23 17:20:30',NULL),(721,12,'2023-10-23',3600,2,'2023-10-23 17:23:40',NULL),(722,12,'2023-10-23',0,2,'2023-10-23 17:23:43',NULL),(723,4,'2023-10-23',1950,1,'2023-10-23 17:25:10',NULL),(724,4,'2023-10-23',950,1,'2023-10-23 17:26:12',NULL),(725,4,'2023-10-23',200,1,'2023-10-23 17:35:24',NULL),(726,4,'2023-10-23',800,1,'2023-10-23 17:35:48',NULL),(727,4,'2023-10-23',1625,1,'2023-10-23 17:46:34',NULL),(728,4,'2023-10-23',400,1,'2023-10-23 17:49:19',NULL),(729,4,'2023-10-23',300,1,'2023-10-23 17:54:06',NULL),(730,4,'2023-10-23',200,1,'2023-10-23 17:59:57',NULL),(731,4,'2023-10-23',500,1,'2023-10-23 18:06:53',NULL),(732,4,'2023-10-23',650,1,'2023-10-23 18:12:16',NULL),(733,4,'2023-10-23',1000,1,'2023-10-23 18:14:08',NULL),(734,4,'2023-10-23',1550,1,'2023-10-23 18:16:33',NULL),(735,4,'2023-10-23',350,1,'2023-10-23 18:20:45',NULL),(736,4,'2023-10-23',300,1,'2023-10-23 18:21:58',NULL),(737,4,'2023-10-23',500,1,'2023-10-23 18:24:09',NULL),(738,4,'2023-10-23',100,1,'2023-10-23 18:24:49',NULL),(739,4,'2023-10-24',850,1,'2023-10-24 09:40:44',NULL),(740,4,'2023-10-24',100,1,'2023-10-24 09:54:22',NULL),(741,4,'2023-10-24',500,1,'2023-10-24 09:56:22',NULL),(742,4,'2023-10-24',1050,1,'2023-10-24 10:05:02',NULL),(743,4,'2023-10-24',200,1,'2023-10-24 10:05:32',NULL),(744,4,'2023-10-24',1000,1,'2023-10-24 10:07:47',NULL),(745,4,'2023-10-24',150,1,'2023-10-24 10:08:34',NULL),(746,4,'2023-10-24',450,1,'2023-10-24 10:09:46',NULL),(747,4,'2023-10-24',100,1,'2023-10-24 10:10:16',NULL),(748,4,'2023-10-24',1700,1,'2023-10-24 10:11:55',NULL),(749,4,'2023-10-24',600,1,'2023-10-24 10:16:12',NULL),(750,5,'2023-10-24',1350,1,'2023-10-24 11:26:24',NULL),(751,11,'2023-10-24',1400,1,'2023-10-24 11:31:51',NULL),(752,11,'2023-10-24',1600,1,'2023-10-24 11:32:43',NULL),(753,11,'2023-10-24',2100,1,'2023-10-24 11:35:27',NULL),(754,11,'2023-10-24',2000,1,'2023-10-24 11:39:17',NULL),(755,11,'2023-10-24',450,1,'2023-10-24 11:39:36',NULL),(756,11,'2023-10-24',1350,1,'2023-10-24 11:40:19',NULL),(757,11,'2023-10-24',600,1,'2023-10-24 11:42:02',NULL),(758,11,'2023-10-24',650,1,'2023-10-24 11:43:07',NULL),(759,5,'2023-10-24',200,1,'2023-10-24 11:44:08',NULL),(760,5,'2023-10-24',900,1,'2023-10-24 11:45:02',NULL),(761,5,'2023-10-24',650,1,'2023-10-24 11:46:59',NULL),(762,5,'2023-10-24',800,1,'2023-10-24 11:48:30',NULL),(763,5,'2023-10-24',1700,1,'2023-10-24 11:49:30',NULL),(764,5,'2023-10-24',200,1,'2023-10-24 11:52:06',NULL),(765,5,'2023-10-24',350,1,'2023-10-24 13:28:18',NULL),(766,5,'2023-10-24',500,1,'2023-10-24 13:28:39',NULL),(767,4,'2023-10-24',300,1,'2023-10-24 14:14:42',NULL),(768,4,'2023-10-24',1150,1,'2023-10-24 14:15:35',NULL),(769,4,'2023-10-24',2900,1,'2023-10-24 14:16:21',NULL),(770,5,'2023-10-24',450,1,'2023-10-24 16:42:14',NULL),(771,5,'2023-10-24',250,1,'2023-10-24 16:45:19',NULL),(772,5,'2023-10-24',900,1,'2023-10-24 16:45:49',NULL),(773,5,'2023-10-24',800,2,'2023-10-24 16:54:39',NULL),(774,5,'2023-10-24',0,2,'2023-10-24 16:54:44',NULL),(775,5,'2023-10-24',600,2,'2023-10-24 16:55:55',NULL),(776,5,'2023-10-24',1200,2,'2023-10-24 16:56:45',NULL),(777,5,'2023-10-24',1500,2,'2023-10-24 16:57:22',NULL),(778,5,'2023-10-24',100,1,'2023-10-24 17:12:14',NULL),(779,5,'2023-10-24',1650,1,'2023-10-24 17:13:08',NULL),(780,5,'2023-10-24',2650,1,'2023-10-24 17:13:37',NULL),(781,5,'2023-10-24',1350,1,'2023-10-24 17:14:18',NULL),(782,5,'2023-10-24',250,1,'2023-10-24 17:15:05',NULL),(783,5,'2023-10-24',1250,1,'2023-10-24 17:16:24',NULL),(784,5,'2023-10-24',300,1,'2023-10-24 17:16:58',NULL),(785,5,'2023-10-24',1600,1,'2023-10-24 17:19:37',NULL),(786,5,'2023-10-24',950,1,'2023-10-24 17:20:21',NULL),(787,5,'2023-10-24',1200,1,'2023-10-24 17:43:36',NULL),(788,5,'2023-10-24',1800,2,'2023-10-24 17:45:52',NULL),(789,5,'2023-10-24',800,1,'2023-10-24 17:46:45',NULL),(790,5,'2023-10-24',2000,1,'2023-10-24 17:48:35',NULL),(791,5,'2023-10-24',300,1,'2023-10-24 17:49:28',NULL),(792,5,'2023-10-24',1000,1,'2023-10-24 17:50:11',NULL),(793,5,'2023-10-24',400,1,'2023-10-24 17:50:41',NULL),(794,5,'2023-10-24',1450,1,'2023-10-24 17:51:34',NULL),(795,5,'2023-10-24',1600,1,'2023-10-24 17:52:49',NULL),(796,5,'2023-10-24',1450,1,'2023-10-24 17:54:26',NULL),(797,5,'2023-10-24',3200,1,'2023-10-24 17:56:50',NULL),(798,5,'2023-10-24',2600,1,'2023-10-24 17:57:44',NULL),(799,5,'2023-10-24',350,1,'2023-10-24 17:58:20',NULL),(800,5,'2023-10-24',200,1,'2023-10-24 17:59:36',NULL),(801,5,'2023-10-24',2450,1,'2023-10-24 18:16:10',NULL),(802,5,'2023-10-24',1200,1,'2023-10-24 18:21:07',NULL),(803,5,'2023-10-24',800,1,'2023-10-24 18:21:39',NULL),(804,5,'2023-10-24',1750,1,'2023-10-24 18:22:36',NULL),(805,5,'2023-10-24',1250,1,'2023-10-24 18:24:40',NULL),(806,5,'2023-10-24',600,1,'2023-10-24 18:25:01',NULL),(807,5,'2023-10-24',200,1,'2023-10-24 18:25:39',NULL),(808,5,'2023-10-24',300,1,'2023-10-24 18:27:05',NULL),(809,4,'2023-10-25',850,1,'2023-10-25 11:22:53',NULL),(810,4,'2023-10-25',600,1,'2023-10-25 11:25:44',NULL),(811,4,'2023-10-25',1150,1,'2023-10-25 11:26:08',NULL),(812,4,'2023-10-25',2050,1,'2023-10-25 11:27:08',NULL),(813,4,'2023-10-25',1500,1,'2023-10-25 11:30:36',NULL),(814,4,'2023-10-25',1100,1,'2023-10-25 11:31:24',NULL),(815,4,'2023-10-25',250,1,'2023-10-25 11:32:28',NULL),(816,4,'2023-10-25',900,1,'2023-10-25 11:33:12',NULL),(817,10,'2023-10-25',2300,2,'2023-10-25 11:38:06',NULL),(818,10,'2023-10-25',250,2,'2023-10-25 11:38:31',NULL),(819,4,'2023-10-25',650,1,'2023-10-25 12:07:34',NULL),(820,4,'2023-10-25',500,1,'2023-10-25 12:08:16',NULL),(821,4,'2023-10-25',650,1,'2023-10-25 12:16:47',NULL),(822,4,'2023-10-25',750,1,'2023-10-25 12:17:14',NULL),(823,4,'2023-10-25',200,1,'2023-10-25 12:18:41',NULL),(824,4,'2023-10-25',1000,2,'2023-10-25 12:23:00',NULL),(825,4,'2023-10-25',1300,1,'2023-10-25 12:23:54',NULL),(826,4,'2023-10-25',1450,1,'2023-10-25 12:26:02',NULL),(827,4,'2023-10-25',250,1,'2023-10-25 12:39:44',NULL),(828,4,'2023-10-25',400,1,'2023-10-25 12:51:50',NULL),(829,4,'2023-10-25',1000,2,'2023-10-25 13:12:08',NULL),(830,4,'2023-10-25',800,2,'2023-10-25 13:12:35',NULL),(831,4,'2023-10-25',800,2,'2023-10-25 13:15:31',NULL),(832,12,'2023-10-25',2000,1,'2023-10-25 13:20:00',NULL),(833,12,'2023-10-25',1300,1,'2023-10-25 13:23:41',NULL),(834,4,'2023-10-25',650,1,'2023-10-25 15:02:23',NULL),(835,4,'2023-10-25',3100,1,'2023-10-25 15:04:20',NULL),(836,4,'2023-10-25',400,1,'2023-10-25 15:08:44',NULL),(837,4,'2023-10-25',1500,1,'2023-10-25 15:14:36',NULL),(838,4,'2023-10-25',600,1,'2023-10-25 15:19:48',NULL),(839,4,'2023-10-25',700,1,'2023-10-25 15:21:34',NULL),(840,5,'2023-10-25',500,1,'2023-10-25 16:31:05',NULL),(841,5,'2023-10-25',500,2,'2023-10-25 16:32:21',NULL),(842,5,'2023-10-25',1200,2,'2023-10-25 16:33:15',NULL),(843,5,'2023-10-25',800,2,'2023-10-25 16:34:09',NULL),(844,5,'2023-10-25',700,1,'2023-10-25 16:36:20',NULL),(845,5,'2023-10-25',500,2,'2023-10-25 16:38:49',NULL),(846,5,'2023-10-25',1050,3,'2023-10-25 16:39:37',NULL),(847,5,'2023-10-25',3300,1,'2023-10-25 16:41:17',NULL),(848,5,'2023-10-25',1200,1,'2023-10-25 16:42:11',NULL),(849,5,'2023-10-25',1050,1,'2023-10-25 16:42:45',NULL),(850,5,'2023-10-25',1400,1,'2023-10-25 16:43:31',NULL),(851,5,'2023-10-25',1600,1,'2023-10-25 16:44:15',NULL),(852,5,'2023-10-25',2700,1,'2023-10-25 16:45:12',NULL),(853,5,'2023-10-25',800,1,'2023-10-25 16:46:19',NULL),(854,5,'2023-10-25',900,1,'2023-10-25 16:46:58',NULL),(855,5,'2023-10-25',2950,1,'2023-10-25 16:57:45',NULL),(856,5,'2023-10-25',800,1,'2023-10-25 17:01:15',NULL),(857,5,'2023-10-25',2025,1,'2023-10-25 17:03:29',NULL),(858,5,'2023-10-25',1100,1,'2023-10-25 17:05:04',NULL),(859,5,'2023-10-25',1350,1,'2023-10-25 17:06:38',NULL),(860,5,'2023-10-25',1000,1,'2023-10-25 17:08:13',NULL),(861,5,'2023-10-25',300,1,'2023-10-25 17:09:34',NULL),(862,5,'2023-10-25',600,1,'2023-10-25 17:10:02',NULL),(863,5,'2023-10-25',150,1,'2023-10-25 17:10:36',NULL),(864,5,'2023-10-25',500,1,'2023-10-25 17:11:17',NULL),(865,5,'2023-10-25',1000,1,'2023-10-25 17:12:50',NULL),(866,5,'2023-10-25',2350,1,'2023-10-25 17:13:55',NULL),(867,5,'2023-10-25',575,1,'2023-10-25 17:15:13',NULL),(868,5,'2023-10-25',300,1,'2023-10-25 17:17:52',NULL),(869,5,'2023-10-25',200,1,'2023-10-25 17:18:31',NULL),(870,5,'2023-10-25',200,1,'2023-10-25 17:19:03',NULL),(871,5,'2023-10-25',150,1,'2023-10-25 17:20:13',NULL),(872,5,'2023-10-25',100,1,'2023-10-25 17:21:06',NULL),(873,5,'2023-10-25',400,1,'2023-10-25 17:21:40',NULL),(874,5,'2023-10-25',200,1,'2023-10-25 17:22:12',NULL),(875,5,'2023-10-25',1200,1,'2023-10-25 17:25:11',NULL),(876,5,'2023-10-25',1500,1,'2023-10-25 17:40:51',NULL),(877,5,'2023-10-26',1400,1,'2023-10-26 13:01:10',NULL),(878,5,'2023-10-26',2750,1,'2023-10-26 13:02:01',NULL),(879,4,'2023-10-26',6000,2,'2023-10-26 13:03:49',NULL),(880,4,'2023-10-26',3100,1,'2023-10-26 13:05:16',NULL),(881,5,'2023-10-26',1400,2,'2023-10-26 14:28:12',NULL),(882,5,'2023-10-26',1300,1,'2023-10-26 14:32:44',NULL),(883,5,'2023-10-26',1500,1,'2023-10-26 14:34:23',NULL),(884,5,'2023-10-26',600,1,'2023-10-26 14:35:15',NULL),(885,4,'2023-10-26',1700,1,'2023-10-26 16:02:51',NULL),(886,4,'2023-10-26',1250,1,'2023-10-26 17:10:56',NULL),(887,4,'2023-10-26',500,2,'2023-10-26 17:11:22',NULL),(888,4,'2023-10-26',2000,1,'2023-10-26 17:11:54',NULL),(889,4,'2023-10-26',1050,1,'2023-10-26 17:14:50',NULL),(890,4,'2023-10-26',1600,1,'2023-10-26 17:15:31',NULL),(891,4,'2023-10-26',1100,1,'2023-10-26 17:17:18',NULL),(892,4,'2023-10-26',1700,1,'2023-10-26 17:17:43',NULL),(893,4,'2023-10-26',400,1,'2023-10-26 17:18:11',NULL),(894,4,'2023-10-26',2650,1,'2023-10-26 17:18:47',NULL),(895,4,'2023-10-26',400,1,'2023-10-26 17:19:10',NULL),(896,4,'2023-10-26',1050,1,'2023-10-26 17:21:01',NULL),(897,4,'2023-10-26',850,1,'2023-10-26 17:21:46',NULL),(898,4,'2023-10-26',2600,1,'2023-10-26 17:23:08',NULL),(899,4,'2023-10-26',2750,1,'2023-10-26 17:26:36',NULL),(900,4,'2023-10-26',500,1,'2023-10-26 17:28:48',NULL),(901,4,'2023-10-26',750,1,'2023-10-26 17:29:14',NULL),(902,4,'2023-10-26',1300,1,'2023-10-26 17:30:03',NULL),(903,4,'2023-10-26',850,1,'2023-10-26 17:31:15',NULL),(904,4,'2023-10-26',900,1,'2023-10-26 17:33:07',NULL),(905,4,'2023-10-26',4000,1,'2023-10-26 17:36:00',NULL),(906,4,'2023-10-26',100,1,'2023-10-26 17:37:40',NULL),(907,4,'2023-10-26',2400,1,'2023-10-26 17:38:31',NULL),(908,4,'2023-10-26',50,1,'2023-10-26 17:40:11',NULL),(909,4,'2023-10-26',600,1,'2023-10-26 17:41:45',NULL),(910,4,'2023-10-26',800,1,'2023-10-26 17:42:28',NULL),(911,4,'2023-10-26',2400,1,'2023-10-26 17:43:16',NULL),(912,4,'2023-10-26',1500,1,'2023-10-26 17:44:05',NULL),(913,4,'2023-10-26',700,1,'2023-10-26 17:44:39',NULL),(914,4,'2023-10-26',1050,1,'2023-10-26 17:45:22',NULL),(915,4,'2023-10-26',550,1,'2023-10-26 17:46:53',NULL),(916,4,'2023-10-26',2400,1,'2023-10-26 17:47:46',NULL),(917,4,'2023-10-26',2650,1,'2023-10-26 17:50:54',NULL),(918,4,'2023-10-26',600,1,'2023-10-26 17:52:30',NULL),(919,4,'2023-10-26',600,1,'2023-10-26 17:55:03',NULL),(920,4,'2023-10-26',400,1,'2023-10-26 17:55:38',NULL),(921,4,'2023-10-26',400,1,'2023-10-26 17:56:00',NULL),(922,4,'2023-10-26',2150,1,'2023-10-26 17:56:44',NULL),(923,4,'2023-10-26',900,1,'2023-10-26 17:57:28',NULL),(924,4,'2023-10-26',1300,1,'2023-10-26 17:58:19',NULL),(925,4,'2023-10-26',700,1,'2023-10-26 17:58:44',NULL),(926,4,'2023-10-26',0,1,'2023-10-26 17:59:06',NULL),(927,4,'2023-10-26',500,1,'2023-10-26 17:59:31',NULL),(928,4,'2023-10-26',800,1,'2023-10-26 17:59:59',NULL),(929,4,'2023-10-26',300,1,'2023-10-26 18:01:01',NULL),(930,4,'2023-10-26',100,1,'2023-10-26 18:01:49',NULL),(931,4,'2023-10-26',1550,1,'2023-10-26 18:11:22',NULL),(932,4,'2023-10-26',900,1,'2023-10-26 18:12:40',NULL),(933,4,'2023-10-27',350,1,'2023-10-27 09:31:42',NULL),(934,4,'2023-10-27',750,1,'2023-10-27 09:32:03',NULL),(935,4,'2023-10-27',300,1,'2023-10-27 09:32:28',NULL),(936,4,'2023-10-27',2400,1,'2023-10-27 09:32:46',NULL),(937,4,'2023-10-27',650,1,'2023-10-27 09:33:05',NULL),(938,4,'2023-10-27',1500,1,'2023-10-27 09:37:18',NULL),(939,4,'2023-10-27',900,1,'2023-10-27 11:10:51',NULL),(940,4,'2023-10-27',1750,1,'2023-10-27 11:21:16',NULL),(941,4,'2023-10-27',150,1,'2023-10-27 11:21:56',NULL),(942,4,'2023-10-27',1050,1,'2023-10-27 11:22:39',NULL),(943,4,'2023-10-27',400,1,'2023-10-27 11:24:48',NULL),(944,4,'2023-10-27',1200,1,'2023-10-27 11:26:28',NULL),(945,4,'2023-10-27',1050,1,'2023-10-27 11:27:06',NULL),(946,4,'2023-10-27',450,1,'2023-10-27 11:27:33',NULL),(947,4,'2023-10-27',500,1,'2023-10-27 11:31:45',NULL),(948,4,'2023-10-27',1050,1,'2023-10-27 11:34:57',NULL),(949,4,'2023-10-27',400,1,'2023-10-27 11:35:32',NULL),(950,4,'2023-10-27',1400,2,'2023-10-27 12:12:52',NULL),(951,4,'2023-10-27',1400,2,'2023-10-27 12:13:46',NULL),(952,4,'2023-10-27',750,2,'2023-10-27 12:14:58',NULL),(953,4,'2023-10-27',1250,2,'2023-10-27 12:16:29',NULL),(954,14,'2023-10-27',500,1,'2023-10-27 12:23:03',NULL),(955,11,'2023-10-27',350,1,'2023-10-27 12:24:38',NULL),(956,10,'2023-10-27',1150,1,'2023-10-27 12:26:20',NULL),(957,10,'2023-10-27',0,1,'2023-10-27 12:26:27',NULL),(958,10,'2023-10-27',250,1,'2023-10-27 12:27:18',NULL),(959,5,'2023-10-27',1650,1,'2023-10-27 12:27:57',NULL),(960,5,'2023-10-27',400,1,'2023-10-27 12:28:47',NULL),(961,5,'2023-10-27',650,1,'2023-10-27 12:30:30',NULL),(962,5,'2023-10-27',2000,1,'2023-10-27 12:36:09',NULL),(963,5,'2023-10-27',500,1,'2023-10-27 13:00:15',NULL),(964,5,'2023-10-27',1000,1,'2023-10-27 13:06:24',NULL),(965,4,'2023-10-27',0,1,'2023-10-27 13:44:28',NULL),(966,4,'2023-10-27',800,2,'2023-10-27 13:48:13',NULL),(967,4,'2023-10-27',900,1,'2023-10-27 13:53:03',NULL),(968,4,'2023-10-27',800,1,'2023-10-27 14:03:05',NULL),(969,4,'2023-10-27',0,1,'2023-10-27 14:18:39',NULL),(970,4,'2023-10-27',300,1,'2023-10-27 14:18:58',NULL),(971,4,'2023-10-27',1050,1,'2023-10-27 14:23:42',NULL),(972,4,'2023-10-27',0,1,'2023-10-27 14:23:56',NULL),(973,4,'2023-10-27',350,1,'2023-10-27 14:24:47',NULL),(974,4,'2023-10-27',400,1,'2023-10-27 14:25:30',NULL),(975,4,'2023-10-27',1300,1,'2023-10-27 14:26:18',NULL),(976,4,'2023-10-27',550,1,'2023-10-27 14:27:32',NULL),(977,4,'2023-10-27',100,1,'2023-10-27 14:29:00',NULL),(978,4,'2023-10-27',1600,1,'2023-10-27 14:41:41',NULL),(979,4,'2023-10-27',500,1,'2023-10-27 14:42:07',NULL),(980,4,'2023-10-27',350,1,'2023-10-27 14:42:48',NULL),(981,4,'2023-10-27',1800,1,'2023-10-27 14:47:07',NULL),(982,4,'2023-10-27',600,2,'2023-10-27 14:48:08',NULL),(983,4,'2023-10-27',0,1,'2023-10-27 14:48:30',NULL),(984,4,'2023-10-27',900,1,'2023-10-27 14:49:02',NULL),(985,4,'2023-10-27',300,1,'2023-10-27 14:50:44',NULL),(986,4,'2023-10-27',700,1,'2023-10-27 14:51:06',NULL),(987,4,'2023-10-27',400,1,'2023-10-27 14:51:27',NULL),(988,4,'2023-10-27',500,1,'2023-10-27 15:02:14',NULL),(989,5,'2023-10-27',500,2,'2023-10-27 16:06:34',NULL),(990,5,'2023-10-27',100,1,'2023-10-27 16:07:20',NULL),(991,5,'2023-10-27',150,1,'2023-10-27 16:20:17',NULL),(992,5,'2023-10-27',1000,1,'2023-10-27 16:20:50',NULL),(993,5,'2023-10-27',800,1,'2023-10-27 16:31:34',NULL),(994,5,'2023-10-27',2300,1,'2023-10-27 16:33:29',NULL),(995,5,'2023-10-27',1200,1,'2023-10-27 16:40:26',NULL),(996,5,'2023-10-27',1400,1,'2023-10-27 16:41:07',NULL),(997,5,'2023-10-27',2600,1,'2023-10-27 16:41:54',NULL),(998,5,'2023-10-27',2950,1,'2023-10-27 16:42:55',NULL),(999,5,'2023-10-27',2400,1,'2023-10-27 16:43:26',NULL),(1000,5,'2023-10-27',1100,1,'2023-10-27 16:43:59',NULL),(1001,5,'2023-10-27',850,1,'2023-10-27 16:44:50',NULL),(1002,5,'2023-10-27',500,1,'2023-10-27 17:26:21',NULL),(1003,5,'2023-10-27',800,1,'2023-10-27 17:26:43',NULL),(1004,5,'2023-10-27',600,1,'2023-10-27 17:28:44',NULL),(1005,5,'2023-10-27',500,1,'2023-10-27 17:29:04',NULL),(1006,5,'2023-10-27',1000,1,'2023-10-27 17:29:38',NULL),(1007,4,'2023-10-27',2400,3,'2023-10-27 17:52:04',NULL),(1008,4,'2023-10-27',2400,3,'2023-10-27 17:52:49',NULL),(1009,4,'2023-10-27',700,3,'2023-10-27 17:54:44',NULL),(1010,4,'2023-10-27',1100,1,'2023-10-27 17:55:25',NULL),(1011,4,'2023-10-27',1750,1,'2023-10-27 17:56:17',NULL),(1012,4,'2023-10-27',1400,1,'2023-10-27 17:57:03',NULL),(1013,4,'2023-10-27',2750,1,'2023-10-27 17:59:09',NULL),(1014,4,'2023-10-27',1400,1,'2023-10-27 17:59:52',NULL),(1015,4,'2023-10-27',900,1,'2023-10-27 18:01:13',NULL),(1016,4,'2023-10-27',300,1,'2023-10-27 18:03:42',NULL),(1017,4,'2023-10-27',500,1,'2023-10-27 18:04:09',NULL),(1018,4,'2023-10-27',1200,1,'2023-10-27 18:04:38',NULL),(1019,4,'2023-10-27',850,1,'2023-10-27 18:05:23',NULL),(1020,4,'2023-10-27',800,1,'2023-10-27 18:05:48',NULL),(1021,4,'2023-10-27',3250,1,'2023-10-27 18:34:12',NULL),(1022,4,'2023-10-27',450,1,'2023-10-27 18:34:54',NULL),(1023,4,'2023-10-27',1000,1,'2023-10-27 18:35:16',NULL),(1024,5,'2023-10-30',650,1,'2023-10-30 10:14:25',NULL),(1025,5,'2023-10-30',800,1,'2023-10-30 10:15:21',NULL),(1026,5,'2023-10-30',300,1,'2023-10-30 10:15:59',NULL),(1027,5,'2023-10-30',500,1,'2023-10-30 10:26:26',NULL),(1028,5,'2023-10-30',7700,1,'2023-10-30 11:00:23',NULL),(1029,4,'2023-10-30',2175,1,'2023-10-30 12:17:05',NULL),(1030,4,'2023-10-30',700,1,'2023-10-30 12:18:22',NULL),(1031,4,'2023-10-30',300,1,'2023-10-30 12:19:36',NULL),(1032,4,'2023-10-30',100,1,'2023-10-30 12:20:55',NULL),(1033,4,'2023-10-30',150,1,'2023-10-30 12:21:15',NULL),(1034,4,'2023-10-30',200,1,'2023-10-30 12:22:35',NULL),(1035,4,'2023-10-30',500,1,'2023-10-30 12:23:25',NULL),(1036,4,'2023-10-30',1200,1,'2023-10-30 12:24:04',NULL),(1037,4,'2023-10-30',800,1,'2023-10-30 12:24:32',NULL),(1038,4,'2023-10-30',2300,1,'2023-10-30 12:31:20',NULL),(1039,4,'2023-10-30',850,1,'2023-10-30 12:35:24',NULL),(1040,4,'2023-10-30',250,1,'2023-10-30 12:36:25',NULL),(1041,4,'2023-10-30',950,1,'2023-10-30 12:47:38',NULL),(1042,4,'2023-10-30',3100,1,'2023-10-30 13:03:34',NULL),(1043,4,'2023-10-30',450,1,'2023-10-30 13:04:06',NULL),(1044,4,'2023-10-30',50,1,'2023-10-30 13:04:33',NULL),(1045,4,'2023-10-30',1000,1,'2023-10-30 13:06:04',NULL),(1046,4,'2023-10-30',250,1,'2023-10-30 13:10:02',NULL),(1047,4,'2023-10-30',750,1,'2023-10-30 13:10:29',NULL),(1048,4,'2023-10-30',900,1,'2023-10-30 13:10:58',NULL),(1049,4,'2023-10-30',1600,1,'2023-10-30 13:17:13',NULL),(1050,4,'2023-10-30',700,1,'2023-10-30 13:18:40',NULL),(1051,4,'2023-10-30',325,1,'2023-10-30 13:20:01',NULL),(1052,4,'2023-10-30',600,2,'2023-10-30 13:26:24',NULL),(1053,4,'2023-10-30',1000,2,'2023-10-30 13:29:37',NULL),(1054,4,'2023-10-30',200,1,'2023-10-30 13:30:50',NULL),(1055,4,'2023-10-30',350,1,'2023-10-30 13:31:56',NULL),(1056,4,'2023-10-30',400,1,'2023-10-30 13:50:00',NULL),(1057,4,'2023-10-30',600,1,'2023-10-30 14:06:56',NULL),(1058,4,'2023-10-30',700,1,'2023-10-30 14:18:55',NULL),(1059,4,'2023-10-30',750,1,'2023-10-30 14:20:14',NULL),(1060,4,'2023-10-30',800,1,'2023-10-30 14:20:55',NULL),(1061,4,'2023-10-30',250,1,'2023-10-30 14:21:43',NULL),(1062,4,'2023-10-30',500,1,'2023-10-30 14:22:37',NULL),(1063,4,'2023-10-30',300,1,'2023-10-30 14:34:08',NULL),(1064,4,'2023-10-30',1600,1,'2023-10-30 14:39:55',NULL),(1065,4,'2023-10-30',100,1,'2023-10-30 14:41:28',NULL),(1066,4,'2023-10-30',800,1,'2023-10-30 15:04:40',NULL),(1067,4,'2023-10-30',1100,1,'2023-10-30 15:05:21',NULL),(1068,4,'2023-10-30',1600,1,'2023-10-30 15:06:51',NULL),(1069,4,'2023-10-30',1200,1,'2023-10-30 15:07:58',NULL),(1070,4,'2023-10-30',2100,1,'2023-10-30 15:21:10',NULL),(1071,4,'2023-10-30',500,1,'2023-10-30 15:22:56',NULL),(1072,4,'2023-10-30',900,1,'2023-10-30 15:23:32',NULL),(1073,4,'2023-10-30',3900,1,'2023-10-30 15:33:21',NULL),(1074,4,'2023-10-30',750,1,'2023-10-30 15:33:55',NULL),(1075,4,'2023-10-30',1250,1,'2023-10-30 15:35:26',NULL),(1076,4,'2023-10-30',300,1,'2023-10-30 15:36:08',NULL),(1077,4,'2023-10-30',1300,1,'2023-10-30 15:37:23',NULL),(1078,4,'2023-10-30',100,1,'2023-10-30 15:38:04',NULL),(1079,4,'2023-10-30',350,1,'2023-10-30 15:38:42',NULL),(1080,4,'2023-10-30',1250,1,'2023-10-30 15:55:12',NULL),(1081,4,'2023-10-30',250,1,'2023-10-30 15:55:54',NULL),(1082,4,'2023-10-30',1000,1,'2023-10-30 15:56:34',NULL),(1083,4,'2023-10-30',1600,1,'2023-10-30 15:57:39',NULL),(1084,4,'2023-10-30',0,1,'2023-10-30 15:57:50',NULL),(1085,4,'2023-10-30',2800,1,'2023-10-30 15:58:52',NULL),(1086,4,'2023-10-30',250,1,'2023-10-30 16:00:12',NULL),(1087,4,'2023-10-31',1550,1,'2023-10-31 09:09:50',NULL),(1088,4,'2023-10-31',800,1,'2023-10-31 09:12:20',NULL),(1089,4,'2023-10-31',1650,1,'2023-10-31 09:14:42',NULL),(1090,4,'2023-10-31',1300,1,'2023-10-31 09:15:16',NULL),(1091,4,'2023-10-31',750,1,'2023-10-31 09:16:34',NULL),(1092,4,'2023-10-31',500,2,'2023-10-31 09:19:38',NULL),(1093,4,'2023-10-31',2400,3,'2023-10-31 09:21:07',NULL),(1094,4,'2023-10-31',150,1,'2023-10-31 09:23:07',NULL),(1095,4,'2023-10-31',0,1,'2023-10-31 09:23:28',NULL),(1096,4,'2023-10-31',1450,1,'2023-10-31 09:24:59',NULL),(1097,4,'2023-10-31',500,1,'2023-10-31 09:26:23',NULL),(1098,5,'2023-10-31',2000,1,'2023-10-31 09:36:18',NULL),(1099,5,'2023-10-31',2250,1,'2023-10-31 10:04:38',NULL),(1100,4,'2023-10-31',3250,1,'2023-10-31 16:02:29',NULL),(1101,4,'2023-10-31',800,2,'2023-10-31 16:12:52',NULL),(1102,4,'2023-10-31',800,2,'2023-10-31 16:13:23',NULL),(1103,4,'2023-10-31',1050,2,'2023-10-31 16:14:44',NULL),(1104,4,'2023-10-31',750,2,'2023-10-31 16:16:03',NULL),(1105,4,'2023-10-31',1000,1,'2023-10-31 16:18:55',NULL),(1106,4,'2023-10-31',2450,1,'2023-10-31 16:24:00',NULL),(1107,4,'2023-10-31',2000,1,'2023-10-31 16:24:45',NULL),(1108,4,'2023-10-31',1000,1,'2023-10-31 16:25:37',NULL),(1109,4,'2023-10-31',2100,1,'2023-10-31 16:26:17',NULL),(1110,4,'2023-10-31',600,1,'2023-10-31 16:28:27',NULL),(1111,4,'2023-10-31',1200,1,'2023-10-31 16:29:59',NULL),(1112,4,'2023-10-31',600,1,'2023-10-31 16:30:53',NULL),(1113,4,'2023-10-31',350,1,'2023-10-31 16:32:15',NULL),(1114,4,'2023-10-31',800,1,'2023-10-31 16:36:48',NULL),(1115,4,'2023-10-31',250,1,'2023-10-31 16:37:09',NULL),(1116,4,'2023-10-31',2200,1,'2023-10-31 16:37:52',NULL),(1117,4,'2023-10-31',2400,1,'2023-10-31 16:41:36',NULL),(1118,4,'2023-10-31',2400,1,'2023-10-31 19:33:14',NULL),(1119,4,'2023-10-31',1600,2,'2023-10-31 19:33:56',NULL),(1120,4,'2023-10-31',2400,1,'2023-10-31 19:35:08',NULL),(1121,4,'2023-10-31',800,1,'2023-10-31 19:35:56',NULL),(1122,4,'2023-10-31',1600,1,'2023-10-31 19:36:30',NULL),(1123,4,'2023-11-07',850,1,'2023-11-07 10:25:36',NULL),(1124,4,'2023-11-07',2475,1,'2023-11-07 10:26:24',NULL),(1125,4,'2023-11-07',850,1,'2023-11-07 10:27:01',NULL),(1126,4,'2023-11-07',1100,1,'2023-11-07 10:28:07',NULL),(1127,4,'2023-11-07',350,1,'2023-11-07 10:28:40',NULL),(1128,4,'2023-11-07',1525,1,'2023-11-07 10:29:18',NULL),(1129,4,'2023-11-07',1675,1,'2023-11-07 12:11:29',NULL),(1130,4,'2023-11-07',1200,2,'2023-11-07 12:12:35',NULL),(1131,4,'2023-11-07',3500,1,'2023-11-07 12:42:25',NULL),(1132,4,'2023-11-07',3450,1,'2023-11-07 12:43:43',NULL),(1133,4,'2023-11-07',10700,1,'2023-11-07 12:44:24',NULL),(1134,4,'2023-11-07',2175,1,'2023-11-07 12:44:55',NULL),(1135,4,'2023-11-07',2400,2,'2023-11-07 12:45:20',NULL),(1136,4,'2023-11-07',10800,1,'2023-11-07 12:48:30',NULL),(1137,4,'2023-11-07',1800,1,'2023-11-07 12:49:16',NULL),(1138,4,'2023-11-07',750,1,'2023-11-07 12:49:35',NULL),(1139,4,'2023-11-07',7200,1,'2023-11-07 12:50:06',NULL),(1140,4,'2023-11-07',1200,1,'2023-11-07 12:50:25',NULL),(1141,4,'2023-11-07',5575,1,'2023-11-07 12:51:07',NULL),(1142,4,'2023-11-07',6050,1,'2023-11-07 12:51:38',NULL),(1143,4,'2023-11-07',1350,1,'2023-11-07 12:52:01',NULL),(1144,4,'2023-11-07',1000,1,'2023-11-07 12:52:25',NULL),(1145,4,'2023-11-07',775,1,'2023-11-07 12:52:45',NULL),(1146,4,'2023-11-07',2400,1,'2023-11-07 12:53:33',NULL),(1147,4,'2023-11-07',250,1,'2023-11-07 12:53:56',NULL),(1148,4,'2023-11-07',1200,1,'2023-11-07 12:54:22',NULL),(1149,4,'2023-11-07',1375,1,'2023-11-07 12:54:53',NULL),(1150,4,'2023-11-07',1450,1,'2023-11-07 12:55:44',NULL),(1151,4,'2023-11-07',1800,1,'2023-11-07 12:56:21',NULL),(1152,4,'2023-11-07',3100,1,'2023-11-07 12:56:47',NULL),(1153,4,'2023-11-07',900,1,'2023-11-07 12:57:36',NULL),(1154,4,'2023-11-07',1700,1,'2023-11-07 13:00:27',NULL),(1155,4,'2023-11-07',3300,1,'2023-11-07 13:00:49',NULL),(1156,4,'2023-11-07',4900,1,'2023-11-07 13:02:16',NULL),(1157,4,'2023-11-07',4400,1,'2023-11-07 13:02:53',NULL),(1158,4,'2023-11-07',525,1,'2023-11-07 13:05:30',NULL),(1159,4,'2023-11-07',4900,1,'2023-11-07 13:06:09',NULL),(1160,4,'2023-11-07',1350,1,'2023-11-07 13:32:47',NULL),(1161,4,'2023-11-07',6000,1,'2023-11-07 13:33:35',NULL),(1162,4,'2023-11-07',400,1,'2023-11-07 13:34:32',NULL),(1163,4,'2023-11-07',3075,1,'2023-11-07 13:35:34',NULL),(1164,4,'2023-11-07',2400,1,'2023-11-07 13:35:59',NULL),(1165,4,'2023-11-07',4000,1,'2023-11-07 13:36:22',NULL),(1166,4,'2023-11-07',4000,1,'2023-11-07 13:36:57',NULL),(1167,4,'2023-11-07',7500,1,'2023-11-07 13:44:39',NULL),(1168,4,'2023-11-07',1800,1,'2023-11-07 13:45:23',NULL),(1169,4,'2023-11-07',1550,1,'2023-11-07 13:47:08',NULL),(1170,4,'2023-11-07',400,1,'2023-11-07 13:49:16',NULL),(1171,4,'2023-11-07',1950,1,'2023-11-07 13:49:50',NULL),(1172,4,'2023-11-07',2000,1,'2023-11-07 15:14:28',NULL),(1173,4,'2023-11-07',850,1,'2023-11-07 15:15:20',NULL),(1174,4,'2023-11-07',2000,2,'2023-11-07 15:42:49',NULL),(1175,4,'2023-11-07',1200,1,'2023-11-07 16:48:42',NULL),(1176,4,'2023-11-07',1500,1,'2023-11-07 16:50:02',NULL),(1177,4,'2023-11-07',1400,1,'2023-11-07 16:50:43',NULL),(1178,4,'2023-11-07',900,1,'2023-11-07 16:50:59',NULL),(1179,4,'2023-11-07',12000,1,'2023-11-07 16:51:46',NULL),(1180,4,'2023-11-07',4000,1,'2023-11-07 16:53:07',NULL),(1181,4,'2023-11-07',2900,1,'2023-11-07 16:56:37',NULL),(1182,4,'2023-11-07',1600,1,'2023-11-07 16:58:21',NULL),(1183,4,'2023-11-07',6100,1,'2023-11-07 17:01:12',NULL),(1184,4,'2023-11-07',2150,1,'2023-11-07 17:04:09',NULL),(1185,4,'2023-11-07',850,1,'2023-11-07 17:05:20',NULL),(1186,4,'2023-11-07',1800,1,'2023-11-07 17:05:47',NULL),(1187,4,'2023-11-07',2600,1,'2023-11-07 17:07:40',NULL),(1188,4,'2023-11-07',5800,1,'2023-11-07 17:11:10',NULL),(1189,4,'2023-11-07',4550,1,'2023-11-07 17:14:41',NULL),(1190,4,'2023-11-07',5300,1,'2023-11-07 17:16:46',NULL),(1191,4,'2023-11-07',5600,1,'2023-11-07 17:17:46',NULL),(1192,4,'2023-11-07',6400,1,'2023-11-07 17:19:33',NULL),(1193,4,'2023-11-07',2700,1,'2023-11-07 17:21:13',NULL),(1194,4,'2023-11-07',900,1,'2023-11-07 17:22:34',NULL),(1195,4,'2023-11-07',1200,1,'2023-11-07 17:23:09',NULL),(1196,4,'2023-11-07',7650,1,'2023-11-07 17:26:36',NULL),(1197,4,'2023-11-07',2100,1,'2023-11-07 17:28:52',NULL),(1198,4,'2023-11-07',2250,1,'2023-11-07 17:29:53',NULL),(1199,4,'2023-11-07',1300,1,'2023-11-07 17:30:38',NULL),(1200,4,'2023-11-07',2000,1,'2023-11-07 17:32:01',NULL),(1201,4,'2023-11-07',1200,1,'2023-11-07 17:32:47',NULL),(1202,4,'2023-11-07',600,1,'2023-11-07 17:33:55',NULL),(1203,4,'2023-11-07',200,1,'2023-11-07 17:34:27',NULL),(1204,4,'2023-11-07',300,1,'2023-11-07 17:45:29',NULL),(1205,4,'2023-11-07',700,1,'2023-11-07 17:49:52',NULL),(1206,4,'2023-11-07',1750,1,'2023-11-07 17:52:03',NULL),(1207,4,'2023-11-07',1800,1,'2023-11-07 17:53:10',NULL),(1208,4,'2023-11-07',25,1,'2023-11-07 18:07:12',NULL),(1209,4,'2023-11-07',1500,1,'2023-11-07 19:00:49',NULL),(1210,4,'2023-11-07',0,1,'2023-11-07 19:00:59',NULL),(1211,4,'2023-11-07',2500,1,'2023-11-07 19:01:47',NULL),(1212,4,'2023-11-07',2000,1,'2023-11-07 19:04:26',NULL),(1213,4,'2023-11-07',1100,1,'2023-11-07 19:05:38',NULL),(1214,4,'2023-11-07',0,1,'2023-11-07 19:05:47',NULL),(1215,4,'2023-11-07',1200,1,'2023-11-07 19:06:52',NULL),(1216,4,'2023-11-08',750,1,'2023-11-08 11:05:36',NULL),(1217,4,'2023-11-08',1200,1,'2023-11-08 11:06:52',NULL),(1218,4,'2023-11-08',1600,1,'2023-11-08 11:08:34',NULL),(1219,4,'2023-11-08',2625,1,'2023-11-08 11:09:48',NULL),(1220,4,'2023-11-08',1850,2,'2023-11-08 11:12:36',NULL),(1221,4,'2023-11-08',1175,2,'2023-11-08 11:13:54',NULL),(1222,4,'2023-11-08',1150,1,'2023-11-08 11:18:44',NULL),(1223,4,'2023-11-08',475,1,'2023-11-08 11:21:21',NULL),(1224,4,'2023-11-08',2400,1,'2023-11-08 11:25:26',NULL),(1225,4,'2023-11-08',900,1,'2023-11-08 11:26:07',NULL),(1226,4,'2023-11-08',800,2,'2023-11-08 11:29:22',NULL),(1227,4,'2023-11-08',0,1,'2023-11-08 11:29:26',NULL),(1228,4,'2023-11-08',5000,1,'2023-11-08 11:30:43',NULL),(1229,4,'2023-11-08',900,1,'2023-11-08 11:31:22',NULL),(1230,4,'2023-11-08',100,1,'2023-11-08 11:32:19',NULL),(1231,4,'2023-11-08',400,1,'2023-11-08 11:32:42',NULL),(1232,4,'2023-11-08',1725,1,'2023-11-08 11:33:36',NULL),(1233,4,'2023-11-08',600,1,'2023-11-08 11:35:51',NULL),(1234,4,'2023-11-08',150,1,'2023-11-08 11:38:08',NULL),(1235,4,'2023-11-08',1100,1,'2023-11-08 11:39:11',NULL),(1236,4,'2023-11-08',850,1,'2023-11-08 11:48:26',NULL),(1237,4,'2023-11-08',450,1,'2023-11-08 11:49:23',NULL),(1238,4,'2023-11-08',450,1,'2023-11-08 11:49:54',NULL),(1239,4,'2023-11-08',800,1,'2023-11-08 11:53:28',NULL),(1240,4,'2023-11-08',600,1,'2023-11-08 11:54:48',NULL),(1241,4,'2023-11-08',300,1,'2023-11-08 11:55:47',NULL),(1242,4,'2023-11-08',2400,1,'2023-11-08 12:22:49',NULL),(1243,4,'2023-11-08',650,1,'2023-11-08 12:25:01',NULL),(1244,4,'2023-11-08',1400,1,'2023-11-08 12:25:48',NULL),(1245,4,'2023-11-08',1100,1,'2023-11-08 12:27:06',NULL),(1246,4,'2023-11-08',1400,1,'2023-11-08 12:31:39',NULL),(1247,4,'2023-11-08',500,1,'2023-11-08 12:32:44',NULL),(1248,4,'2023-11-08',2150,1,'2023-11-08 15:07:48',NULL),(1249,4,'2023-11-08',850,1,'2023-11-08 15:23:46',NULL),(1250,4,'2023-11-08',1825,1,'2023-11-08 15:29:36',NULL),(1251,4,'2023-11-08',1050,2,'2023-11-08 15:31:25',NULL),(1252,4,'2023-11-08',1100,2,'2023-11-08 15:36:09',NULL),(1253,4,'2023-11-08',2800,1,'2023-11-08 15:37:04',NULL),(1254,4,'2023-11-08',1300,1,'2023-11-08 15:37:34',NULL),(1255,4,'2023-11-08',1200,1,'2023-11-08 15:38:26',NULL),(1256,4,'2023-11-08',1450,1,'2023-11-08 15:39:10',NULL),(1257,4,'2023-11-08',1800,1,'2023-11-08 15:48:41',NULL),(1258,4,'2023-11-08',650,1,'2023-11-08 15:50:33',NULL),(1259,4,'2023-11-08',700,1,'2023-11-08 15:54:38',NULL),(1260,4,'2023-11-08',2100,1,'2023-11-08 15:55:16',NULL),(1261,4,'2023-11-08',100,1,'2023-11-08 15:56:14',NULL),(1262,4,'2023-11-08',625,1,'2023-11-08 15:57:22',NULL),(1263,4,'2023-11-08',300,1,'2023-11-08 15:59:12',NULL),(1264,4,'2023-11-08',0,1,'2023-11-08 15:59:52',NULL),(1265,4,'2023-11-08',575,1,'2023-11-08 16:01:00',NULL),(1266,4,'2023-11-08',150,1,'2023-11-08 16:01:33',NULL),(1267,4,'2023-11-08',300,1,'2023-11-08 16:04:26',NULL),(1268,4,'2023-11-08',2600,1,'2023-11-08 16:05:47',NULL),(1269,4,'2023-11-08',800,1,'2023-11-08 16:06:34',NULL),(1270,4,'2023-11-08',450,1,'2023-11-08 16:06:56',NULL),(1271,4,'2023-11-08',100,1,'2023-11-08 16:07:43',NULL),(1272,4,'2023-11-08',3100,1,'2023-11-08 16:08:57',NULL),(1273,4,'2023-11-08',1450,1,'2023-11-08 16:09:50',NULL),(1274,4,'2023-11-08',300,1,'2023-11-08 16:10:22',NULL),(1275,4,'2023-11-08',3100,1,'2023-11-08 16:13:04',NULL),(1276,4,'2023-11-08',650,1,'2023-11-08 16:13:51',NULL),(1277,4,'2023-11-08',800,1,'2023-11-08 16:15:16',NULL),(1278,4,'2023-11-08',750,1,'2023-11-08 16:17:15',NULL),(1279,4,'2023-11-08',3000,1,'2023-11-08 16:39:51',NULL),(1280,4,'2023-11-08',1600,1,'2023-11-08 16:41:21',NULL),(1281,4,'2023-11-08',1100,1,'2023-11-08 16:44:07',NULL),(1282,4,'2023-11-08',1150,1,'2023-11-08 16:45:10',NULL),(1283,4,'2023-11-08',500,1,'2023-11-08 16:46:27',NULL),(1284,4,'2023-11-08',625,1,'2023-11-08 16:49:12',NULL),(1285,4,'2023-11-09',300,1,'2023-11-09 09:07:32',NULL),(1286,4,'2023-11-09',600,1,'2023-11-09 09:08:01',NULL),(1287,4,'2023-11-09',1300,1,'2023-11-09 09:08:25',NULL),(1288,4,'2023-11-09',700,1,'2023-11-09 09:08:58',NULL),(1289,4,'2023-11-09',950,1,'2023-11-09 09:09:28',NULL),(1290,4,'2023-11-09',1200,1,'2023-11-09 09:09:57',NULL),(1291,4,'2023-11-09',1700,1,'2023-11-09 09:10:38',NULL),(1292,4,'2023-11-09',2300,1,'2023-11-09 09:11:32',NULL),(1293,4,'2023-11-09',450,1,'2023-11-09 09:12:42',NULL),(1294,4,'2023-11-09',1800,1,'2023-11-09 09:13:28',NULL),(1295,4,'2023-11-09',1000,1,'2023-11-09 09:14:03',NULL),(1296,4,'2023-11-09',350,1,'2023-11-09 09:31:04',NULL),(1297,4,'2023-11-09',825,1,'2023-11-09 09:49:06',NULL),(1298,4,'2023-11-09',1700,1,'2023-11-09 10:16:25',NULL),(1299,4,'2023-11-09',1250,1,'2023-11-09 10:16:58',NULL),(1300,4,'2023-11-09',2800,1,'2023-11-09 10:17:51',NULL),(1301,4,'2023-11-09',500,2,'2023-11-09 10:18:31',NULL),(1302,4,'2023-11-09',1050,1,'2023-11-09 10:19:13',NULL),(1303,4,'2023-11-09',525,1,'2023-11-09 11:18:55',NULL),(1304,4,'2023-11-09',1000,1,'2023-11-09 11:33:08',NULL),(1305,4,'2023-11-09',600,1,'2023-11-09 11:46:01',NULL),(1306,4,'2023-11-09',1700,1,'2023-11-09 11:47:01',NULL),(1307,4,'2023-11-09',2100,1,'2023-11-09 13:16:11',NULL),(1308,4,'2023-11-09',100,1,'2023-11-09 13:19:16',NULL),(1309,4,'2023-11-09',400,1,'2023-11-09 13:25:34',NULL),(1310,4,'2023-11-09',600,1,'2023-11-09 13:44:56',NULL),(1311,4,'2023-11-09',900,1,'2023-11-09 13:45:25',NULL),(1312,4,'2023-11-09',450,1,'2023-11-09 13:46:09',NULL),(1313,4,'2023-11-09',100,1,'2023-11-09 13:46:41',NULL),(1314,4,'2023-11-09',1050,1,'2023-11-09 13:55:05',NULL),(1315,4,'2023-11-09',1500,1,'2023-11-09 13:57:41',NULL),(1316,4,'2023-11-09',250,1,'2023-11-09 13:59:30',NULL),(1317,4,'2023-11-09',1100,1,'2023-11-09 14:01:11',NULL),(1318,4,'2023-11-09',1350,1,'2023-11-09 14:03:43',NULL),(1319,4,'2023-11-09',1000,1,'2023-11-09 14:04:17',NULL),(1320,4,'2023-11-09',5050,2,'2023-11-09 14:10:21',NULL),(1321,4,'2023-11-09',1750,1,'2023-11-09 14:12:35',NULL),(1322,4,'2023-11-09',450,1,'2023-11-09 14:14:07',NULL),(1323,4,'2023-11-09',850,1,'2023-11-09 14:20:16',NULL),(1324,4,'2023-11-09',1500,1,'2023-11-09 14:21:15',NULL),(1325,4,'2023-11-09',450,1,'2023-11-09 14:23:55',NULL),(1326,4,'2023-11-09',100,1,'2023-11-09 14:48:31',NULL),(1327,4,'2023-11-09',2600,1,'2023-11-09 14:49:03',NULL),(1328,4,'2023-11-09',0,1,'2023-11-09 15:01:24',NULL),(1329,4,'2023-11-09',2400,1,'2023-11-09 15:13:10',NULL),(1330,4,'2023-11-09',3650,1,'2023-11-09 15:14:29',NULL),(1331,4,'2023-11-09',1100,1,'2023-11-09 15:15:12',NULL),(1332,4,'2023-11-09',600,1,'2023-11-09 15:17:13',NULL),(1333,4,'2023-11-09',2700,1,'2023-11-09 15:19:52',NULL),(1334,4,'2023-11-09',600,1,'2023-11-09 15:21:05',NULL),(1335,4,'2023-11-09',875,1,'2023-11-09 15:22:37',NULL),(1336,4,'2023-11-09',3350,1,'2023-11-09 15:23:32',NULL),(1337,4,'2023-11-09',3700,1,'2023-11-09 15:38:40',NULL),(1338,4,'2023-11-09',1100,1,'2023-11-09 15:41:23',NULL),(1339,4,'2023-11-09',200,1,'2023-11-09 15:41:56',NULL),(1340,4,'2023-11-09',1100,1,'2023-11-09 15:43:54',NULL),(1341,4,'2023-11-09',750,1,'2023-11-09 15:45:29',NULL),(1342,4,'2023-11-09',2700,1,'2023-11-09 15:48:32',NULL),(1343,4,'2023-11-09',600,1,'2023-11-09 15:51:44',NULL),(1344,4,'2023-11-09',2200,1,'2023-11-09 15:53:18',NULL),(1345,4,'2023-11-09',300,1,'2023-11-09 15:54:00',NULL),(1346,4,'2023-11-09',1200,1,'2023-11-09 15:56:24',NULL),(1347,4,'2023-11-09',600,1,'2023-11-09 16:11:34',NULL),(1348,4,'2023-11-09',0,1,'2023-11-09 16:11:53',NULL),(1349,4,'2023-11-09',2400,1,'2023-11-09 16:13:04',NULL),(1350,4,'2023-11-09',400,1,'2023-11-09 16:14:11',NULL),(1351,4,'2023-11-09',4950,1,'2023-11-09 16:15:44',NULL),(1352,4,'2023-11-09',750,1,'2023-11-09 16:17:10',NULL),(1353,4,'2023-11-09',200,1,'2023-11-09 16:31:45',NULL),(1354,4,'2023-11-09',1200,2,'2023-11-09 16:33:06',NULL),(1355,4,'2023-11-09',600,1,'2023-11-09 16:33:38',NULL),(1356,4,'2023-11-09',0,1,'2023-11-09 16:52:33',NULL),(1357,4,'2023-11-09',975,1,'2023-11-09 16:53:35',NULL),(1358,4,'2023-11-09',0,1,'2023-11-09 16:53:39',NULL),(1359,4,'2023-11-10',575,1,'2023-11-10 08:53:18',NULL),(1360,4,'2023-11-10',2450,1,'2023-11-10 08:54:14',NULL),(1361,4,'2023-11-10',2750,1,'2023-11-10 09:06:26',NULL),(1362,4,'2023-11-10',3550,1,'2023-11-10 09:07:12',NULL),(1363,4,'2023-11-10',1475,1,'2023-11-10 09:07:57',NULL),(1364,4,'2023-11-10',800,1,'2023-11-10 09:09:10',NULL),(1365,4,'2023-11-10',2300,1,'2023-11-10 09:10:40',NULL),(1366,4,'2023-11-10',1050,1,'2023-11-10 10:24:06',NULL),(1367,4,'2023-11-10',2500,1,'2023-11-10 10:25:26',NULL),(1368,4,'2023-11-10',500,1,'2023-11-10 10:25:56',NULL),(1369,4,'2023-11-10',3050,1,'2023-11-10 10:27:11',NULL),(1370,4,'2023-11-10',150,1,'2023-11-10 10:27:51',NULL),(1371,4,'2023-11-10',800,1,'2023-11-10 10:28:14',NULL),(1372,4,'2023-11-10',3600,1,'2023-11-10 10:31:18',NULL),(1373,4,'2023-11-10',1150,1,'2023-11-10 10:33:21',NULL),(1374,4,'2023-11-10',600,1,'2023-11-10 10:34:01',NULL),(1375,4,'2023-11-10',1600,1,'2023-11-10 10:34:29',NULL),(1376,4,'2023-11-10',1900,1,'2023-11-10 10:34:56',NULL),(1377,4,'2023-11-10',125,1,'2023-11-10 10:36:04',NULL),(1378,4,'2023-11-10',2250,1,'2023-11-10 10:40:06',NULL),(1379,4,'2023-11-10',150,1,'2023-11-10 10:40:43',NULL),(1380,4,'2023-11-10',1850,1,'2023-11-10 11:26:39',NULL),(1381,4,'2023-11-10',2000,1,'2023-11-10 11:41:48',NULL),(1382,4,'2023-11-10',150,1,'2023-11-10 11:47:36',NULL),(1383,4,'2023-11-10',0,1,'2023-11-10 11:47:41',NULL),(1384,4,'2023-11-10',1600,1,'2023-11-10 11:48:51',NULL),(1385,4,'2023-11-10',900,1,'2023-11-10 11:50:34',NULL),(1386,4,'2023-11-10',450,1,'2023-11-10 11:51:50',NULL),(1387,4,'2023-11-10',1600,1,'2023-11-10 11:59:12',NULL),(1388,4,'2023-11-10',900,1,'2023-11-10 12:07:01',NULL),(1389,4,'2023-11-10',650,1,'2023-11-10 12:10:15',NULL),(1390,4,'2023-11-10',400,1,'2023-11-10 12:34:01',NULL),(1391,4,'2023-11-10',0,1,'2023-11-10 12:34:22',NULL),(1392,4,'2023-11-10',1800,1,'2023-11-10 12:36:42',NULL),(1393,4,'2023-11-10',1250,1,'2023-11-10 12:37:50',NULL),(1394,4,'2023-11-10',200,1,'2023-11-10 12:38:29',NULL),(1395,4,'2023-11-10',1200,1,'2023-11-10 13:59:57',NULL),(1396,4,'2023-11-10',850,1,'2023-11-10 14:02:45',NULL),(1397,4,'2023-11-10',2450,1,'2023-11-10 14:03:33',NULL),(1398,4,'2023-11-10',300,1,'2023-11-10 14:16:31',NULL),(1399,4,'2023-11-10',800,1,'2023-11-10 14:18:02',NULL),(1400,4,'2023-11-10',450,1,'2023-11-10 14:20:20',NULL),(1401,4,'2023-11-10',400,1,'2023-11-10 14:21:31',NULL),(1402,4,'2023-11-10',900,1,'2023-11-10 14:25:36',NULL),(1403,4,'2023-11-10',250,1,'2023-11-10 14:29:26',NULL),(1404,4,'2023-11-10',600,1,'2023-11-10 14:33:12',NULL),(1405,4,'2023-11-10',300,1,'2023-11-10 15:10:01',NULL),(1406,4,'2023-11-10',2300,1,'2023-11-10 15:19:28',NULL),(1407,4,'2023-11-10',3200,1,'2023-11-10 15:37:25',NULL),(1408,4,'2023-11-10',525,1,'2023-11-10 15:40:29',NULL),(1409,4,'2023-11-10',300,1,'2023-11-10 15:43:41',NULL),(1410,4,'2023-11-10',850,1,'2023-11-10 15:57:08',NULL),(1411,4,'2023-11-10',0,1,'2023-11-10 15:57:39',NULL),(1412,4,'2023-11-10',400,1,'2023-11-10 16:01:05',NULL),(1413,4,'2023-11-10',750,1,'2023-11-10 16:01:29',NULL),(1414,4,'2023-11-10',2100,1,'2023-11-10 16:18:03',NULL),(1415,4,'2023-11-10',1800,1,'2023-11-10 16:20:40',NULL),(1416,4,'2023-11-10',0,1,'2023-11-10 16:24:10',NULL),(1417,4,'2023-11-10',1400,1,'2023-11-10 16:24:58',NULL),(1418,4,'2023-11-10',2000,1,'2023-11-10 16:28:38',NULL),(1419,4,'2023-11-10',300,1,'2023-11-10 16:29:02',NULL),(1420,4,'2023-11-10',175,1,'2023-11-10 16:31:36',NULL),(1421,4,'2023-11-10',1250,1,'2023-11-10 16:32:10',NULL),(1422,4,'2023-11-10',200,1,'2023-11-10 16:34:32',NULL),(1423,4,'2023-11-10',450,1,'2023-11-10 16:35:12',NULL),(1424,4,'2023-11-10',2000,1,'2023-11-10 20:07:54',NULL),(1425,4,'2023-11-10',750,1,'2023-11-10 20:08:47',NULL),(1426,4,'2023-11-10',200,1,'2023-11-10 20:09:52',NULL),(1427,4,'2023-11-10',750,1,'2023-11-10 20:12:55',NULL),(1428,4,'2023-11-10',600,1,'2023-11-10 20:13:42',NULL),(1429,4,'2023-11-10',450,1,'2023-11-10 20:14:18',NULL),(1430,4,'2023-11-10',600,1,'2023-11-10 20:15:08',NULL),(1431,4,'2023-11-10',0,1,'2023-11-10 20:15:14',NULL),(1432,4,'2023-11-10',0,1,'2023-11-10 20:15:22',NULL),(1433,4,'2023-11-10',450,1,'2023-11-10 20:15:51',NULL),(1434,4,'2023-11-10',1450,1,'2023-11-10 20:18:22',NULL),(1435,4,'2023-11-10',0,1,'2023-11-10 20:18:42',NULL),(1436,4,'2023-11-10',400,1,'2023-11-10 20:19:14',NULL),(1437,4,'2023-11-10',300,1,'2023-11-10 20:19:57',NULL),(1438,4,'2023-11-10',200,1,'2023-11-10 20:20:36',NULL),(1439,4,'2023-11-10',900,1,'2023-11-10 20:29:39',NULL),(1440,4,'2023-11-10',1000,1,'2023-11-10 20:30:57',NULL),(1441,5,'2023-11-13',1750,1,'2023-11-13 13:49:48',NULL),(1442,5,'2023-11-13',1600,1,'2023-11-13 13:50:20',NULL),(1443,5,'2023-11-13',900,1,'2023-11-13 14:24:01',NULL),(1444,4,'2023-11-13',450,1,'2023-11-13 15:14:12',NULL),(1445,4,'2023-11-13',450,1,'2023-11-13 15:16:48',NULL),(1446,4,'2023-11-13',400,1,'2023-11-13 15:20:25',NULL),(1447,4,'2023-11-13',2900,2,'2023-11-13 15:34:55',NULL),(1448,4,'2023-11-13',200,2,'2023-11-13 15:37:43',NULL),(1449,4,'2023-11-13',1400,2,'2023-11-13 15:43:32',NULL),(1450,4,'2023-11-13',8250,2,'2023-11-13 16:04:36',NULL),(1451,4,'2023-11-13',0,1,'2023-11-13 16:04:47',NULL),(1452,4,'2023-11-13',600,1,'2023-11-13 16:17:31',NULL),(1453,4,'2023-11-13',600,1,'2023-11-13 16:27:03',NULL),(1454,4,'2023-11-13',1400,1,'2023-11-13 16:30:55',NULL),(1455,4,'2023-11-13',2000,1,'2023-11-13 16:36:01',NULL),(1456,4,'2023-11-13',750,2,'2023-11-13 16:38:26',NULL),(1457,4,'2023-11-13',4800,2,'2023-11-13 16:42:34',NULL),(1458,5,'2023-11-13',6000,1,'2023-11-13 16:44:09',NULL),(1459,5,'2023-11-13',100,1,'2023-11-13 16:44:29',NULL),(1460,5,'2023-11-13',450,1,'2023-11-13 16:46:17',NULL),(1461,5,'2023-11-13',100,1,'2023-11-13 16:46:36',NULL),(1462,5,'2023-11-13',2400,1,'2023-11-13 16:53:58',NULL),(1463,5,'2023-11-13',100,1,'2023-11-13 16:55:09',NULL),(1464,5,'2023-11-13',100,1,'2023-11-13 16:58:27',NULL),(1465,5,'2023-11-13',1000,1,'2023-11-13 17:00:23',NULL),(1466,5,'2023-11-13',5250,1,'2023-11-13 17:04:28',NULL),(1467,4,'2023-11-16',1875,1,'2023-11-16 08:14:30',NULL),(1468,4,'2023-11-16',3150,1,'2023-11-16 08:58:40',NULL),(1469,4,'2023-11-16',1575,1,'2023-11-16 09:05:07',NULL),(1470,4,'2023-11-16',200,1,'2023-11-16 09:06:12',NULL),(1471,4,'2023-11-16',100,1,'2023-11-16 09:07:26',NULL),(1472,4,'2023-11-16',3000,1,'2023-11-16 12:20:35',NULL),(1473,4,'2023-11-16',300,1,'2023-11-16 12:22:24',NULL),(1474,4,'2023-11-16',1100,1,'2023-11-16 12:34:02',NULL),(1475,4,'2023-11-16',575,1,'2023-11-16 12:42:20',NULL),(1476,4,'2023-11-16',600,1,'2023-11-16 13:17:03',NULL),(1477,4,'2023-11-16',7050,1,'2023-11-16 14:45:01',NULL),(1478,4,'2023-11-16',2500,2,'2023-11-16 14:50:18',NULL),(1479,4,'2023-11-16',7550,1,'2023-11-16 14:59:23',NULL),(1480,4,'2023-11-16',4950,1,'2023-11-16 15:02:25',NULL),(1481,4,'2023-11-16',3400,1,'2023-11-16 15:03:55',NULL),(1482,4,'2023-11-16',2625,1,'2023-11-16 15:22:09',NULL),(1483,4,'2023-11-16',250,1,'2023-11-16 15:25:37',NULL),(1484,4,'2023-11-16',300,1,'2023-11-16 15:28:05',NULL),(1485,4,'2023-11-16',1700,1,'2023-11-16 15:30:02',NULL),(1486,4,'2023-11-16',1800,1,'2023-11-16 15:33:56',NULL),(1487,4,'2023-11-16',1500,1,'2023-11-16 15:35:06',NULL),(1488,4,'2023-11-17',2100,1,'2023-11-17 09:23:02',NULL),(1489,4,'2023-11-17',500,1,'2023-11-17 09:25:50',NULL),(1490,4,'2023-11-17',1200,1,'2023-11-17 09:29:59',NULL),(1491,4,'2023-11-17',75,1,'2023-11-17 09:30:56',NULL),(1492,4,'2023-11-17',1100,1,'2023-11-17 09:32:48',NULL),(1493,4,'2023-11-17',400,1,'2023-11-17 09:33:57',NULL),(1494,4,'2023-11-17',450,1,'2023-11-17 09:35:48',NULL),(1495,4,'2023-11-17',1000,1,'2023-11-17 09:47:07',NULL),(1496,4,'2023-11-17',3450,1,'2023-11-17 11:22:38',NULL),(1497,4,'2023-11-17',1800,1,'2023-11-17 11:26:29',NULL),(1498,4,'2023-11-17',1125,1,'2023-11-17 11:37:26',NULL),(1499,4,'2023-11-17',450,1,'2023-11-17 11:40:11',NULL),(1500,4,'2023-11-17',1350,1,'2023-11-17 11:43:57',NULL),(1501,4,'2023-11-17',500,1,'2023-11-17 11:52:37',NULL),(1502,4,'2023-11-17',800,1,'2023-11-17 12:13:13',NULL),(1503,4,'2023-11-17',650,1,'2023-11-17 12:14:36',NULL),(1504,4,'2023-11-17',2100,1,'2023-11-17 12:18:26',NULL),(1505,4,'2023-11-17',750,1,'2023-11-17 12:19:39',NULL),(1506,4,'2023-11-17',1200,1,'2023-11-17 12:26:14',NULL),(1507,4,'2023-11-17',525,1,'2023-11-17 13:00:24',NULL),(1508,4,'2023-11-17',650,1,'2023-11-17 14:17:22',NULL),(1509,4,'2023-11-17',2300,1,'2023-11-17 14:23:07',NULL),(1510,4,'2023-11-17',4550,1,'2023-11-17 16:33:00',NULL),(1511,4,'2023-11-17',2775,1,'2023-11-17 16:35:50',NULL),(1512,4,'2023-11-17',2900,1,'2023-11-17 16:43:02',NULL),(1513,4,'2023-11-17',8800,1,'2023-11-17 16:46:25',NULL),(1514,4,'2023-11-17',5650,1,'2023-11-17 16:56:45',NULL),(1515,4,'2023-11-17',2075,1,'2023-11-17 17:03:53',NULL),(1516,4,'2023-11-17',3750,1,'2023-11-17 17:07:48',NULL),(1517,4,'2023-11-17',2400,1,'2023-11-17 17:26:56',NULL),(1518,4,'2023-11-17',2550,1,'2023-11-17 17:29:18',NULL),(1519,4,'2023-11-17',2400,1,'2023-11-17 17:30:26',NULL),(1520,4,'2023-11-17',1000,1,'2023-11-17 17:40:54',NULL),(1521,5,'2023-11-17',4000,1,'2023-11-17 18:24:20',NULL),(1522,5,'2023-11-17',500,1,'2023-11-17 18:24:47',NULL),(1523,5,'2023-11-17',1300,1,'2023-11-17 18:25:35',NULL),(1524,5,'2023-11-17',0,1,'2023-11-17 19:11:34',NULL),(1525,4,'2023-11-17',150,1,'2023-11-17 19:12:42',NULL),(1526,4,'2023-11-17',0,1,'2023-11-17 19:29:06',NULL),(1527,4,'2023-11-17',3200,1,'2023-11-17 19:43:24',NULL),(1528,4,'2023-11-20',1500,1,'2023-11-20 10:57:44',NULL),(1529,4,'2023-11-20',2000,1,'2023-11-20 11:09:15',NULL),(1530,4,'2023-11-20',900,1,'2023-11-20 11:18:11',NULL),(1531,4,'2023-11-20',475,1,'2023-11-20 11:21:28',NULL),(1532,4,'2023-11-20',900,1,'2023-11-20 11:23:07',NULL),(1533,4,'2023-11-20',200,1,'2023-11-20 11:25:11',NULL),(1534,4,'2023-11-20',800,1,'2023-11-20 11:26:07',NULL),(1535,4,'2023-11-20',100,1,'2023-11-20 11:29:18',NULL),(1536,4,'2023-11-20',200,1,'2023-11-20 11:31:58',NULL),(1537,4,'2023-11-20',100,1,'2023-11-20 11:35:12',NULL),(1538,4,'2023-11-20',0,1,'2023-11-20 11:35:18',NULL),(1539,4,'2023-11-20',100,1,'2023-11-20 11:41:36',NULL),(1540,4,'2023-11-20',500,1,'2023-11-20 11:42:38',NULL),(1541,4,'2023-11-20',500,1,'2023-11-20 11:46:06',NULL),(1542,4,'2023-11-20',8900,1,'2023-11-20 16:09:25',NULL),(1543,4,'2023-11-20',1800,1,'2023-11-20 16:10:16',NULL),(1544,4,'2023-11-20',1400,1,'2023-11-20 16:15:55',NULL),(1545,4,'2023-11-20',3300,1,'2023-11-20 16:17:37',NULL),(1546,4,'2023-11-20',4600,1,'2023-11-20 16:20:35',NULL),(1547,4,'2023-11-20',2600,1,'2023-11-20 16:28:13',NULL),(1548,4,'2023-11-20',1650,1,'2023-11-20 16:29:40',NULL),(1549,4,'2023-11-20',4000,1,'2023-11-20 16:30:43',NULL),(1550,4,'2023-11-20',15800,1,'2023-11-20 16:33:40',NULL),(1551,4,'2023-11-20',2500,1,'2023-11-20 16:39:11',NULL),(1552,4,'2023-11-20',4600,1,'2023-11-20 16:43:13',NULL),(1553,4,'2023-11-20',100,1,'2023-11-20 16:44:35',NULL),(1554,4,'2023-11-20',3600,1,'2023-11-20 16:46:33',NULL),(1555,4,'2023-11-21',750,1,'2023-11-21 10:54:24',NULL),(1556,4,'2023-11-21',525,1,'2023-11-21 10:55:25',NULL),(1557,4,'2023-11-21',1500,1,'2023-11-21 10:57:32',NULL),(1558,4,'2023-11-21',800,1,'2023-11-21 11:00:16',NULL),(1559,4,'2023-11-21',500,1,'2023-11-21 11:12:41',NULL),(1560,4,'2023-11-21',1350,1,'2023-11-21 11:14:13',NULL),(1561,4,'2023-11-21',700,1,'2023-11-21 11:16:41',NULL),(1562,4,'2023-11-21',0,1,'2023-11-21 11:18:50',NULL),(1563,4,'2023-11-21',1800,1,'2023-11-21 11:20:52',NULL),(1564,4,'2023-11-21',100,1,'2023-11-21 11:21:35',NULL),(1565,4,'2023-11-21',600,1,'2023-11-21 11:23:12',NULL),(1566,4,'2023-11-21',10200,1,'2023-11-21 13:35:47',NULL),(1567,4,'2023-11-21',300,1,'2023-11-21 13:41:32',NULL),(1568,4,'2023-11-21',675,1,'2023-11-21 13:43:46',NULL),(1569,4,'2023-11-21',4350,1,'2023-11-21 13:57:38',NULL),(1570,4,'2023-11-21',2550,1,'2023-11-21 14:04:57',NULL),(1571,4,'2023-11-21',1350,1,'2023-11-21 14:07:20',NULL),(1572,4,'2023-11-21',1650,1,'2023-11-21 14:08:59',NULL),(1573,4,'2023-11-21',600,1,'2023-11-21 14:10:04',NULL),(1574,4,'2023-11-21',1200,1,'2023-11-21 14:12:46',NULL),(1575,4,'2023-11-21',300,1,'2023-11-21 14:14:45',NULL),(1576,4,'2023-11-21',2950,1,'2023-11-21 14:19:35',NULL),(1577,4,'2023-11-21',4300,1,'2023-11-21 14:22:13',NULL),(1578,4,'2023-11-21',100,1,'2023-11-21 14:24:18',NULL),(1579,4,'2023-11-21',4800,1,'2023-11-21 14:28:56',NULL),(1580,4,'2023-11-21',5000,1,'2023-11-21 14:32:06',NULL),(1581,4,'2023-11-21',3000,1,'2023-11-21 14:34:11',NULL),(1582,4,'2023-11-21',2700,1,'2023-11-21 14:36:44',NULL),(1583,4,'2023-11-21',100,1,'2023-11-21 14:37:24',NULL),(1584,4,'2023-11-21',2400,1,'2023-11-21 14:44:53',NULL),(1585,4,'2023-11-23',1000,1,'2023-11-23 11:30:58',NULL),(1586,4,'2023-11-23',35075,1,'2023-11-23 16:05:48',NULL),(1587,4,'2023-11-23',2200,2,'2023-11-23 17:03:58',NULL),(1588,4,'2023-11-23',0,2,'2023-11-23 17:04:05',NULL),(1589,4,'2023-11-23',1000,1,'2023-11-23 17:05:23',NULL),(1590,4,'2023-11-23',1400,1,'2023-11-23 17:08:18',NULL),(1591,4,'2023-11-23',5600,1,'2023-11-23 17:12:42',NULL),(1592,4,'2023-11-24',325,1,'2023-11-24 08:32:38',NULL),(1593,4,'2023-11-24',1350,1,'2023-11-24 08:33:41',NULL),(1594,4,'2023-11-24',100,1,'2023-11-24 08:34:26',NULL),(1595,4,'2023-11-24',625,1,'2023-11-24 08:36:45',NULL),(1596,4,'2023-11-24',100,1,'2023-11-24 08:39:42',NULL),(1597,4,'2023-11-24',4200,1,'2023-11-24 11:12:29',NULL),(1598,4,'2023-11-24',1000,1,'2023-11-24 11:13:52',NULL),(1599,4,'2023-11-24',3800,1,'2023-11-24 11:30:46',NULL),(1600,4,'2023-11-24',200,1,'2023-11-24 11:39:49',NULL),(1601,4,'2023-11-24',1200,1,'2023-11-24 11:45:51',NULL),(1602,4,'2023-11-24',1800,1,'2023-11-24 11:48:27',NULL),(1603,4,'2023-11-24',300,1,'2023-11-24 11:50:11',NULL),(1604,4,'2023-11-24',0,1,'2023-11-24 11:50:18',NULL),(1605,4,'2023-11-24',600,1,'2023-11-24 11:57:17',NULL),(1606,4,'2023-11-24',1850,1,'2023-11-24 12:02:47',NULL),(1607,4,'2023-11-24',100,1,'2023-11-24 12:03:40',NULL),(1608,4,'2023-11-24',250,1,'2023-11-24 12:09:55',NULL),(1609,4,'2023-11-24',2100,1,'2023-11-24 12:28:40',NULL),(1610,4,'2023-11-24',3300,1,'2023-11-24 12:34:08',NULL),(1611,4,'2023-11-24',1300,1,'2023-11-24 12:47:23',NULL),(1612,4,'2023-11-24',3450,1,'2023-11-24 12:49:42',NULL),(1613,4,'2023-11-24',200,1,'2023-11-24 12:51:33',NULL),(1614,4,'2023-11-24',800,1,'2023-11-24 12:52:48',NULL),(1615,4,'2023-11-24',200,1,'2023-11-24 17:06:03',NULL),(1616,4,'2023-11-25',500,1,'2023-11-25 06:52:25',NULL),(1617,4,'2023-11-25',300,1,'2023-11-25 06:52:57',NULL),(1618,4,'2023-11-25',1075,1,'2023-11-25 06:54:03',NULL),(1619,4,'2023-11-25',550,1,'2023-11-25 06:54:30',NULL),(1620,4,'2023-11-25',525,1,'2023-11-25 06:54:54',NULL),(1621,4,'2023-11-25',900,1,'2023-11-25 06:55:45',NULL),(1622,4,'2023-11-25',350,1,'2023-11-25 06:56:19',NULL),(1623,4,'2023-11-25',900,1,'2023-11-25 06:57:30',NULL),(1624,4,'2023-11-25',250,1,'2023-11-25 06:58:01',NULL),(1625,4,'2023-11-25',4300,1,'2023-11-25 06:58:55',NULL),(1626,4,'2023-11-25',2200,1,'2023-11-25 07:00:09',NULL),(1627,4,'2023-11-25',1850,1,'2023-11-25 07:00:46',NULL),(1628,4,'2023-11-25',2100,1,'2023-11-25 07:01:47',NULL),(1629,4,'2023-11-25',1050,1,'2023-11-25 07:02:34',NULL),(1630,4,'2023-11-25',2000,1,'2023-11-25 07:06:13',NULL),(1631,4,'2023-11-25',0,1,'2023-11-25 07:06:14',NULL),(1632,4,'2023-11-25',2000,2,'2023-11-25 07:10:32',NULL),(1633,4,'2023-11-25',900,2,'2023-11-25 07:12:45',NULL),(1634,4,'2023-11-25',2950,2,'2023-11-25 07:14:47',NULL),(1635,4,'2023-11-25',500,2,'2023-11-25 07:16:34',NULL),(1636,4,'2023-11-25',1000,2,'2023-11-25 07:18:38',NULL),(1637,4,'2023-11-25',900,2,'2023-11-25 07:20:07',NULL),(1638,4,'2023-11-25',950,2,'2023-11-25 07:22:03',NULL),(1639,4,'2023-11-25',600,2,'2023-11-25 07:23:36',NULL),(1640,4,'2023-11-25',600,2,'2023-11-25 07:27:17',NULL),(1641,4,'2023-11-25',300,1,'2023-11-25 07:28:12',NULL),(1642,4,'2023-11-25',700,1,'2023-11-25 07:29:12',NULL),(1643,4,'2023-11-25',700,1,'2023-11-25 07:31:51',NULL),(1644,4,'2023-11-25',1600,1,'2023-11-25 07:33:21',NULL),(1645,4,'2023-11-25',450,1,'2023-11-25 07:34:57',NULL),(1646,4,'2023-11-25',250,1,'2023-11-25 07:36:06',NULL),(1647,4,'2023-11-25',250,1,'2023-11-25 07:36:54',NULL),(1648,4,'2023-11-27',1300,1,'2023-11-27 08:57:33',NULL),(1649,4,'2023-11-27',200,1,'2023-11-27 09:00:24',NULL),(1650,4,'2023-11-27',600,1,'2023-11-27 09:02:00',NULL),(1651,4,'2023-11-27',0,1,'2023-11-27 09:02:05',NULL),(1652,4,'2023-11-27',1100,1,'2023-11-27 09:05:11',NULL),(1653,4,'2023-11-27',100,1,'2023-11-27 09:06:30',NULL),(1654,4,'2023-11-27',625,1,'2023-11-27 09:08:33',NULL),(1655,4,'2023-11-27',1200,1,'2023-11-27 09:18:34',NULL),(1656,4,'2023-11-27',400,1,'2023-11-27 09:38:17',NULL),(1657,4,'2023-11-27',400,2,'2023-11-27 09:39:18',NULL),(1658,4,'2023-11-27',450,1,'2023-11-27 09:39:54',NULL),(1659,4,'2023-11-27',2150,1,'2023-11-27 11:11:05',NULL),(1660,4,'2023-11-27',1600,1,'2023-11-27 11:13:19',NULL),(1661,4,'2023-11-27',2450,1,'2023-11-27 11:31:03',NULL),(1662,4,'2023-11-27',450,1,'2023-11-27 11:36:43',NULL),(1663,4,'2023-11-27',600,1,'2023-11-27 11:38:32',NULL),(1664,4,'2023-11-27',200,1,'2023-11-27 11:39:15',NULL),(1665,4,'2023-11-27',2400,1,'2023-11-27 11:40:09',NULL),(1666,4,'2023-11-27',1500,1,'2023-11-27 11:41:24',NULL),(1667,4,'2023-11-27',1300,1,'2023-11-27 11:48:13',NULL),(1668,4,'2023-11-27',1500,1,'2023-11-27 11:49:19',NULL),(1669,4,'2023-11-27',2850,1,'2023-11-27 11:58:30',NULL),(1670,4,'2023-11-27',150,1,'2023-11-27 12:04:35',NULL),(1671,4,'2023-11-27',1625,1,'2023-11-27 12:08:49',NULL),(1672,4,'2023-11-27',25,1,'2023-11-27 12:09:23',NULL),(1673,4,'2023-11-27',1200,1,'2023-11-27 12:15:20',NULL),(1674,4,'2023-11-27',3200,1,'2023-11-27 12:16:56',NULL),(1675,4,'2023-11-27',400,1,'2023-11-27 12:44:57',NULL),(1676,4,'2023-11-27',2300,1,'2023-11-27 12:47:49',NULL),(1677,4,'2023-11-27',500,1,'2023-11-27 12:48:59',NULL),(1678,4,'2023-11-27',600,1,'2023-11-27 12:59:03',NULL),(1679,4,'2023-11-27',200,1,'2023-11-27 13:00:35',NULL),(1680,4,'2023-11-27',650,1,'2023-11-27 13:03:09',NULL),(1681,4,'2023-11-27',200,1,'2023-11-27 16:51:32',NULL),(1682,4,'2023-11-27',150,2,'2023-11-27 16:52:02',NULL),(1683,4,'2023-11-27',950,1,'2023-11-27 16:53:50',NULL),(1684,4,'2023-11-27',200,2,'2023-11-27 16:54:26',NULL),(1685,4,'2023-11-27',1700,1,'2023-11-27 16:55:57',NULL),(1686,4,'2023-11-27',800,2,'2023-11-27 16:56:46',NULL),(1687,4,'2023-11-27',1400,1,'2023-11-27 16:58:12',NULL),(1688,4,'2023-11-27',1000,1,'2023-11-27 16:58:57',NULL),(1689,4,'2023-11-27',100,1,'2023-11-27 16:59:34',NULL),(1690,4,'2023-11-27',900,1,'2023-11-27 17:00:23',NULL),(1691,4,'2023-11-27',1050,1,'2023-11-27 17:01:36',NULL),(1692,4,'2023-11-27',100,1,'2023-11-27 17:04:48',NULL),(1693,4,'2023-11-27',50,1,'2023-11-27 17:05:52',NULL),(1694,4,'2023-11-27',100,1,'2023-11-27 17:06:44',NULL),(1695,4,'2023-11-27',600,1,'2023-11-27 17:07:56',NULL),(1696,4,'2023-11-27',200,2,'2023-11-27 17:15:57',NULL),(1697,4,'2023-11-28',250,1,'2023-11-28 16:27:56',NULL),(1698,4,'2023-11-28',550,1,'2023-11-28 16:30:28',NULL),(1699,4,'2023-11-28',700,1,'2023-11-28 16:31:24',NULL),(1700,4,'2023-11-29',1400,1,'2023-11-29 07:28:19',NULL),(1701,4,'2023-11-29',200,1,'2023-11-29 07:30:19',NULL),(1702,4,'2023-11-29',300,1,'2023-11-29 07:52:05',NULL),(1703,4,'2023-11-29',200,1,'2023-11-29 11:01:33',NULL),(1704,4,'2023-11-29',200,2,'2023-11-29 11:04:14',NULL),(1705,4,'2023-11-29',100,2,'2023-11-29 11:04:55',NULL),(1706,4,'2023-11-29',200,2,'2023-11-29 11:05:34',NULL),(1707,4,'2023-11-29',1200,2,'2023-11-29 11:11:07',NULL),(1708,4,'2023-11-29',600,2,'2023-11-29 11:13:04',NULL),(1709,4,'2023-11-29',2650,1,'2023-11-29 12:27:56',NULL),(1710,4,'2023-11-29',1600,1,'2023-11-29 12:28:20',NULL),(1711,4,'2023-11-29',2300,1,'2023-11-29 12:29:10',NULL),(1712,4,'2023-11-29',2450,1,'2023-11-29 12:47:41',NULL),(1713,4,'2023-11-29',3400,1,'2023-11-29 12:52:18',NULL),(1714,4,'2023-11-29',2500,1,'2023-11-29 12:55:54',NULL),(1715,4,'2023-11-29',3200,1,'2023-11-29 12:58:54',NULL),(1716,4,'2023-11-29',2400,1,'2023-11-29 13:00:31',NULL),(1717,4,'2023-11-29',3250,1,'2023-11-29 13:04:23',NULL),(1718,4,'2023-11-29',1500,1,'2023-11-29 13:08:24',NULL),(1719,4,'2023-11-29',1550,1,'2023-11-29 13:10:16',NULL),(1720,4,'2023-11-29',400,1,'2023-11-29 13:11:03',NULL),(1721,4,'2023-11-29',3300,1,'2023-11-29 13:14:39',NULL),(1722,4,'2023-11-29',100,1,'2023-11-29 13:15:25',NULL),(1723,4,'2023-11-29',50,1,'2023-11-29 15:50:04',NULL),(1724,4,'2023-11-29',500,1,'2023-11-29 15:56:17',NULL),(1725,4,'2023-11-29',650,1,'2023-11-29 16:07:04',NULL),(1726,4,'2023-11-29',400,2,'2023-11-29 16:32:54',NULL),(1727,4,'2023-11-29',1950,1,'2023-11-29 16:39:22',NULL),(1728,4,'2023-11-29',1800,1,'2023-11-29 16:40:30',NULL),(1729,4,'2023-11-29',3200,2,'2023-11-29 16:42:11',NULL),(1730,4,'2023-11-29',0,2,'2023-11-29 16:42:15',NULL),(1731,4,'2023-11-29',800,1,'2023-11-29 16:43:12',NULL),(1732,4,'2023-11-29',100,2,'2023-11-29 16:44:03',NULL),(1733,4,'2023-11-29',250,2,'2023-11-29 16:45:27',NULL),(1734,4,'2023-11-29',150,2,'2023-11-29 16:45:53',NULL),(1735,4,'2023-11-29',300,2,'2023-11-29 16:46:46',NULL),(1736,4,'2023-11-29',1700,1,'2023-11-29 16:49:04',NULL),(1737,4,'2023-11-29',300,2,'2023-11-29 16:49:40',NULL),(1738,4,'2023-11-29',200,2,'2023-11-29 16:50:18',NULL),(1739,4,'2023-11-29',550,1,'2023-11-29 16:53:54',NULL),(1740,4,'2023-11-29',3000,1,'2023-11-29 16:58:20',NULL),(1741,4,'2023-11-29',1275,1,'2023-11-29 17:00:46',NULL),(1742,4,'2023-11-29',200,1,'2023-11-29 17:01:41',NULL),(1743,4,'2023-11-29',900,1,'2023-11-29 17:05:17',NULL),(1744,4,'2023-11-29',50,1,'2023-11-29 17:07:13',NULL),(1745,4,'2023-11-29',750,1,'2023-11-29 17:08:43',NULL),(1746,4,'2023-11-29',800,1,'2023-11-29 17:09:32',NULL),(1747,4,'2023-11-29',100,1,'2023-11-29 18:51:28',NULL),(1748,4,'2023-11-29',1000,1,'2023-11-29 19:03:52',NULL),(1749,4,'2023-11-29',200,1,'2023-11-29 19:04:17',NULL),(1750,4,'2023-11-29',450,1,'2023-11-29 19:05:03',NULL),(1751,4,'2023-11-29',350,1,'2023-11-29 19:06:16',NULL),(1752,4,'2023-11-29',350,1,'2023-11-29 19:07:11',NULL),(1753,4,'2023-11-30',800,1,'2023-11-30 08:59:08',NULL),(1754,4,'2023-11-30',3000,1,'2023-11-30 09:03:54',NULL),(1755,4,'2023-11-30',1400,1,'2023-11-30 09:05:59',NULL),(1756,4,'2023-11-30',2700,1,'2023-11-30 09:09:23',NULL),(1757,4,'2023-11-30',600,1,'2023-11-30 09:10:24',NULL),(1758,4,'2023-11-30',1900,1,'2023-11-30 09:12:24',NULL),(1759,4,'2023-11-30',700,1,'2023-11-30 09:13:46',NULL),(1760,4,'2023-11-30',800,1,'2023-11-30 09:15:15',NULL),(1761,4,'2023-11-30',450,1,'2023-11-30 09:16:24',NULL),(1762,4,'2023-11-30',4200,2,'2023-11-30 11:25:39',NULL),(1763,4,'2023-11-30',800,2,'2023-11-30 11:26:01',NULL),(1764,4,'2023-11-30',2000,1,'2023-11-30 11:27:06',NULL),(1765,4,'2023-11-30',2600,1,'2023-11-30 11:37:09',NULL),(1766,4,'2023-11-30',2250,1,'2023-11-30 11:41:58',NULL),(1767,4,'2023-11-30',1300,1,'2023-11-30 11:47:16',NULL),(1768,4,'2023-11-30',3150,1,'2023-11-30 11:48:43',NULL),(1769,4,'2023-11-30',3500,1,'2023-11-30 11:50:02',NULL),(1770,4,'2023-11-30',650,1,'2023-11-30 11:51:14',NULL),(1771,4,'2023-11-30',600,1,'2023-11-30 11:53:23',NULL),(1772,4,'2023-11-30',700,1,'2023-11-30 11:56:21',NULL),(1773,4,'2023-11-30',650,2,'2023-11-30 11:57:09',NULL),(1774,4,'2023-11-30',1600,1,'2023-11-30 11:58:15',NULL),(1775,4,'2023-11-30',4300,1,'2023-11-30 12:02:11',NULL),(1776,4,'2023-11-30',550,2,'2023-11-30 16:01:47',NULL),(1777,4,'2023-11-30',950,2,'2023-11-30 16:04:02',NULL),(1778,4,'2023-11-30',900,2,'2023-11-30 16:05:55',NULL),(1779,4,'2023-11-30',300,2,'2023-11-30 16:07:03',NULL),(1780,4,'2023-11-30',150,2,'2023-11-30 16:07:51',NULL),(1781,4,'2023-11-30',100,2,'2023-11-30 16:08:42',NULL),(1782,4,'2023-11-30',0,2,'2023-11-30 16:08:58',NULL),(1783,4,'2023-11-30',100,2,'2023-11-30 16:09:34',NULL),(1784,4,'2023-11-30',4150,1,'2023-11-30 16:19:37',NULL),(1785,4,'2023-11-30',4850,1,'2023-11-30 16:25:38',NULL),(1786,4,'2023-11-30',5400,1,'2023-11-30 16:29:30',NULL),(1787,4,'2023-11-30',3700,1,'2023-11-30 16:35:51',NULL),(1788,4,'2023-11-30',4000,1,'2023-11-30 16:36:36',NULL),(1789,4,'2023-11-30',4000,1,'2023-11-30 16:38:23',NULL),(1790,4,'2023-11-30',3700,1,'2023-11-30 16:41:28',NULL),(1791,4,'2023-11-30',750,1,'2023-11-30 16:42:24',NULL),(1792,4,'2023-11-30',4200,1,'2023-11-30 16:44:03',NULL),(1793,4,'2023-11-30',1300,1,'2023-11-30 16:48:43',NULL),(1794,4,'2023-12-01',5600,1,'2023-12-01 10:53:01',NULL),(1795,4,'2023-12-01',800,2,'2023-12-01 10:53:34',NULL),(1796,4,'2023-12-01',1200,1,'2023-12-01 10:54:30',NULL),(1797,4,'2023-12-01',4750,1,'2023-12-01 11:00:31',NULL),(1798,4,'2023-12-01',1950,1,'2023-12-01 11:10:56',NULL),(1799,4,'2023-12-01',4000,1,'2023-12-01 11:28:32',NULL),(1800,4,'2023-12-01',2500,1,'2023-12-01 11:33:23',NULL),(1801,4,'2023-12-01',8750,1,'2023-12-01 11:44:59',NULL),(1802,4,'2023-12-01',2000,2,'2023-12-01 11:52:36',NULL),(1803,4,'2023-12-01',3600,1,'2023-12-01 11:58:37',NULL),(1804,4,'2023-12-01',1400,1,'2023-12-01 12:01:17',NULL),(1805,4,'2023-12-01',8100,2,'2023-12-01 16:08:33',NULL),(1806,4,'2023-12-01',8200,1,'2023-12-01 16:16:12',NULL),(1807,4,'2023-12-01',11925,1,'2023-12-01 16:24:24',NULL),(1808,4,'2023-12-01',5850,1,'2023-12-01 16:31:53',NULL),(1809,4,'2023-12-01',9300,1,'2023-12-01 16:38:16',NULL),(1810,4,'2023-12-01',1200,1,'2023-12-01 17:08:29',NULL),(1811,4,'2023-12-01',2200,1,'2023-12-01 19:20:42',NULL),(1812,4,'2023-12-01',1150,1,'2023-12-01 19:47:38',NULL),(1813,4,'2023-12-01',0,1,'2023-12-01 19:47:44',NULL),(1814,4,'2023-12-04',4575,1,'2023-12-04 10:55:52',NULL),(1815,4,'2023-12-04',2500,2,'2023-12-04 10:59:10',NULL),(1816,4,'2023-12-04',7850,1,'2023-12-04 11:06:10',NULL),(1817,4,'2023-12-04',9400,1,'2023-12-04 11:15:30',NULL),(1818,4,'2023-12-04',1400,1,'2023-12-04 11:17:44',NULL),(1819,4,'2023-12-04',1250,1,'2023-12-04 11:24:58',NULL),(1820,4,'2023-12-04',10200,2,'2023-12-04 16:20:29',NULL),(1821,4,'2023-12-04',6400,1,'2023-12-04 16:23:49',NULL),(1822,4,'2023-12-04',1300,1,'2023-12-04 16:39:05',NULL),(1823,4,'2023-12-04',4550,1,'2023-12-04 16:42:53',NULL),(1824,4,'2023-12-04',18350,1,'2023-12-04 16:48:28',NULL),(1825,4,'2023-12-04',3200,1,'2023-12-04 16:52:46',NULL),(1826,4,'2023-12-04',3400,1,'2023-12-04 16:56:43',NULL),(1827,4,'2023-12-04',2100,1,'2023-12-04 17:33:40',NULL),(1828,4,'2023-12-04',1200,1,'2023-12-04 17:46:20',NULL),(1829,4,'2023-12-04',3950,1,'2023-12-04 18:52:31',NULL),(1830,4,'2023-12-04',100,1,'2023-12-04 19:02:18',NULL),(1831,4,'2023-12-04',0,1,'2023-12-04 19:02:23',NULL),(1832,4,'2023-12-04',25,1,'2023-12-04 19:38:51',NULL),(1833,4,'2023-12-05',2000,1,'2023-12-05 10:33:59',NULL),(1834,4,'2023-12-05',1325,1,'2023-12-05 10:37:38',NULL),(1835,4,'2023-12-05',700,1,'2023-12-05 10:57:02',NULL),(1836,4,'2023-12-05',2300,1,'2023-12-05 11:04:15',NULL),(1837,4,'2023-12-05',2450,1,'2023-12-05 11:14:16',NULL),(1838,4,'2023-12-05',2000,1,'2023-12-05 11:20:05',NULL),(1839,4,'2023-12-05',3700,2,'2023-12-05 11:44:01',NULL),(1840,4,'2023-12-05',2250,1,'2023-12-05 11:48:29',NULL),(1841,4,'2023-12-05',25,1,'2023-12-05 11:50:08',NULL),(1842,4,'2023-12-05',950,1,'2023-12-05 11:58:21',NULL),(1843,4,'2023-12-05',500,1,'2023-12-05 14:38:36',NULL),(1844,4,'2023-12-05',500,1,'2023-12-05 14:41:32',NULL),(1845,4,'2023-12-05',400,1,'2023-12-05 14:42:11',NULL),(1846,4,'2023-12-05',2000,1,'2023-12-05 14:43:30',NULL),(1847,4,'2023-12-05',4800,1,'2023-12-05 15:07:00',NULL),(1848,4,'2023-12-05',6000,1,'2023-12-05 15:22:50',NULL),(1849,4,'2023-12-05',3600,1,'2023-12-05 15:29:04',NULL),(1850,4,'2023-12-05',800,1,'2023-12-05 15:34:07',NULL),(1851,4,'2023-12-05',2950,1,'2023-12-05 18:17:37',NULL),(1852,4,'2023-12-05',1800,1,'2023-12-05 19:01:45',NULL),(1853,4,'2023-12-06',1575,1,'2023-12-06 10:54:42',NULL),(1854,4,'2023-12-06',7150,1,'2023-12-06 11:02:38',NULL),(1855,4,'2023-12-06',800,2,'2023-12-06 11:03:22',NULL),(1856,4,'2023-12-06',4100,1,'2023-12-06 11:10:24',NULL),(1857,4,'2023-12-06',0,1,'2023-12-06 11:11:28',NULL),(1858,4,'2023-12-06',1900,1,'2023-12-06 11:14:38',NULL),(1859,4,'2023-12-06',800,1,'2023-12-06 11:18:52',NULL),(1860,4,'2023-12-06',600,2,'2023-12-06 14:30:39',NULL),(1861,4,'2023-12-06',75,1,'2023-12-06 14:35:21',NULL),(1862,4,'2023-12-06',2225,1,'2023-12-06 14:41:10',NULL),(1863,4,'2023-12-06',4025,1,'2023-12-06 16:48:27',NULL),(1864,4,'2023-12-06',0,1,'2023-12-06 16:48:31',NULL),(1865,5,'2023-12-06',350,1,'2023-12-06 16:57:08',NULL),(1866,4,'2023-12-07',3875,1,'2023-12-07 12:06:38',NULL),(1867,4,'2023-12-07',2550,1,'2023-12-07 12:13:49',NULL),(1868,4,'2023-12-07',3450,1,'2023-12-07 12:20:25',NULL),(1869,4,'2023-12-07',10925,1,'2023-12-07 17:17:52',NULL),(1870,4,'2023-12-07',0,1,'2023-12-07 17:18:03',NULL),(1871,4,'2023-12-07',2050,2,'2023-12-07 17:19:13',NULL),(1872,4,'2023-12-08',600,1,'2023-12-08 10:10:54',NULL),(1873,4,'2023-12-08',1100,1,'2023-12-08 10:15:05',NULL),(1874,4,'2023-12-08',1600,1,'2023-12-08 10:17:03',NULL),(1875,4,'2023-12-08',4300,1,'2023-12-08 10:26:33',NULL),(1876,4,'2023-12-08',940,1,'2023-12-08 10:37:56',NULL),(1877,4,'2023-12-08',7450,1,'2023-12-08 10:55:27',NULL),(1878,4,'2023-12-08',0,1,'2023-12-08 10:55:31',NULL),(1879,4,'2023-12-08',0,1,'2023-12-08 10:55:41',NULL),(1880,4,'2023-12-08',4600,1,'2023-12-08 11:10:10',NULL),(1881,4,'2023-12-08',1500,1,'2023-12-08 11:56:00',NULL),(1882,4,'2023-12-08',4100,1,'2023-12-08 12:10:14',NULL),(1883,4,'2023-12-08',500,1,'2023-12-08 15:24:16',NULL),(1884,4,'2023-12-08',3800,2,'2023-12-08 15:30:30',NULL),(1885,4,'2023-12-08',7700,1,'2023-12-08 15:37:58',NULL),(1886,4,'2023-12-08',4980,1,'2023-12-08 15:48:11',NULL),(1887,4,'2023-12-08',6125,1,'2023-12-08 15:54:16',NULL),(1888,4,'2023-12-08',300,1,'2023-12-08 16:00:36',NULL),(1889,4,'2023-12-08',3100,1,'2023-12-08 16:06:16',NULL),(1890,4,'2023-12-08',1650,1,'2023-12-08 16:09:17',NULL),(1891,4,'2023-12-08',3480,1,'2023-12-08 16:13:47',NULL),(1892,4,'2023-12-11',8300,2,'2023-12-11 15:00:22',NULL),(1893,4,'2023-12-11',400,2,'2023-12-11 15:01:23',NULL),(1894,4,'2023-12-11',3100,1,'2023-12-11 15:03:53',NULL),(1895,4,'2023-12-11',4175,1,'2023-12-11 15:12:09',NULL),(1896,4,'2023-12-11',3485,1,'2023-12-11 15:15:58',NULL),(1897,4,'2023-12-11',1050,2,'2023-12-11 15:38:31',NULL),(1898,4,'2023-12-11',200,1,'2023-12-11 15:42:27',NULL),(1899,4,'2023-12-12',1400,2,'2023-12-12 12:53:52',NULL),(1900,4,'2023-12-12',3050,1,'2023-12-12 13:00:56',NULL),(1901,4,'2023-12-12',4350,1,'2023-12-12 13:14:19',NULL),(1902,4,'2023-12-12',825,1,'2023-12-12 13:15:28',NULL),(1903,4,'2023-12-12',0,1,'2023-12-12 13:24:47',NULL),(1904,4,'2023-12-12',2400,1,'2023-12-12 13:29:36',NULL),(1905,4,'2023-12-12',1650,2,'2023-12-12 13:54:56',NULL),(1906,4,'2023-12-12',1350,1,'2023-12-12 13:59:00',NULL),(1907,4,'2023-12-12',900,1,'2023-12-12 14:03:09',NULL),(1908,4,'2023-12-12',50,1,'2023-12-12 14:24:53',NULL),(1909,4,'2023-12-12',3900,1,'2023-12-12 14:32:55',NULL),(1910,4,'2023-12-12',900,2,'2023-12-12 14:43:43',NULL),(1911,4,'2023-12-12',7400,2,'2023-12-12 14:45:08',NULL),(1912,4,'2023-12-12',1810,1,'2023-12-12 15:20:19',NULL),(1913,4,'2023-12-12',1300,2,'2023-12-12 16:45:38',NULL),(1914,4,'2023-12-12',1600,2,'2023-12-12 16:55:01',NULL),(1915,4,'2023-12-13',3510,1,'2023-12-13 12:44:02',NULL),(1916,4,'2023-12-13',4400,1,'2023-12-13 14:00:21',NULL),(1917,4,'2023-12-13',4800,1,'2023-12-13 14:08:51',NULL),(1918,4,'2023-12-13',4575,1,'2023-12-13 14:22:43',NULL),(1919,4,'2023-12-13',3800,1,'2023-12-13 14:29:27',NULL),(1920,4,'2023-12-13',5050,1,'2023-12-13 14:38:14',NULL),(1921,4,'2023-12-13',6320,1,'2023-12-13 14:51:18',NULL),(1922,4,'2023-12-13',1150,2,'2023-12-13 14:58:42',NULL),(1923,4,'2023-12-13',300,1,'2023-12-13 15:08:29',NULL),(1924,4,'2023-12-13',350,1,'2023-12-13 15:36:59',NULL),(1925,4,'2023-12-13',1130,1,'2023-12-13 16:10:49',NULL),(1926,4,'2023-12-14',3000,1,'2023-12-14 12:25:34',NULL),(1927,4,'2023-12-14',940,1,'2023-12-14 12:40:21',NULL),(1928,4,'2023-12-14',3200,2,'2023-12-14 13:08:17',NULL),(1929,4,'2023-12-14',500,2,'2023-12-14 13:29:31',NULL),(1930,4,'2023-12-14',8990,1,'2023-12-14 13:40:36',NULL),(1931,4,'2023-12-14',1950,1,'2023-12-14 13:48:24',NULL),(1932,4,'2023-12-14',900,1,'2023-12-14 13:49:50',NULL),(1933,4,'2023-12-14',750,1,'2023-12-14 14:32:26',NULL),(1934,4,'2023-12-14',1350,1,'2023-12-14 14:34:30',NULL),(1935,4,'2023-12-14',4250,1,'2023-12-14 15:00:48',NULL),(1936,4,'2023-12-14',5030,1,'2023-12-14 15:05:58',NULL),(1937,4,'2023-12-14',2850,1,'2023-12-14 15:11:41',NULL),(1938,4,'2023-12-14',1000,1,'2023-12-14 15:15:26',NULL),(1939,4,'2023-12-15',675,1,'2023-12-15 08:28:55',NULL),(1940,4,'2023-12-15',3050,2,'2023-12-15 10:18:58',NULL),(1941,4,'2023-12-15',3150,1,'2023-12-15 10:22:44',NULL),(1942,4,'2023-12-15',1150,2,'2023-12-15 14:20:57',NULL),(1943,4,'2023-12-15',2550,1,'2023-12-15 14:25:23',NULL),(1944,4,'2023-12-15',400,2,'2023-12-15 14:29:34',NULL),(1945,4,'2023-12-15',150,1,'2023-12-15 14:30:09',NULL),(1946,4,'2023-12-15',1600,2,'2023-12-15 14:30:55',NULL),(1947,4,'2023-12-15',4500,1,'2023-12-15 14:35:21',NULL),(1948,4,'2023-12-15',7200,1,'2023-12-15 14:41:45',NULL),(1949,4,'2023-12-15',800,1,'2023-12-15 16:53:05',NULL),(1950,4,'2024-01-03',1440,1,'2024-01-03 13:04:17',NULL),(1951,4,'2024-01-03',750,1,'2024-01-03 13:05:44',NULL),(1952,4,'2024-01-03',250,1,'2024-01-03 14:01:50',NULL),(1953,4,'2024-01-03',2700,1,'2024-01-03 14:03:49',NULL),(1954,4,'2024-01-03',1875,1,'2024-01-03 14:53:21',NULL),(1955,4,'2024-01-03',150,1,'2024-01-03 15:13:12',NULL),(1956,4,'2024-01-03',220,1,'2024-01-03 15:15:42',NULL),(1957,4,'2024-01-04',2020,1,'2024-01-04 10:11:42',NULL),(1958,4,'2024-01-04',2800,1,'2024-01-04 10:17:07',NULL),(1959,4,'2024-01-04',250,1,'2024-01-04 10:18:46',NULL),(1960,4,'2024-01-04',2025,1,'2024-01-04 10:27:03',NULL),(1961,4,'2024-01-04',2860,1,'2024-01-04 15:24:34',NULL),(1962,4,'2024-01-04',1750,1,'2024-01-04 15:26:15',NULL),(1963,4,'2024-01-04',1000,1,'2024-01-04 15:27:55',NULL),(1964,4,'2024-01-04',1500,1,'2024-01-04 15:49:47',NULL),(1965,4,'2024-01-05',2150,1,'2024-01-05 10:25:17',NULL),(1966,4,'2024-01-05',2570,1,'2024-01-05 10:29:05',NULL),(1967,4,'2024-01-05',4350,1,'2024-01-05 10:41:57',NULL),(1968,4,'2024-01-05',1490,1,'2024-01-05 15:33:16',NULL),(1969,4,'2024-01-05',620,1,'2024-01-05 15:51:17',NULL),(1970,4,'2024-01-08',5240,1,'2024-01-08 12:13:17',NULL),(1971,4,'2024-01-08',5300,1,'2024-01-08 12:30:59',NULL),(1972,4,'2024-01-08',0,1,'2024-01-08 12:32:17',NULL),(1973,4,'2024-01-08',9805,1,'2024-01-08 12:47:51',NULL),(1974,4,'2024-01-08',3620,1,'2024-01-08 12:54:45',NULL),(1975,4,'2024-01-08',11200,1,'2024-01-08 12:58:27',NULL),(1976,4,'2024-01-08',1600,1,'2024-01-08 13:07:14',NULL),(1977,4,'2024-01-08',650,1,'2024-01-08 16:02:38',NULL),(1978,4,'2024-01-08',300,1,'2024-01-08 16:03:39',NULL),(1979,4,'2024-01-08',550,1,'2024-01-08 16:05:25',NULL),(1980,4,'2024-01-08',100,1,'2024-01-08 16:07:20',NULL),(1981,4,'2024-01-08',100,1,'2024-01-08 16:14:23',NULL),(1982,4,'2024-01-08',100,1,'2024-01-08 16:16:45',NULL),(1983,4,'2024-01-08',1900,1,'2024-01-08 16:33:48',NULL),(1984,4,'2024-01-08',300,1,'2024-01-08 16:34:48',NULL),(1985,4,'2024-01-08',150,1,'2024-01-08 16:35:35',NULL),(1986,4,'2024-01-08',4100,1,'2024-01-08 16:46:25',NULL),(1987,4,'2024-01-08',6170,1,'2024-01-08 16:58:58',NULL),(1988,4,'2024-01-08',1850,1,'2024-01-08 17:01:32',NULL),(1989,4,'2024-01-08',7500,1,'2024-01-08 17:42:13',NULL),(1990,4,'2024-01-08',2420,1,'2024-01-08 17:49:31',NULL),(1991,4,'2024-01-09',1120,1,'2024-01-09 10:48:44',NULL),(1992,4,'2024-01-09',7300,1,'2024-01-09 11:30:02',NULL),(1993,4,'2024-01-09',2940,1,'2024-01-09 11:32:07',NULL),(1994,4,'2024-01-09',3000,1,'2024-01-09 11:33:16',NULL),(1995,4,'2024-01-09',3200,1,'2024-01-09 11:36:05',NULL),(1996,4,'2024-01-09',4650,1,'2024-01-09 11:38:06',NULL),(1997,4,'2024-01-09',4350,1,'2024-01-09 16:15:34',NULL),(1998,4,'2024-01-09',3660,1,'2024-01-09 16:18:44',NULL),(1999,4,'2024-01-09',20000,1,'2024-01-09 16:33:56',NULL),(2000,4,'2024-01-09',9300,1,'2024-01-09 16:45:50',NULL),(2001,4,'2024-01-09',3500,1,'2024-01-09 16:48:10',NULL),(2002,4,'2024-01-09',2000,1,'2024-01-09 16:48:54',NULL),(2003,4,'2024-01-09',3000,1,'2024-01-09 16:54:21',NULL),(2004,4,'2024-01-10',650,1,'2024-01-10 14:15:23',NULL),(2005,4,'2024-01-10',1725,1,'2024-01-10 16:00:11',NULL),(2006,4,'2024-01-10',8000,1,'2024-01-10 16:05:10',NULL),(2007,4,'2024-01-10',6840,1,'2024-01-10 16:13:55',NULL),(2008,4,'2024-01-10',10500,1,'2024-01-10 16:22:18',NULL),(2009,4,'2024-01-10',10700,1,'2024-01-10 16:26:28',NULL),(2010,4,'2024-01-10',900,2,'2024-01-10 16:45:45',NULL),(2011,4,'2024-01-10',9300,1,'2024-01-10 16:47:24',NULL),(2012,4,'2024-01-11',5350,1,'2024-01-11 13:34:16',NULL),(2013,4,'2024-01-11',8140,1,'2024-01-11 13:36:46',NULL),(2014,4,'2024-01-11',1600,1,'2024-01-11 13:37:50',NULL),(2015,4,'2024-01-11',5000,1,'2024-01-11 13:40:21',NULL),(2016,4,'2024-01-11',1050,2,'2024-01-11 13:41:17',NULL),(2017,4,'2024-01-11',8900,1,'2024-01-11 13:46:28',NULL),(2018,4,'2024-01-11',5700,1,'2024-01-11 13:51:16',NULL),(2019,4,'2024-01-11',800,1,'2024-01-11 13:52:27',NULL),(2020,4,'2024-01-11',6120,2,'2024-01-11 16:39:08',NULL),(2021,4,'2024-01-11',2300,1,'2024-01-11 18:16:21',NULL),(2022,4,'2024-01-11',8000,1,'2024-01-11 18:33:00',NULL),(2023,4,'2024-01-11',2700,1,'2024-01-11 18:34:36',NULL),(2024,4,'2024-01-11',7900,1,'2024-01-11 18:44:59',NULL),(2025,4,'2024-01-11',3650,1,'2024-01-11 18:46:49',NULL),(2026,4,'2024-01-11',2700,1,'2024-01-11 19:02:47',NULL),(2027,4,'2024-01-11',2250,1,'2024-01-11 19:03:57',NULL),(2028,5,'2024-01-11',600,1,'2024-01-11 19:18:01',NULL),(2029,5,'2024-01-11',1400,1,'2024-01-11 19:21:01',NULL),(2030,5,'2024-01-11',2800,2,'2024-01-11 19:59:23',NULL),(2031,5,'2024-01-11',3000,1,'2024-01-11 20:07:39',NULL),(2032,4,'2024-01-12',4400,1,'2024-01-12 10:21:10',NULL),(2033,4,'2024-01-12',2300,1,'2024-01-12 10:21:39',NULL),(2034,4,'2024-01-12',4000,1,'2024-01-12 10:23:31',NULL),(2035,4,'2024-01-12',960,1,'2024-01-12 10:24:54',NULL),(2036,4,'2024-01-12',1650,1,'2024-01-12 10:27:10',NULL),(2037,4,'2024-01-12',1200,1,'2024-01-12 10:28:46',NULL),(2038,4,'2024-01-12',1725,1,'2024-01-12 10:35:01',NULL),(2039,4,'2024-01-12',1850,1,'2024-01-12 10:39:08',NULL),(2040,4,'2024-01-12',1600,1,'2024-01-12 10:49:04',NULL),(2041,4,'2024-01-12',6750,1,'2024-01-12 10:55:54',NULL),(2042,4,'2024-01-12',1200,1,'2024-01-12 10:57:31',NULL),(2043,4,'2024-01-12',2800,1,'2024-01-12 11:00:44',NULL),(2044,4,'2024-01-12',4670,2,'2024-01-12 15:18:33',NULL),(2045,4,'2024-01-12',6400,1,'2024-01-12 15:41:15',NULL),(2046,4,'2024-01-12',5025,1,'2024-01-12 15:46:05',NULL),(2047,4,'2024-01-12',5220,1,'2024-01-12 15:49:21',NULL),(2048,4,'2024-01-12',7650,1,'2024-01-12 15:55:57',NULL),(2049,4,'2024-01-12',5850,1,'2024-01-12 16:01:15',NULL),(2050,4,'2024-01-12',300,1,'2024-01-12 16:06:21',NULL),(2051,4,'2024-01-12',3450,1,'2024-01-12 16:07:37',NULL),(2052,4,'2024-01-12',3200,1,'2024-01-12 16:09:27',NULL),(2053,4,'2024-01-12',1000,1,'2024-01-12 16:41:07',NULL),(2054,5,'2024-01-13',2000,2,'2024-01-13 10:35:10',NULL),(2055,5,'2024-01-13',500,1,'2024-01-13 10:35:53',NULL),(2056,5,'2024-01-13',300,1,'2024-01-13 13:07:39',NULL),(2057,4,'2024-01-13',700,1,'2024-01-13 16:28:44',NULL),(2058,4,'2024-01-15',3000,1,'2024-01-15 11:29:47',NULL),(2059,4,'2024-01-15',300,1,'2024-01-15 11:31:55',NULL),(2060,4,'2024-01-15',2800,1,'2024-01-15 11:40:03',NULL),(2061,4,'2024-01-15',2100,1,'2024-01-15 11:46:38',NULL),(2062,4,'2024-01-15',1500,1,'2024-01-15 11:48:41',NULL),(2063,4,'2024-01-15',500,1,'2024-01-15 11:52:15',NULL),(2064,4,'2024-01-15',900,1,'2024-01-15 11:53:42',NULL),(2065,4,'2024-01-15',1360,1,'2024-01-15 11:57:40',NULL),(2066,4,'2024-01-15',4400,1,'2024-01-15 12:05:38',NULL),(2067,4,'2024-01-15',2050,1,'2024-01-15 12:10:32',NULL),(2068,4,'2024-01-15',4800,1,'2024-01-15 12:19:19',NULL),(2069,4,'2024-01-15',1600,1,'2024-01-15 12:26:49',NULL),(2070,4,'2024-01-15',250,1,'2024-01-15 12:45:03',NULL),(2071,4,'2024-01-15',400,1,'2024-01-15 13:39:31',NULL),(2072,4,'2024-01-15',250,1,'2024-01-15 13:41:42',NULL),(2073,4,'2024-01-15',2250,1,'2024-01-15 15:30:48',NULL),(2074,4,'2024-01-15',800,2,'2024-01-15 15:33:12',NULL),(2075,4,'2024-01-15',400,2,'2024-01-15 15:35:22',NULL),(2076,4,'2024-01-15',500,2,'2024-01-15 15:36:18',NULL),(2077,4,'2024-01-15',100,2,'2024-01-15 15:36:58',NULL),(2078,4,'2024-01-15',850,2,'2024-01-15 15:39:36',NULL),(2079,4,'2024-01-15',4250,1,'2024-01-15 15:48:15',NULL),(2080,4,'2024-01-15',6360,1,'2024-01-15 15:52:12',NULL),(2081,4,'2024-01-15',75,1,'2024-01-15 15:53:03',NULL),(2082,4,'2024-01-15',600,1,'2024-01-15 15:54:20',NULL),(2083,4,'2024-01-15',2000,1,'2024-01-15 15:56:55',NULL),(2084,4,'2024-01-15',1300,1,'2024-01-15 15:59:31',NULL),(2085,4,'2024-01-15',2250,1,'2024-01-15 16:03:35',NULL),(2086,4,'2024-01-15',5900,1,'2024-01-15 16:26:27',NULL),(2087,4,'2024-01-15',4500,2,'2024-01-15 18:01:27',NULL),(2088,4,'2024-01-15',1800,2,'2024-01-15 18:05:35',NULL),(2089,4,'2024-01-15',1600,1,'2024-01-15 18:28:46',NULL),(2090,4,'2024-01-15',3800,1,'2024-01-15 18:38:13',NULL),(2091,4,'2024-01-15',2400,1,'2024-01-15 18:40:37',NULL),(2092,4,'2024-01-15',3600,1,'2024-01-15 18:41:56',NULL),(2093,4,'2024-01-16',1650,1,'2024-01-16 11:37:07',NULL),(2094,4,'2024-01-16',1400,2,'2024-01-16 11:44:43',NULL),(2095,4,'2024-01-16',520,2,'2024-01-16 11:45:30',NULL),(2096,4,'2024-01-16',600,1,'2024-01-16 11:48:34',NULL),(2097,4,'2024-01-16',2100,1,'2024-01-16 11:52:35',NULL),(2098,4,'2024-01-16',1950,1,'2024-01-16 11:53:12',NULL),(2099,4,'2024-01-16',275,1,'2024-01-16 11:54:03',NULL),(2100,4,'2024-01-16',600,1,'2024-01-16 11:55:05',NULL),(2101,4,'2024-01-16',800,1,'2024-01-16 11:56:20',NULL),(2102,4,'2024-01-16',360,1,'2024-01-16 11:58:15',NULL),(2103,4,'2024-01-16',2800,1,'2024-01-16 12:01:38',NULL),(2104,4,'2024-01-16',3100,1,'2024-01-16 12:09:03',NULL),(2105,4,'2024-01-16',2500,1,'2024-01-16 13:41:57',NULL),(2106,4,'2024-01-16',1400,1,'2024-01-16 13:45:42',NULL),(2107,4,'2024-01-16',1000,1,'2024-01-16 14:01:26',NULL),(2108,4,'2024-01-16',1600,2,'2024-01-16 14:14:12',NULL),(2109,4,'2024-01-16',550,1,'2024-01-16 14:22:14',NULL),(2110,4,'2024-01-16',500,1,'2024-01-16 14:24:01',NULL),(2111,4,'2024-01-16',600,2,'2024-01-16 14:48:13',NULL),(2112,4,'2024-01-16',1600,1,'2024-01-16 16:00:52',NULL),(2113,4,'2024-01-16',600,1,'2024-01-16 16:11:31',NULL),(2114,4,'2024-01-16',3900,1,'2024-01-16 16:36:44',NULL),(2115,4,'2024-01-16',760,1,'2024-01-16 16:41:50',NULL),(2116,4,'2024-01-16',6200,1,'2024-01-16 16:44:47',NULL),(2117,4,'2024-01-16',2150,1,'2024-01-16 16:47:09',NULL),(2118,4,'2024-01-16',1800,1,'2024-01-16 16:48:47',NULL),(2119,4,'2024-01-16',11000,1,'2024-01-16 16:50:48',NULL),(2120,4,'2024-01-16',8800,1,'2024-01-16 16:52:38',NULL),(2121,4,'2024-01-16',1500,1,'2024-01-16 16:53:20',NULL),(2122,4,'2024-01-16',1200,1,'2024-01-16 16:54:15',NULL),(2123,4,'2024-01-16',1850,1,'2024-01-16 17:03:17',NULL),(2124,4,'2024-01-16',1300,1,'2024-01-16 17:05:21',NULL),(2125,4,'2024-01-16',3700,1,'2024-01-16 17:12:51',NULL),(2126,4,'2024-01-17',3000,1,'2024-01-17 10:50:18',NULL),(2127,4,'2024-01-17',850,1,'2024-01-17 10:52:08',NULL),(2128,4,'2024-01-17',1800,1,'2024-01-17 10:56:01',NULL),(2129,4,'2024-01-17',650,1,'2024-01-17 10:58:33',NULL),(2130,4,'2024-01-17',1100,1,'2024-01-17 11:00:24',NULL),(2131,4,'2024-01-17',75,1,'2024-01-17 11:02:03',NULL),(2132,4,'2024-01-17',1900,1,'2024-01-17 11:04:19',NULL),(2133,4,'2024-01-17',400,1,'2024-01-17 11:05:04',NULL),(2134,4,'2024-01-17',2200,1,'2024-01-17 11:09:43',NULL),(2135,4,'2024-01-17',200,1,'2024-01-17 11:11:21',NULL),(2136,4,'2024-01-17',100,2,'2024-01-17 11:11:58',NULL),(2137,4,'2024-01-17',700,1,'2024-01-17 11:13:01',NULL),(2138,4,'2024-01-17',860,1,'2024-01-17 11:15:30',NULL),(2139,4,'2024-01-17',1500,1,'2024-01-17 11:17:57',NULL),(2140,4,'2024-01-17',1350,1,'2024-01-17 11:18:40',NULL),(2141,4,'2024-01-17',1350,1,'2024-01-17 11:19:20',NULL),(2142,4,'2024-01-17',3200,2,'2024-01-17 11:21:14',NULL),(2143,4,'2024-01-17',800,2,'2024-01-17 11:23:02',NULL),(2144,4,'2024-01-17',610,2,'2024-01-17 11:25:06',NULL),(2145,4,'2024-01-17',2100,1,'2024-01-17 11:38:53',NULL),(2146,4,'2024-01-17',900,1,'2024-01-17 11:39:44',NULL),(2147,4,'2024-01-17',1000,1,'2024-01-17 11:41:16',NULL),(2148,5,'2024-01-17',3050,1,'2024-01-17 15:25:51',NULL),(2149,5,'2024-01-17',1950,1,'2024-01-17 15:28:22',NULL),(2150,5,'2024-01-17',1500,1,'2024-01-17 15:31:17',NULL),(2151,5,'2024-01-17',1800,1,'2024-01-17 15:35:32',NULL),(2152,5,'2024-01-17',1350,1,'2024-01-17 15:45:12',NULL),(2153,5,'2024-01-17',1650,1,'2024-01-17 15:48:15',NULL),(2154,5,'2024-01-17',250,1,'2024-01-17 15:50:16',NULL),(2155,5,'2024-01-17',1740,1,'2024-01-17 16:00:13',NULL),(2156,5,'2024-01-17',1000,1,'2024-01-17 16:02:12',NULL),(2157,5,'2024-01-17',1600,1,'2024-01-17 16:06:33',NULL),(2158,5,'2024-01-17',225,1,'2024-01-17 16:08:53',NULL),(2159,5,'2024-01-17',500,2,'2024-01-17 16:16:39',NULL),(2160,5,'2024-01-17',2150,2,'2024-01-17 16:20:59',NULL),(2161,5,'2024-01-17',800,2,'2024-01-17 16:22:22',NULL),(2162,5,'2024-01-17',950,2,'2024-01-17 16:23:45',NULL),(2163,5,'2024-01-17',250,2,'2024-01-17 16:24:54',NULL),(2164,5,'2024-01-17',450,2,'2024-01-17 16:28:58',NULL),(2165,5,'2024-01-17',100,2,'2024-01-17 16:29:16',NULL),(2166,5,'2024-01-17',1100,2,'2024-01-17 16:30:48',NULL),(2167,5,'2024-01-17',300,2,'2024-01-17 16:31:58',NULL),(2168,5,'2024-01-17',150,2,'2024-01-17 16:33:52',NULL),(2169,5,'2024-01-17',650,2,'2024-01-17 16:34:55',NULL),(2170,5,'2024-01-17',1300,1,'2024-01-17 16:40:22',NULL),(2171,5,'2024-01-17',500,1,'2024-01-17 16:42:11',NULL),(2172,5,'2024-01-17',1500,1,'2024-01-17 16:43:23',NULL),(2173,5,'2024-01-17',800,1,'2024-01-17 16:44:41',NULL),(2174,5,'2024-01-17',4800,1,'2024-01-17 18:22:20',NULL),(2175,5,'2024-01-17',1475,1,'2024-01-17 18:22:57',NULL),(2176,5,'2024-01-17',960,1,'2024-01-17 18:23:51',NULL),(2177,5,'2024-01-17',650,1,'2024-01-17 18:24:56',NULL),(2178,5,'2024-01-17',1500,1,'2024-01-17 18:27:00',NULL),(2179,5,'2024-01-17',1650,1,'2024-01-17 18:28:37',NULL),(2180,5,'2024-01-17',4800,1,'2024-01-17 18:29:37',NULL),(2181,5,'2024-01-17',2550,1,'2024-01-17 18:30:15',NULL),(2182,5,'2024-01-17',800,1,'2024-01-17 18:32:08',NULL),(2183,5,'2024-01-17',6000,1,'2024-01-17 18:39:13',NULL),(2184,4,'2024-01-18',650,1,'2024-01-18 09:27:52',NULL),(2185,4,'2024-01-18',200,1,'2024-01-18 09:28:57',NULL),(2186,4,'2024-01-18',700,1,'2024-01-18 09:52:22',NULL),(2187,4,'2024-01-18',800,1,'2024-01-18 09:52:58',NULL),(2188,4,'2024-01-18',100,1,'2024-01-18 10:01:17',NULL),(2189,4,'2024-01-18',2100,2,'2024-01-18 10:36:08',NULL),(2190,4,'2024-01-18',250,1,'2024-01-18 10:39:30',NULL),(2191,4,'2024-01-18',150,1,'2024-01-18 10:39:58',NULL),(2192,4,'2024-01-18',550,1,'2024-01-18 11:25:28',NULL),(2193,4,'2024-01-18',1600,1,'2024-01-18 16:13:14',NULL),(2194,4,'2024-01-18',1990,1,'2024-01-18 16:16:53',NULL),(2195,4,'2024-01-18',1125,1,'2024-01-18 16:18:39',NULL),(2196,4,'2024-01-18',700,1,'2024-01-18 16:20:03',NULL),(2197,4,'2024-01-18',800,2,'2024-01-18 16:21:11',NULL),(2198,4,'2024-01-18',700,2,'2024-01-18 16:23:54',NULL),(2199,4,'2024-01-18',700,1,'2024-01-18 16:24:40',NULL),(2200,4,'2024-01-18',500,2,'2024-01-18 16:25:06',NULL),(2201,4,'2024-01-18',1400,1,'2024-01-18 16:29:03',NULL),(2202,4,'2024-01-18',2400,1,'2024-01-18 16:34:08',NULL),(2203,4,'2024-01-18',1600,1,'2024-01-18 16:36:51',NULL),(2204,4,'2024-01-18',1600,1,'2024-01-18 16:38:08',NULL),(2205,4,'2024-01-18',450,1,'2024-01-18 16:39:14',NULL),(2206,4,'2024-01-18',900,1,'2024-01-18 16:40:12',NULL),(2207,4,'2024-01-19',360,1,'2024-01-19 15:32:21',NULL),(2208,4,'2024-01-19',120,1,'2024-01-19 15:32:56',NULL),(2209,4,'2024-01-19',150,1,'2024-01-19 15:33:43',NULL),(2210,4,'2024-01-19',500,1,'2024-01-19 15:36:06',NULL),(2211,4,'2024-01-19',600,1,'2024-01-19 15:43:29',NULL),(2212,4,'2024-01-19',640,1,'2024-01-19 15:45:37',NULL),(2213,4,'2024-01-22',800,1,'2024-01-22 15:55:42',NULL),(2214,4,'2024-01-22',850,1,'2024-01-22 15:57:40',NULL),(2215,4,'2024-01-22',2100,1,'2024-01-22 16:06:31',NULL),(2216,4,'2024-01-22',800,1,'2024-01-22 16:09:01',NULL),(2217,4,'2024-01-22',180,1,'2024-01-22 16:22:40',NULL),(2218,4,'2024-01-22',100,1,'2024-01-22 16:38:13',NULL),(2219,4,'2024-01-22',900,1,'2024-01-22 17:09:43',NULL),(2220,5,'2024-01-23',2350,1,'2024-01-23 11:13:11',NULL),(2221,5,'2024-01-23',2300,1,'2024-01-23 11:14:27',NULL),(2222,5,'2024-01-23',1350,1,'2024-01-23 11:16:31',NULL),(2223,5,'2024-01-23',2550,1,'2024-01-23 11:18:47',NULL),(2224,5,'2024-01-23',1680,1,'2024-01-23 11:20:40',NULL),(2225,5,'2024-01-23',525,1,'2024-01-23 11:22:45',NULL),(2226,5,'2024-01-23',1050,1,'2024-01-23 11:26:37',NULL),(2227,5,'2024-01-23',500,1,'2024-01-23 11:27:33',NULL),(2228,5,'2024-01-23',1350,1,'2024-01-23 11:31:21',NULL),(2229,5,'2024-01-23',4000,1,'2024-01-23 11:32:45',NULL),(2230,5,'2024-01-23',2700,1,'2024-01-23 11:34:10',NULL),(2231,5,'2024-01-23',300,2,'2024-01-23 11:42:40',NULL),(2232,5,'2024-01-23',4500,1,'2024-01-23 11:44:09',NULL),(2233,5,'2024-01-23',1800,1,'2024-01-23 11:45:02',NULL),(2234,5,'2024-01-23',1050,1,'2024-01-23 11:49:38',NULL),(2235,5,'2024-01-23',250,1,'2024-01-23 11:50:06',NULL),(2236,4,'2024-01-23',1800,1,'2024-01-23 15:39:20',NULL),(2237,4,'2024-01-23',1300,2,'2024-01-23 15:42:11',NULL),(2238,4,'2024-01-23',450,2,'2024-01-23 15:44:29',NULL),(2239,4,'2024-01-23',1600,2,'2024-01-23 15:46:17',NULL),(2240,4,'2024-01-23',1400,1,'2024-01-23 15:48:18',NULL),(2241,4,'2024-01-23',1920,1,'2024-01-23 15:50:00',NULL),(2242,4,'2024-01-23',1850,1,'2024-01-23 15:55:17',NULL),(2243,4,'2024-01-23',1800,1,'2024-01-23 15:56:33',NULL),(2244,4,'2024-01-23',4600,1,'2024-01-23 15:58:32',NULL),(2245,4,'2024-01-23',650,1,'2024-01-23 15:59:46',NULL),(2246,4,'2024-01-23',1800,1,'2024-01-23 16:00:55',NULL),(2247,4,'2024-01-23',325,1,'2024-01-23 16:03:28',NULL),(2248,4,'2024-01-23',850,1,'2024-01-23 16:05:34',NULL),(2249,4,'2024-01-23',1650,1,'2024-01-23 16:06:50',NULL),(2250,4,'2024-01-23',700,1,'2024-01-23 16:08:56',NULL),(2251,4,'2024-01-23',3600,1,'2024-01-23 16:10:02',NULL),(2252,4,'2024-01-23',4800,1,'2024-01-23 16:11:25',NULL),(2253,4,'2024-01-23',4800,1,'2024-01-23 16:13:58',NULL),(2254,4,'2024-01-23',3700,1,'2024-01-23 17:09:53',NULL),(2255,4,'2024-01-23',800,1,'2024-01-23 17:14:56',NULL),(2256,4,'2024-01-23',1650,1,'2024-01-23 17:43:51',NULL),(2257,4,'2024-01-23',1140,1,'2024-01-23 18:07:37',NULL),(2258,4,'2024-01-23',5300,1,'2024-01-23 18:12:00',NULL),(2259,4,'2024-01-24',2300,1,'2024-01-24 09:18:30',NULL),(2260,4,'2024-01-24',4800,1,'2024-01-24 09:21:57',NULL),(2261,5,'2024-01-24',2000,1,'2024-01-24 10:42:34',NULL),(2262,5,'2024-01-24',2750,1,'2024-01-24 10:45:55',NULL),(2263,5,'2024-01-24',2400,1,'2024-01-24 10:49:33',NULL),(2264,5,'2024-01-24',800,1,'2024-01-24 10:51:10',NULL),(2265,5,'2024-01-24',2500,1,'2024-01-24 10:53:12',NULL),(2266,5,'2024-01-24',1750,1,'2024-01-24 10:55:15',NULL),(2267,5,'2024-01-24',275,1,'2024-01-24 10:56:43',NULL),(2268,5,'2024-01-24',4800,1,'2024-01-24 11:00:59',NULL),(2269,5,'2024-01-24',2800,1,'2024-01-24 11:10:36',NULL),(2270,4,'2024-01-24',1250,1,'2024-01-24 14:48:53',NULL),(2271,4,'2024-01-24',950,1,'2024-01-24 14:50:04',NULL),(2272,4,'2024-01-24',400,1,'2024-01-24 14:53:16',NULL),(2273,4,'2024-01-24',915,1,'2024-01-24 14:59:13',NULL),(2274,4,'2024-01-24',1600,1,'2024-01-24 15:07:39',NULL),(2275,4,'2024-01-24',4600,2,'2024-01-24 15:18:42',NULL),(2276,4,'2024-01-24',850,2,'2024-01-24 15:20:11',NULL),(2277,4,'2024-01-24',600,2,'2024-01-24 15:21:38',NULL),(2278,4,'2024-01-24',350,2,'2024-01-24 15:22:18',NULL),(2279,4,'2024-01-24',7200,1,'2024-01-24 15:27:58',NULL),(2280,4,'2024-01-24',300,1,'2024-01-24 15:31:37',NULL),(2281,4,'2024-01-24',2400,1,'2024-01-24 15:37:08',NULL),(2282,4,'2024-01-24',250,1,'2024-01-24 15:40:25',NULL),(2283,4,'2024-01-24',1200,2,'2024-01-24 16:23:37',NULL),(2284,4,'2024-01-24',4350,1,'2024-01-24 16:42:38',NULL),(2285,4,'2024-01-24',3100,1,'2024-01-24 16:44:21',NULL),(2286,4,'2024-01-24',3450,1,'2024-01-24 16:46:29',NULL),(2287,4,'2024-01-24',3000,1,'2024-01-24 16:49:01',NULL),(2288,4,'2024-01-24',7900,1,'2024-01-24 16:54:21',NULL),(2289,5,'2024-01-25',1950,1,'2024-01-25 10:45:26',NULL),(2290,5,'2024-01-25',350,1,'2024-01-25 10:48:48',NULL),(2291,5,'2024-01-25',900,1,'2024-01-25 10:50:48',NULL),(2292,5,'2024-01-25',460,1,'2024-01-25 10:51:50',NULL),(2293,5,'2024-01-25',200,2,'2024-01-25 10:53:40',NULL),(2294,5,'2024-01-25',1000,2,'2024-01-25 10:55:17',NULL),(2295,5,'2024-01-25',800,2,'2024-01-25 10:56:25',NULL),(2296,5,'2024-01-25',500,2,'2024-01-25 10:59:44',NULL),(2297,5,'2024-01-25',1600,1,'2024-01-25 11:01:00',NULL),(2298,5,'2024-01-25',2200,1,'2024-01-25 11:02:42',NULL),(2299,5,'2024-01-25',950,1,'2024-01-25 11:04:35',NULL),(2300,5,'2024-01-25',1720,1,'2024-01-25 11:06:07',NULL),(2301,5,'2024-01-25',540,1,'2024-01-25 11:08:45',NULL),(2302,5,'2024-01-25',1200,1,'2024-01-25 11:09:51',NULL),(2303,5,'2024-01-25',500,1,'2024-01-25 11:11:06',NULL),(2304,5,'2024-01-25',4400,1,'2024-01-25 11:12:41',NULL),(2305,5,'2024-01-25',500,1,'2024-01-25 11:14:05',NULL),(2306,5,'2024-01-25',1950,1,'2024-01-25 11:15:52',NULL),(2307,5,'2024-01-25',0,1,'2024-01-25 11:25:04',NULL),(2308,5,'2024-01-25',600,2,'2024-01-25 15:31:00',NULL),(2309,5,'2024-01-25',600,2,'2024-01-25 15:34:17',NULL),(2310,5,'2024-01-25',1050,2,'2024-01-25 15:36:23',NULL),(2311,5,'2024-01-25',1850,2,'2024-01-25 15:38:02',NULL),(2312,5,'2024-01-25',550,2,'2024-01-25 15:45:39',NULL),(2313,5,'2024-01-25',450,2,'2024-01-25 15:48:32',NULL),(2314,5,'2024-01-25',50,2,'2024-01-25 15:49:00',NULL),(2315,5,'2024-01-25',6500,2,'2024-01-25 15:51:32',NULL),(2316,5,'2024-01-25',4050,1,'2024-01-25 15:58:46',NULL),(2317,5,'2024-01-25',750,1,'2024-01-25 16:04:15',NULL),(2318,5,'2024-01-25',3000,1,'2024-01-25 16:05:56',NULL),(2319,5,'2024-01-25',2640,1,'2024-01-25 16:09:16',NULL),(2320,5,'2024-01-25',250,1,'2024-01-25 16:11:11',NULL),(2321,5,'2024-01-25',700,1,'2024-01-25 16:15:49',NULL),(2322,5,'2024-01-25',1725,1,'2024-01-25 16:17:19',NULL),(2323,5,'2024-01-25',2400,1,'2024-01-25 16:18:42',NULL),(2324,5,'2024-01-25',840,1,'2024-01-25 16:26:01',NULL),(2325,5,'2024-01-25',5600,1,'2024-01-25 16:29:18',NULL),(2326,5,'2024-01-25',10400,1,'2024-01-25 16:32:59',NULL),(2327,5,'2024-01-25',7050,1,'2024-01-25 16:34:44',NULL),(2328,5,'2024-01-25',2400,1,'2024-01-25 16:38:24',NULL),(2329,4,'2024-01-25',900,1,'2024-01-25 18:41:23',NULL),(2330,4,'2024-01-25',200,1,'2024-01-25 18:45:46',NULL),(2331,4,'2024-01-25',500,1,'2024-01-25 18:47:41',NULL),(2332,4,'2024-01-25',800,1,'2024-01-25 18:50:13',NULL),(2333,4,'2024-01-25',900,1,'2024-01-25 18:54:16',NULL),(2334,4,'2024-01-25',1200,1,'2024-01-25 19:02:14',NULL),(2335,6,'2024-03-28',600,2,'2024-03-28 17:13:36',1),(2336,11,'2024-03-28',375,1,'2024-03-28 17:16:32',1),(2337,4,'2024-03-28',550,2,'2024-03-28 17:20:05',1),(2338,4,'2024-03-28',1250,2,'2024-03-28 18:33:32',1),(2339,4,'2024-03-28',75,2,'2024-03-28 20:12:03',1),(2340,6,'2024-03-28',700,2,'2024-03-28 20:15:43',1),(2341,12,'2024-03-28',2170,2,'2024-03-28 20:27:58',2),(2342,6,'2024-05-02',650,1,'2024-05-02 11:42:22',1),(2343,6,'2024-05-02',300,2,'2024-05-02 11:42:53',1);
/*!40000 ALTER TABLE `factura_venda_produto` ENABLE KEYS */;
UNLOCK TABLES;

--
-- Table structure for table `factura_venda_produto_detalhes`
--

DROP TABLE IF EXISTS `factura_venda_produto_detalhes`;
/*!40101 SET @saved_cs_client     = @@character_set_client */;
/*!50503 SET character_set_client = utf8mb4 */;
CREATE TABLE `factura_venda_produto_detalhes` (
  `id_detalhes_venda` int NOT NULL AUTO_INCREMENT,
  `id_produto` int NOT NULL,
  `id_factura_venda` int NOT NULL,
  `quantidade_vendida` int DEFAULT NULL,
  `preco_venda` double DEFAULT NULL,
  `desconto` double DEFAULT NULL,
  PRIMARY KEY (`id_detalhes_venda`),
  KEY `fk_factura_venda_produto_detalhes_produto1_idx` (`id_produto`),
  KEY `fk_factura_venda_produto_detalhes_factura_venda_produto1_idx` (`id_factura_venda`),
  CONSTRAINT `fk_factura_venda_produto_detalhes_factura_venda_produto1` FOREIGN KEY (`id_factura_venda`) REFERENCES `factura_venda_produto` (`id_factura_venda`),
  CONSTRAINT `fk_factura_venda_produto_detalhes_produto1` FOREIGN KEY (`id_produto`) REFERENCES `produto` (`id_produto`)
) ENGINE=InnoDB AUTO_INCREMENT=4843 DEFAULT CHARSET=utf8mb4 COLLATE=utf8mb4_0900_ai_ci;
/*!40101 SET character_set_client = @saved_cs_client */;

--
-- Dumping data for table `factura_venda_produto_detalhes`
--

LOCK TABLES `factura_venda_produto_detalhes` WRITE;
/*!40000 ALTER TABLE `factura_venda_produto_detalhes` DISABLE KEYS */;
INSERT INTO `factura_venda_produto_detalhes` VALUES (181,13,1,3,150,NULL),(182,12,1,1,100,NULL),(183,22,1,3,50,NULL),(184,19,1,1,100,NULL),(185,12,2,2,100,NULL),(186,22,2,5,50,NULL),(187,21,2,2,50,NULL),(188,20,2,2,50,NULL),(189,12,3,1,100,NULL),(190,22,3,3,50,NULL),(191,19,3,2,100,NULL),(192,21,3,2,50,NULL),(193,12,4,2,100,NULL),(194,22,4,2,50,NULL),(195,16,4,1,400,NULL),(196,12,5,2,100,NULL),(197,27,5,1,800,NULL),(198,8,5,1,250,NULL),(199,22,6,2,50,NULL),(200,14,6,1,150,NULL),(201,32,7,2,100,NULL),(202,23,7,1,800,NULL),(203,12,7,1,100,NULL),(204,23,8,1,800,NULL),(205,8,8,1,250,NULL),(206,21,9,1,50,NULL),(207,10,9,1,250,NULL),(208,15,9,1,200,NULL),(209,14,9,1,150,NULL),(210,23,10,1,800,NULL),(211,22,10,4,50,NULL),(212,22,11,5,50,NULL),(213,12,12,1,100,NULL),(214,22,12,2,50,NULL),(215,22,13,3,50,NULL),(216,15,13,1,200,NULL),(217,11,13,1,150,NULL),(218,7,13,1,400,NULL),(219,22,14,5,50,NULL),(220,20,14,2,50,NULL),(221,21,14,1,50,NULL),(222,8,15,2,250,NULL),(223,11,15,2,150,NULL),(224,14,15,1,150,NULL),(225,32,15,2,100,NULL),(226,14,16,2,150,NULL),(227,22,17,3,50,NULL),(228,8,19,1,250,NULL),(229,14,19,1,150,NULL),(230,24,19,1,1200,NULL),(231,27,19,1,800,NULL),(232,12,19,1,100,NULL),(233,21,20,1,50,NULL),(234,22,21,6,50,NULL),(235,14,21,3,150,NULL),(236,22,22,4,50,NULL),(237,12,22,1,100,NULL),(238,23,23,1,800,NULL),(239,8,23,1,250,NULL),(240,15,24,1,200,NULL),(241,22,25,1,50,NULL),(242,22,26,1,50,NULL),(243,22,27,1,50,NULL),(244,15,27,1,200,NULL),(245,22,28,3,50,NULL),(246,27,28,1,800,NULL),(247,8,28,1,250,NULL),(248,16,28,1,400,NULL),(249,29,29,1,500,NULL),(250,22,29,5,50,NULL),(251,20,29,2,50,NULL),(252,21,29,1,50,NULL),(253,7,29,1,400,NULL),(254,12,29,2,100,NULL),(255,11,29,1,150,NULL),(256,12,31,2,100,NULL),(257,19,33,2,100,NULL),(258,16,33,2,400,NULL),(259,22,34,2,50,NULL),(260,8,34,1,250,NULL),(261,16,34,1,400,NULL),(262,8,35,1,250,NULL),(263,16,35,1,400,NULL),(264,27,36,3,800,NULL),(265,12,37,1,100,NULL),(266,15,37,1,200,NULL),(267,16,38,1,400,NULL),(268,8,38,1,250,NULL),(269,19,39,2,100,NULL),(270,16,39,1,400,NULL),(271,20,39,1,50,NULL),(272,27,40,2,800,NULL),(273,11,40,2,150,NULL),(274,27,41,1,800,NULL),(275,16,41,1,400,NULL),(276,29,42,1,500,NULL),(277,11,42,1,150,NULL),(278,8,44,2,250,NULL),(279,8,45,2,250,NULL),(280,22,45,2,50,NULL),(281,24,46,1,1200,NULL),(282,8,46,1,250,NULL),(283,14,46,3,150,NULL),(284,11,47,1,150,NULL),(285,14,47,1,150,NULL),(286,12,48,2,100,NULL),(287,22,48,3,50,NULL),(288,16,48,1,400,NULL),(289,20,48,1,50,NULL),(290,19,49,2,100,NULL),(291,18,49,1,100,NULL),(292,16,49,1,400,NULL),(293,12,50,1,100,NULL),(294,8,50,2,250,NULL),(295,11,50,1,150,NULL),(296,16,51,2,400,NULL),(297,12,51,1,100,NULL),(298,27,51,1,800,NULL),(299,8,53,1,250,NULL),(300,10,53,1,250,NULL),(301,32,53,1,100,NULL),(302,22,54,4,50,NULL),(303,12,55,1,100,NULL),(304,8,55,1,250,NULL),(305,22,55,2,50,NULL),(306,12,56,1,100,NULL),(307,19,56,2,100,NULL),(308,16,56,1,400,NULL),(309,18,56,1,100,NULL),(310,12,57,2,100,NULL),(311,12,58,1,100,NULL),(312,22,58,4,50,NULL),(313,19,58,1,100,NULL),(314,16,58,1,400,NULL),(315,29,58,2,500,NULL),(316,22,59,8,50,NULL),(317,32,59,2,100,NULL),(318,20,59,2,50,NULL),(319,21,59,1,50,NULL),(320,22,60,2,50,NULL),(321,8,60,1,250,NULL),(322,22,61,4,50,NULL),(323,12,62,1,100,NULL),(324,21,63,1,50,NULL),(325,14,63,1,150,NULL),(326,11,63,1,150,NULL),(327,29,64,2,500,NULL),(328,20,64,1,50,NULL),(329,21,64,2,50,NULL),(330,22,65,2,50,NULL),(331,24,65,1,1200,NULL),(332,27,65,1,800,NULL),(333,29,65,1,500,NULL),(334,27,66,1,800,NULL),(335,29,66,1,500,NULL),(336,8,67,2,250,NULL),(337,20,67,1,50,NULL),(338,22,68,1,50,NULL),(339,29,68,1,500,NULL),(340,32,69,8,100,NULL),(341,29,69,1,500,NULL),(342,10,69,1,250,NULL),(343,12,70,2,100,NULL),(344,20,70,2,50,NULL),(345,21,70,5,50,NULL),(346,22,70,2,50,NULL),(347,32,70,1,100,NULL),(348,21,71,1,50,NULL),(349,7,71,7,400,NULL),(350,33,72,1,600,NULL),(351,8,73,1,250,NULL),(352,7,74,1,400,NULL),(353,13,75,1,150,NULL),(354,12,75,3,100,NULL),(355,19,75,1,100,NULL),(356,12,76,2,100,NULL),(357,13,76,1,150,NULL),(358,22,76,2,50,NULL),(359,12,77,1,100,NULL),(360,42,77,1,600,NULL),(361,11,77,1,150,NULL),(362,8,77,1,250,NULL),(363,14,77,1,150,NULL),(364,34,77,1,600,NULL),(365,22,78,1,50,NULL),(366,16,78,1,400,NULL),(367,40,78,14,50,NULL),(368,22,79,1,50,NULL),(369,43,79,13,100,NULL),(370,40,79,8,50,NULL),(371,19,79,1,100,NULL),(372,18,79,1,100,NULL),(373,35,79,4,150,NULL),(374,35,80,22,150,NULL),(375,40,80,9,50,NULL),(376,35,81,7,150,NULL),(377,42,81,1,600,NULL),(378,14,81,1,150,NULL),(379,36,81,2,100,NULL),(380,43,82,3,100,NULL),(381,40,82,3,50,NULL),(382,40,84,2,50,NULL),(383,16,84,3,400,NULL),(384,33,84,1,600,NULL),(385,34,84,1,600,NULL),(386,8,84,1,250,NULL),(387,29,85,3,500,NULL),(388,7,85,1,400,NULL),(389,12,85,1,100,NULL),(390,27,86,5,800,NULL),(391,14,86,2,150,NULL),(392,16,86,1,400,NULL),(393,36,87,10,100,NULL),(394,39,87,16,25,NULL),(395,37,87,14,25,NULL),(396,24,88,1,1200,NULL),(397,14,88,3,150,NULL),(398,13,88,1,150,NULL),(399,36,89,1,100,NULL),(400,21,89,1,50,NULL),(401,39,89,2,25,NULL),(402,34,89,1,600,NULL),(403,16,89,1,400,NULL),(404,27,90,3,800,NULL),(405,14,90,1,150,NULL),(406,23,90,2,800,NULL),(407,27,91,3,800,NULL),(408,14,91,2,150,NULL),(409,23,92,1,800,NULL),(410,35,92,4,150,NULL),(411,36,93,1,100,NULL),(412,21,93,1,50,NULL),(413,23,93,1,800,NULL),(414,18,93,1,100,NULL),(415,15,94,1,200,NULL),(416,27,94,1,800,NULL),(417,20,95,2,50,NULL),(418,14,95,1,150,NULL),(419,11,95,1,150,NULL),(420,12,95,1,100,NULL),(421,12,96,1,100,NULL),(422,35,96,1,150,NULL),(423,32,96,2,100,NULL),(424,16,97,1,400,NULL),(425,35,97,2,150,NULL),(426,35,98,3,150,NULL),(427,32,98,1,100,NULL),(428,40,98,1,50,NULL),(429,42,99,1,600,NULL),(430,14,99,3,150,NULL),(431,15,99,2,200,NULL),(432,7,99,1,400,NULL),(433,9,99,4,350,NULL),(434,22,100,9,50,NULL),(435,12,100,2,100,NULL),(436,22,101,4,50,NULL),(437,15,101,2,200,NULL),(438,14,101,2,150,NULL),(439,11,101,1,150,NULL),(440,35,102,3,150,NULL),(441,27,103,2,800,NULL),(442,22,104,14,50,NULL),(443,22,105,19,50,NULL),(444,8,106,8,250,NULL),(445,22,107,12,50,NULL),(446,23,108,3,800,NULL),(447,22,109,24,50,NULL),(448,40,109,5,50,NULL),(449,35,110,2,150,NULL),(450,22,110,3,50,NULL),(451,21,111,2,50,NULL),(452,37,111,3,25,NULL),(453,22,111,2,50,NULL),(454,43,111,1,100,NULL),(455,43,112,1,100,NULL),(456,20,112,1,50,NULL),(457,12,113,1,100,NULL),(458,19,113,1,100,NULL),(459,20,114,1,50,NULL),(460,40,115,4,50,NULL),(461,15,115,1,200,NULL),(462,27,116,6,800,NULL),(463,15,116,2,200,NULL),(464,22,117,4,50,NULL),(465,27,117,1,800,NULL),(466,10,117,1,250,NULL),(467,33,118,2,600,NULL),(468,18,118,4,100,NULL),(469,43,118,6,100,NULL),(470,35,118,2,150,NULL),(471,27,118,4,800,NULL),(472,20,118,1,50,NULL),(473,35,119,5,150,NULL),(474,18,120,1,100,NULL),(475,35,120,4,150,NULL),(476,20,121,2,50,NULL),(477,32,122,11,100,NULL),(478,20,122,1,50,NULL),(479,16,123,1,400,NULL),(480,18,123,1,100,NULL),(481,20,123,1,50,NULL),(482,21,123,2,50,NULL),(483,21,124,3,50,NULL),(484,12,124,1,100,NULL),(485,27,124,1,800,NULL),(486,27,125,1,800,NULL),(487,34,125,1,600,NULL),(488,12,126,2,100,NULL),(489,13,127,1,150,NULL),(490,24,127,1,1200,NULL),(491,27,127,1,800,NULL),(492,21,128,1,50,NULL),(493,35,128,2,150,NULL),(494,36,129,3,100,NULL),(495,23,129,4,800,NULL),(496,12,130,1,100,NULL),(497,27,131,1,800,NULL),(498,12,131,1,100,NULL),(499,14,131,1,150,NULL),(500,8,132,1,250,NULL),(501,14,133,1,150,NULL),(502,21,133,1,50,NULL),(503,14,135,1,150,NULL),(504,16,135,1,400,NULL),(505,8,135,1,250,NULL),(506,27,136,2,800,NULL),(507,33,136,1,600,NULL),(508,8,138,1,250,NULL),(509,7,138,1,400,NULL),(510,42,138,1,600,NULL),(511,14,138,1,150,NULL),(512,10,138,1,250,NULL),(513,12,138,1,100,NULL),(514,32,139,3,100,NULL),(515,15,139,2,200,NULL),(516,16,140,2,400,NULL),(517,12,140,1,100,NULL),(518,32,140,7,100,NULL),(519,37,140,2,25,NULL),(520,18,141,8,100,NULL),(521,19,141,4,100,NULL),(522,27,142,7,800,NULL),(523,12,142,7,100,NULL),(524,29,143,3,500,NULL),(525,27,143,3,800,NULL),(526,12,143,4,100,NULL),(527,12,144,1,100,NULL),(528,16,144,1,400,NULL),(529,14,144,1,150,NULL),(530,7,144,1,400,NULL),(531,20,145,1,50,NULL),(532,16,146,2,400,NULL),(533,23,146,1,800,NULL),(534,14,146,2,150,NULL),(535,11,146,2,150,NULL),(536,14,147,1,150,NULL),(537,24,147,1,1200,NULL),(538,32,147,1,100,NULL),(539,19,147,2,100,NULL),(540,7,148,1,400,NULL),(541,11,148,1,150,NULL),(542,15,148,1,200,NULL),(543,36,148,2,100,NULL),(544,21,148,1,50,NULL),(545,22,148,3,50,NULL),(546,24,148,2,1200,NULL),(547,35,149,4,150,NULL),(548,24,149,5,1200,NULL),(549,29,149,4,500,NULL),(550,12,151,1,100,NULL),(551,24,151,1,1200,NULL),(552,29,151,6,500,NULL),(553,35,152,12,150,NULL),(554,10,153,1,250,NULL),(555,37,153,1,25,NULL),(556,23,154,2,800,NULL),(557,24,154,2,1200,NULL),(558,29,154,1,500,NULL),(559,35,154,2,150,NULL),(560,22,155,4,50,NULL),(561,18,155,2,100,NULL),(562,19,155,1,100,NULL),(563,16,155,4,400,NULL),(564,12,156,2,100,NULL),(565,22,156,4,50,NULL),(566,35,157,7,150,NULL),(567,37,157,2,25,NULL),(568,22,158,16,50,NULL),(569,12,158,3,100,NULL),(570,35,158,4,150,NULL),(571,22,159,20,50,NULL),(572,16,159,3,400,NULL),(573,35,160,15,150,NULL),(574,22,160,20,50,NULL),(575,22,161,23,50,NULL),(576,32,161,10,100,NULL),(577,36,161,4,100,NULL),(578,39,161,3,25,NULL),(579,20,161,3,50,NULL),(580,22,162,18,50,NULL),(581,43,162,7,100,NULL),(582,18,162,2,100,NULL),(583,40,162,9,50,NULL),(584,19,163,4,100,NULL),(585,14,163,7,150,NULL),(586,8,163,6,250,NULL),(587,41,163,1,600,NULL),(588,33,163,1,600,NULL),(589,27,164,2,800,NULL),(590,15,164,3,200,NULL),(591,11,164,1,150,NULL),(592,22,165,6,50,NULL),(593,32,165,10,100,NULL),(594,10,166,1,250,NULL),(595,14,166,1,150,NULL),(596,27,166,2,800,NULL),(597,22,167,1,50,NULL),(598,32,167,2,100,NULL),(599,22,168,3,50,NULL),(600,35,169,1,150,NULL),(601,22,169,1,50,NULL),(602,36,170,3,100,NULL),(603,20,170,1,50,NULL),(604,12,171,2,100,NULL),(605,40,171,2,50,NULL),(606,32,172,2,100,NULL),(607,20,172,4,50,NULL),(608,39,172,3,25,NULL),(609,21,172,6,50,NULL),(610,35,173,1,150,NULL),(611,22,173,6,50,NULL),(612,43,173,2,100,NULL),(613,15,173,4,200,NULL),(614,14,173,2,150,NULL),(615,21,173,1,50,NULL),(616,20,173,6,50,NULL),(617,22,174,22,50,NULL),(618,16,174,2,400,NULL),(619,14,174,3,150,NULL),(620,12,174,1,100,NULL),(621,12,175,2,100,NULL),(622,18,175,2,100,NULL),(623,14,175,1,150,NULL),(624,20,175,6,50,NULL),(625,37,175,2,25,NULL),(626,7,176,1,400,NULL),(627,10,176,2,250,NULL),(628,32,176,1,100,NULL),(629,8,176,1,250,NULL),(630,13,176,2,150,NULL),(631,22,178,10,50,NULL),(632,35,178,2,150,NULL),(633,23,178,3,800,NULL),(634,27,178,4,800,NULL),(635,21,179,1,50,NULL),(636,8,180,2,250,NULL),(637,15,180,3,200,NULL),(638,27,180,2,800,NULL),(639,35,180,1,150,NULL),(640,22,181,2,50,NULL),(641,14,181,1,150,NULL),(642,16,182,1,400,NULL),(643,32,182,1,100,NULL),(644,23,183,3,800,NULL),(645,32,184,3,100,NULL),(646,40,184,1,50,NULL),(647,24,184,1,1200,NULL),(648,27,184,1,800,NULL),(649,41,184,1,600,NULL),(650,35,185,5,150,NULL),(651,29,185,1,500,NULL),(652,23,185,2,800,NULL),(653,32,186,2,100,NULL),(654,32,187,1,100,NULL),(655,8,188,1,250,NULL),(656,22,189,11,50,NULL),(657,40,189,13,50,NULL),(658,16,189,3,400,NULL),(659,18,189,5,100,NULL),(660,43,189,2,100,NULL),(661,12,190,4,100,NULL),(662,19,190,5,100,NULL),(663,23,192,1,800,NULL),(664,35,192,1,150,NULL),(665,14,192,1,150,NULL),(666,21,193,2,50,NULL),(667,8,194,2,250,NULL),(668,11,194,3,150,NULL),(669,20,194,8,50,NULL),(670,35,195,3,150,NULL),(671,29,197,3,500,NULL),(672,12,198,1,100,NULL),(673,24,198,2,1200,NULL),(674,35,199,1,150,NULL),(675,23,199,2,800,NULL),(676,14,199,5,150,NULL),(677,12,200,2,100,NULL),(678,19,201,2,100,NULL),(679,16,201,1,400,NULL),(680,21,201,1,50,NULL),(681,20,201,3,50,NULL),(682,16,202,1,400,NULL),(683,22,202,1,50,NULL),(684,20,202,6,50,NULL),(685,11,202,1,150,NULL),(686,35,202,2,150,NULL),(687,36,203,4,100,NULL),(688,21,203,3,50,NULL),(689,39,203,4,25,NULL),(690,37,203,4,25,NULL),(691,23,204,2,800,NULL),(692,27,204,1,800,NULL),(693,36,205,2,100,NULL),(694,12,205,1,100,NULL),(695,36,206,4,100,NULL),(696,32,206,1,100,NULL),(697,16,207,1,400,NULL),(698,19,207,2,100,NULL),(699,11,208,6,150,NULL),(700,8,208,1,250,NULL),(701,21,208,7,50,NULL),(702,20,208,5,50,NULL),(703,37,208,6,25,NULL),(704,15,209,3,200,NULL),(705,35,210,9,150,NULL),(706,35,211,10,150,NULL),(707,43,212,1,100,NULL),(708,27,212,4,800,NULL),(709,22,213,18,50,NULL),(710,12,214,3,100,NULL),(711,36,214,5,100,NULL),(712,20,214,5,50,NULL),(713,20,215,4,50,NULL),(714,11,215,2,150,NULL),(715,14,215,3,150,NULL),(716,22,216,2,50,NULL),(717,12,217,1,100,NULL),(718,12,218,1,100,NULL),(719,35,219,1,150,NULL),(720,22,219,1,50,NULL),(721,12,220,8,100,NULL),(722,11,221,4,150,NULL),(723,14,221,2,150,NULL),(724,15,221,6,200,NULL),(725,12,222,3,100,NULL),(726,36,223,11,100,NULL),(727,22,224,20,50,NULL),(728,43,225,1,100,NULL),(729,22,226,20,50,NULL),(730,32,227,7,100,NULL),(731,22,228,13,50,NULL),(732,35,228,6,150,NULL),(733,16,229,1,400,NULL),(734,19,229,1,100,NULL),(735,35,230,1,150,NULL),(736,8,230,1,250,NULL),(737,32,231,10,100,NULL),(738,22,231,3,50,NULL),(739,12,232,1,100,NULL),(740,23,232,1,800,NULL),(741,33,232,1,600,NULL),(742,8,232,1,250,NULL),(743,14,232,1,150,NULL),(744,36,233,5,100,NULL),(745,20,233,4,50,NULL),(746,11,233,3,150,NULL),(747,32,234,8,100,NULL),(748,43,235,2,100,NULL),(749,43,236,2,100,NULL),(750,35,236,3,150,NULL),(751,20,236,4,50,NULL),(752,23,237,1,800,NULL),(753,24,237,1,1200,NULL),(754,35,237,1,150,NULL),(755,23,238,1,800,NULL),(756,15,238,2,200,NULL),(757,43,239,1,100,NULL),(758,19,240,1,100,NULL),(759,14,240,1,150,NULL),(760,12,241,5,100,NULL),(761,36,241,4,100,NULL),(762,13,242,1,150,NULL),(763,39,242,4,25,NULL),(764,32,242,1,100,NULL),(765,29,243,1,500,NULL),(766,35,243,2,150,NULL),(767,23,244,1,800,NULL),(768,34,244,1,600,NULL),(769,23,245,1,800,NULL),(770,35,245,1,150,NULL),(771,24,245,2,1200,NULL),(772,14,245,1,150,NULL),(773,41,245,1,600,NULL),(774,37,246,8,25,NULL),(775,39,247,8,25,NULL),(776,23,248,3,800,NULL),(777,23,249,1,800,NULL),(778,8,249,1,250,NULL),(779,13,251,1,150,NULL),(780,12,251,5,100,NULL),(781,7,251,1,400,NULL),(782,29,251,1,500,NULL),(783,27,251,1,800,NULL),(784,23,252,1,800,NULL),(785,12,253,9,100,NULL),(786,16,254,4,400,NULL),(787,16,255,1,400,NULL),(788,19,255,2,100,NULL),(789,29,256,5,500,NULL),(790,27,256,3,800,NULL),(791,32,257,4,100,NULL),(792,35,258,6,150,NULL),(793,12,259,1,100,NULL),(794,43,259,10,100,NULL),(795,13,260,1,150,NULL),(796,22,260,10,50,NULL),(797,22,261,27,50,NULL),(798,23,262,7,800,NULL),(799,29,263,9,500,NULL),(800,14,264,10,150,NULL),(801,11,264,5,150,NULL),(802,39,265,4,25,NULL),(803,7,266,1,400,NULL),(804,15,267,2,200,NULL),(805,19,268,1,100,NULL),(806,12,268,2,100,NULL),(807,12,269,3,100,NULL),(808,22,269,23,50,NULL),(809,12,270,1,100,NULL),(810,22,270,5,50,NULL),(811,43,270,2,100,NULL),(812,15,270,1,200,NULL),(813,8,270,2,250,NULL),(814,11,270,2,150,NULL),(815,14,270,1,150,NULL),(816,22,271,8,50,NULL),(817,22,272,17,50,NULL),(818,32,273,5,100,NULL),(819,13,274,1,150,NULL),(820,12,274,2,100,NULL),(821,32,274,15,100,NULL),(822,15,275,3,200,NULL),(823,35,276,4,150,NULL),(824,22,276,13,50,NULL),(825,22,277,20,50,NULL),(826,22,278,11,50,NULL),(827,16,278,1,400,NULL),(828,24,279,1,1200,NULL),(829,36,279,1,100,NULL),(830,35,280,2,150,NULL),(831,29,280,3,500,NULL),(832,27,280,3,800,NULL),(833,36,281,10,100,NULL),(834,39,281,8,25,NULL),(835,8,281,2,250,NULL),(836,14,281,3,150,NULL),(837,22,282,15,50,NULL),(838,19,282,5,100,NULL),(839,32,282,1,100,NULL),(840,15,283,2,200,NULL),(841,35,283,3,150,NULL),(842,39,283,2,25,NULL),(843,12,283,1,100,NULL),(844,16,284,1,400,NULL),(845,11,284,1,150,NULL),(846,36,284,1,100,NULL),(847,39,284,2,25,NULL),(848,12,285,2,100,NULL),(849,36,285,2,100,NULL),(850,7,285,1,400,NULL),(851,10,285,1,250,NULL),(852,23,285,1,800,NULL),(853,27,285,1,800,NULL),(854,12,286,1,100,NULL),(855,12,287,1,100,NULL),(856,32,288,1,100,NULL),(857,12,289,1,100,NULL),(858,13,289,1,150,NULL),(859,43,290,3,100,NULL),(860,35,291,2,150,NULL),(861,22,291,9,50,NULL),(862,12,291,1,100,NULL),(863,12,292,1,100,NULL),(864,22,292,3,50,NULL),(865,36,292,2,100,NULL),(866,36,293,3,100,NULL),(867,10,293,1,250,NULL),(868,12,294,3,100,NULL),(869,12,295,8,100,NULL),(870,29,296,1,500,NULL),(871,24,296,1,1200,NULL),(872,21,297,4,50,NULL),(873,36,297,2,100,NULL),(874,35,297,1,150,NULL),(875,7,297,1,400,NULL),(876,11,297,5,150,NULL),(877,22,298,4,50,NULL),(878,32,298,10,100,NULL),(879,15,298,5,200,NULL),(880,16,299,5,400,NULL),(881,21,299,1,50,NULL),(882,34,299,1,600,NULL),(883,32,299,1,100,NULL),(884,8,300,7,250,NULL),(885,27,300,7,800,NULL),(886,13,301,1,150,NULL),(887,12,301,11,100,NULL),(888,7,302,1,400,NULL),(889,24,302,1,1200,NULL),(890,27,302,3,800,NULL),(891,35,303,2,150,NULL),(892,8,303,2,250,NULL),(893,12,304,1,100,NULL),(894,23,304,1,800,NULL),(895,11,304,1,150,NULL),(896,23,305,1,800,NULL),(897,29,305,1,500,NULL),(898,22,305,4,50,NULL),(899,12,306,3,100,NULL),(900,23,307,1,800,NULL),(901,11,308,1,150,NULL),(902,15,308,1,200,NULL),(903,12,308,1,100,NULL),(904,16,309,1,400,NULL),(905,11,309,2,150,NULL),(906,12,310,1,100,NULL),(907,22,310,18,50,NULL),(908,12,312,15,100,NULL),(909,22,312,23,50,NULL),(910,12,313,13,100,NULL),(911,16,313,2,400,NULL),(912,43,313,8,100,NULL),(913,23,314,1,800,NULL),(914,24,314,1,1200,NULL),(915,27,314,3,800,NULL),(916,29,314,4,500,NULL),(917,27,315,6,800,NULL),(918,35,316,5,150,NULL),(919,32,316,10,100,NULL),(920,23,317,5,800,NULL),(921,36,317,5,100,NULL),(922,37,317,10,25,NULL),(923,21,317,4,50,NULL),(924,41,318,1,600,NULL),(925,15,318,3,200,NULL),(926,11,318,6,150,NULL),(927,8,318,5,250,NULL),(928,27,319,1,800,NULL),(929,12,320,2,100,NULL),(930,29,320,2,500,NULL),(931,27,320,1,800,NULL),(932,35,320,1,150,NULL),(933,32,320,2,100,NULL),(934,33,321,2,600,NULL),(935,12,322,1,100,NULL),(936,24,322,1,1200,NULL),(937,8,322,1,250,NULL),(938,32,323,3,100,NULL),(939,23,323,1,800,NULL),(940,12,323,1,100,NULL),(941,24,324,1,1200,NULL),(942,27,324,3,800,NULL),(943,29,324,4,500,NULL),(944,12,324,10,100,NULL),(945,23,325,5,800,NULL),(946,8,326,4,250,NULL),(947,14,326,2,150,NULL),(948,11,326,7,150,NULL),(949,15,326,3,200,NULL),(950,29,326,7,500,NULL),(951,27,326,1,800,NULL),(952,32,327,11,100,NULL),(953,12,328,2,100,NULL),(954,22,328,1,50,NULL),(955,16,328,4,400,NULL),(956,12,329,3,100,NULL),(957,16,329,2,400,NULL),(958,36,329,3,100,NULL),(959,37,329,4,25,NULL),(960,39,329,1,25,NULL),(961,43,329,2,100,NULL),(962,11,330,2,150,NULL),(963,39,331,5,25,NULL),(964,37,331,5,25,NULL),(965,11,332,1,150,NULL),(966,15,332,2,200,NULL),(967,27,332,1,800,NULL),(968,35,332,1,150,NULL),(969,12,333,2,100,NULL),(970,35,333,3,150,NULL),(971,15,333,1,200,NULL),(972,15,334,1,200,NULL),(973,23,335,1,800,NULL),(974,35,335,4,150,NULL),(975,8,335,1,250,NULL),(976,29,337,3,500,NULL),(977,35,337,2,150,NULL),(978,11,337,3,150,NULL),(979,12,338,1,100,NULL),(980,13,338,1,150,NULL),(981,35,339,1,150,NULL),(982,27,339,2,800,NULL),(983,11,339,2,150,NULL),(984,29,340,1,500,NULL),(985,10,340,1,250,NULL),(986,23,340,2,800,NULL),(987,12,340,1,100,NULL),(988,24,340,1,1200,NULL),(989,36,341,3,100,NULL),(990,32,341,8,100,NULL),(991,8,341,1,250,NULL),(992,29,342,1,500,NULL),(993,27,342,1,800,NULL),(994,35,342,1,150,NULL),(995,10,342,1,250,NULL),(996,12,343,3,100,NULL),(997,27,343,1,800,NULL),(998,35,343,1,150,NULL),(999,12,344,1,100,NULL),(1000,15,344,1,200,NULL),(1001,24,345,1,1200,NULL),(1002,15,345,1,200,NULL),(1003,22,346,47,50,NULL),(1004,44,347,32,100,NULL),(1005,12,348,13,100,NULL),(1006,44,349,3,100,NULL),(1007,7,349,3,400,NULL),(1008,23,350,4,800,NULL),(1009,22,351,7,50,NULL),(1010,40,352,6,50,NULL),(1011,45,352,1,500,NULL),(1012,22,353,1,50,NULL),(1013,19,353,9,100,NULL),(1014,12,354,6,100,NULL),(1015,19,354,1,100,NULL),(1016,18,354,3,100,NULL),(1017,23,354,3,800,NULL),(1018,13,355,1,150,NULL),(1019,40,355,14,50,NULL),(1020,18,355,2,100,NULL),(1021,36,356,3,100,NULL),(1022,21,356,5,50,NULL),(1023,20,356,9,50,NULL),(1024,23,357,1,800,NULL),(1025,22,358,4,50,NULL),(1026,16,359,2,400,NULL),(1027,20,359,3,50,NULL),(1028,21,359,1,50,NULL),(1029,36,359,1,100,NULL),(1030,44,360,7,100,NULL),(1031,33,361,1,600,NULL),(1032,8,361,4,250,NULL),(1033,11,361,9,150,NULL),(1034,15,361,7,200,NULL),(1035,23,362,1,800,NULL),(1036,15,362,4,200,NULL),(1037,23,363,2,800,NULL),(1038,18,364,1,100,NULL),(1039,35,364,20,150,NULL),(1040,15,365,3,200,NULL),(1041,29,366,4,500,NULL),(1042,16,366,1,400,NULL),(1043,43,366,3,100,NULL),(1044,7,366,1,400,NULL),(1045,21,367,7,50,NULL),(1046,39,367,5,25,NULL),(1047,37,367,3,25,NULL),(1048,29,367,1,500,NULL),(1049,12,367,1,100,NULL),(1050,13,367,2,150,NULL),(1051,12,368,1,100,NULL),(1052,22,368,2,50,NULL),(1053,23,368,1,800,NULL),(1054,16,368,1,400,NULL),(1055,36,368,1,100,NULL),(1056,20,368,3,50,NULL),(1057,37,368,1,25,NULL),(1058,21,368,1,50,NULL),(1059,22,369,2,50,NULL),(1060,16,369,1,400,NULL),(1061,8,369,1,250,NULL),(1062,12,369,1,100,NULL),(1063,22,370,20,50,NULL),(1064,35,370,6,150,NULL),(1065,22,371,8,50,NULL),(1066,22,372,6,50,NULL),(1067,18,372,1,100,NULL),(1068,19,372,4,100,NULL),(1069,23,373,1,800,NULL),(1070,35,373,2,150,NULL),(1071,15,373,1,200,NULL),(1072,12,373,1,100,NULL),(1073,44,374,2,100,NULL),(1074,24,375,1,1200,NULL),(1075,29,375,1,500,NULL),(1076,27,376,2,800,NULL),(1077,32,376,7,100,NULL),(1078,11,376,4,150,NULL),(1079,12,377,1,100,NULL),(1080,12,378,2,100,NULL),(1081,19,378,6,100,NULL),(1082,45,378,1,500,NULL),(1083,29,379,2,500,NULL),(1084,14,379,2,150,NULL),(1085,40,380,8,50,NULL),(1086,23,380,1,800,NULL),(1087,29,380,2,500,NULL),(1088,27,380,1,800,NULL),(1089,36,381,6,100,NULL),(1090,21,381,3,50,NULL),(1091,20,381,3,50,NULL),(1092,22,382,15,50,NULL),(1093,12,383,3,100,NULL),(1094,13,383,1,150,NULL),(1095,27,384,1,800,NULL),(1096,12,385,4,100,NULL),(1097,14,385,4,150,NULL),(1098,23,386,5,800,NULL),(1099,15,386,2,200,NULL),(1100,23,387,1,800,NULL),(1101,27,388,5,800,NULL),(1102,8,388,1,250,NULL),(1103,35,389,4,150,NULL),(1104,32,389,1,100,NULL),(1105,13,390,1,150,NULL),(1106,20,390,1,50,NULL),(1107,35,391,3,150,NULL),(1108,21,391,1,50,NULL),(1109,12,392,7,100,NULL),(1110,16,393,1,400,NULL),(1111,22,393,8,50,NULL),(1112,22,394,32,50,NULL),(1113,22,395,2,50,NULL),(1114,15,395,4,200,NULL),(1115,14,396,1,150,NULL),(1116,15,397,1,200,NULL),(1117,24,397,1,1200,NULL),(1118,24,398,1,1200,NULL),(1119,14,398,1,150,NULL),(1120,44,399,1,100,NULL),(1121,8,400,3,250,NULL),(1122,8,401,1,250,NULL),(1123,20,402,6,50,NULL),(1124,7,403,1,400,NULL),(1125,14,403,10,150,NULL),(1126,12,404,1,100,NULL),(1127,16,405,3,400,NULL),(1128,40,405,5,50,NULL),(1129,8,406,4,250,NULL),(1130,8,407,3,250,NULL),(1131,15,407,1,200,NULL),(1132,27,408,2,800,NULL),(1133,24,409,1,1200,NULL),(1134,22,411,5,50,NULL),(1135,37,411,1,25,NULL),(1136,23,412,1,800,NULL),(1137,44,413,1,100,NULL),(1138,45,414,1,500,NULL),(1139,15,414,1,200,NULL),(1140,22,415,10,50,NULL),(1141,21,415,2,50,NULL),(1142,44,415,3,100,NULL),(1143,22,416,8,50,NULL),(1144,15,416,2,200,NULL),(1145,8,416,2,250,NULL),(1146,14,417,7,150,NULL),(1147,22,418,6,50,NULL),(1148,27,418,1,800,NULL),(1149,24,418,1,1200,NULL),(1150,29,418,1,500,NULL),(1151,35,419,4,150,NULL),(1152,22,420,11,50,NULL),(1153,12,420,2,100,NULL),(1154,22,421,8,50,NULL),(1155,32,421,9,100,NULL),(1156,35,422,2,150,NULL),(1157,40,423,10,50,NULL),(1158,24,424,1,1200,NULL),(1159,27,424,3,800,NULL),(1160,22,425,10,50,NULL),(1161,22,426,10,50,NULL),(1162,12,426,7,100,NULL),(1163,21,426,2,50,NULL),(1164,20,426,3,50,NULL),(1165,24,427,2,1200,NULL),(1166,27,427,2,800,NULL),(1167,15,427,2,200,NULL),(1168,7,427,2,400,NULL),(1169,24,428,1,1200,NULL),(1170,27,428,1,800,NULL),(1171,15,428,1,200,NULL),(1172,41,428,1,600,NULL),(1173,23,429,2,800,NULL),(1174,14,429,2,150,NULL),(1175,22,430,5,50,NULL),(1176,8,430,1,250,NULL),(1177,20,431,1,50,NULL),(1178,22,432,3,50,NULL),(1179,11,432,1,150,NULL),(1180,20,433,1,50,NULL),(1181,44,433,1,100,NULL),(1182,14,433,1,150,NULL),(1183,35,434,3,150,NULL),(1184,22,434,8,50,NULL),(1185,29,435,1,500,NULL),(1186,32,435,1,100,NULL),(1187,27,435,1,800,NULL),(1188,14,435,1,150,NULL),(1189,8,436,1,250,NULL),(1190,35,437,5,150,NULL),(1191,22,438,6,50,NULL),(1192,21,439,2,50,NULL),(1193,22,440,1,50,NULL),(1194,32,440,1,100,NULL),(1195,22,441,2,50,NULL),(1196,18,442,2,100,NULL),(1197,12,442,1,100,NULL),(1198,21,442,2,50,NULL),(1199,22,443,1,50,NULL),(1200,12,444,1,100,NULL),(1201,22,445,4,50,NULL),(1202,21,445,1,50,NULL),(1203,12,446,2,100,NULL),(1204,14,446,1,150,NULL),(1205,12,447,2,100,NULL),(1206,13,447,2,150,NULL),(1207,22,448,6,50,NULL),(1208,12,448,1,100,NULL),(1209,8,448,1,250,NULL),(1210,12,449,1,100,NULL),(1211,14,450,7,150,NULL),(1212,12,451,2,100,NULL),(1213,33,451,2,600,NULL),(1214,15,451,3,200,NULL),(1215,22,452,4,50,NULL),(1216,27,453,2,800,NULL),(1217,7,454,2,400,NULL),(1218,15,455,1,200,NULL),(1219,27,456,2,800,NULL),(1220,21,457,1,50,NULL),(1221,22,458,1,50,NULL),(1222,12,458,1,100,NULL),(1223,22,459,5,50,NULL),(1224,40,459,1,50,NULL),(1225,12,460,1,100,NULL),(1226,13,460,2,150,NULL),(1227,23,460,1,800,NULL),(1228,32,461,2,100,NULL),(1229,14,461,6,150,NULL),(1230,23,462,1,800,NULL),(1231,15,462,1,200,NULL),(1232,22,463,6,50,NULL),(1233,8,463,1,250,NULL),(1234,12,463,1,100,NULL),(1235,14,464,2,150,NULL),(1236,27,464,2,800,NULL),(1237,24,465,1,1200,NULL),(1238,34,465,1,600,NULL),(1239,14,466,1,150,NULL),(1240,15,466,1,200,NULL),(1241,14,467,1,150,NULL),(1242,29,467,1,500,NULL),(1243,8,468,1,250,NULL),(1244,27,468,1,800,NULL),(1245,35,469,3,150,NULL),(1246,21,469,1,50,NULL),(1247,35,470,3,150,NULL),(1248,21,470,1,50,NULL),(1249,8,471,1,250,NULL),(1250,29,471,3,500,NULL),(1251,22,472,2,50,NULL),(1252,27,472,1,800,NULL),(1253,16,474,2,400,NULL),(1254,19,474,1,100,NULL),(1255,35,475,1,150,NULL),(1256,14,475,1,150,NULL),(1257,40,475,2,50,NULL),(1258,23,476,1,800,NULL),(1259,14,476,1,150,NULL),(1260,40,477,9,50,NULL),(1261,40,478,9,50,NULL),(1262,16,478,1,400,NULL),(1263,14,478,2,150,NULL),(1264,23,480,1,800,NULL),(1265,16,481,1,400,NULL),(1266,40,481,5,50,NULL),(1267,18,481,1,100,NULL),(1268,16,482,2,400,NULL),(1269,14,483,4,150,NULL),(1270,11,484,2,150,NULL),(1271,29,485,3,500,NULL),(1272,23,486,3,800,NULL),(1273,8,487,2,250,NULL),(1274,15,487,1,200,NULL),(1275,27,488,4,800,NULL),(1276,40,489,4,50,NULL),(1277,19,489,2,100,NULL),(1278,8,490,1,250,NULL),(1279,22,490,10,50,NULL),(1280,27,491,1,800,NULL),(1281,19,492,1,100,NULL),(1282,23,493,1,800,NULL),(1283,8,493,1,250,NULL),(1284,12,494,1,100,NULL),(1285,45,494,1,500,NULL),(1286,13,495,1,150,NULL),(1287,22,495,5,50,NULL),(1288,13,496,1,150,NULL),(1289,22,496,3,50,NULL),(1290,12,497,1,100,NULL),(1291,22,497,3,50,NULL),(1292,43,497,1,100,NULL),(1293,19,497,1,100,NULL),(1294,22,498,2,50,NULL),(1295,43,498,1,100,NULL),(1296,22,499,4,50,NULL),(1297,12,499,1,100,NULL),(1298,18,499,1,100,NULL),(1299,45,500,1,500,NULL),(1300,40,500,1,50,NULL),(1301,22,500,2,50,NULL),(1302,36,500,1,100,NULL),(1303,39,500,2,25,NULL),(1304,12,501,2,100,NULL),(1305,22,501,2,50,NULL),(1306,19,501,1,100,NULL),(1307,22,502,2,50,NULL),(1308,13,502,1,150,NULL),(1309,22,503,2,50,NULL),(1310,40,503,2,50,NULL),(1311,22,504,2,50,NULL),(1312,12,504,1,100,NULL),(1313,40,504,1,50,NULL),(1314,12,505,3,100,NULL),(1315,12,506,1,100,NULL),(1316,22,506,2,50,NULL),(1317,22,507,2,50,NULL),(1318,18,507,2,100,NULL),(1319,16,508,2,400,NULL),(1320,15,508,2,200,NULL),(1321,22,509,4,50,NULL),(1322,22,510,2,50,NULL),(1323,22,511,1,50,NULL),(1324,40,512,2,50,NULL),(1325,35,512,2,150,NULL),(1326,23,513,2,800,NULL),(1327,15,513,2,200,NULL),(1328,22,514,4,50,NULL),(1329,12,515,2,100,NULL),(1330,22,515,2,50,NULL),(1331,35,516,2,150,NULL),(1332,36,516,2,100,NULL),(1333,12,517,1,100,NULL),(1334,23,517,1,800,NULL),(1335,35,517,2,150,NULL),(1336,15,517,1,200,NULL),(1337,35,518,2,150,NULL),(1338,13,519,1,150,NULL),(1339,44,520,2,100,NULL),(1340,44,521,1,100,NULL),(1341,36,521,2,100,NULL),(1342,20,521,1,50,NULL),(1343,22,522,2,50,NULL),(1344,18,523,1,100,NULL),(1345,20,523,2,50,NULL),(1346,32,524,7,100,NULL),(1347,22,525,2,50,NULL),(1348,29,525,2,500,NULL),(1349,40,526,2,50,NULL),(1350,29,527,1,500,NULL),(1351,35,527,1,150,NULL),(1352,44,527,1,100,NULL),(1353,11,527,1,150,NULL),(1354,22,528,2,50,NULL),(1355,23,529,1,800,NULL),(1356,15,529,2,200,NULL),(1357,44,530,2,100,NULL),(1358,32,530,5,100,NULL),(1359,32,531,2,100,NULL),(1360,11,532,2,150,NULL),(1361,14,532,2,150,NULL),(1362,35,533,2,150,NULL),(1363,27,533,1,800,NULL),(1364,34,533,1,600,NULL),(1365,12,534,1,100,NULL),(1366,22,534,2,50,NULL),(1367,23,534,1,800,NULL),(1368,21,535,2,50,NULL),(1369,20,535,2,50,NULL),(1370,37,535,2,25,NULL),(1371,11,536,1,150,NULL),(1372,14,536,1,150,NULL),(1373,15,537,1,200,NULL),(1374,14,537,2,150,NULL),(1375,11,537,1,150,NULL),(1376,20,537,1,50,NULL),(1377,14,538,1,150,NULL),(1378,11,538,1,150,NULL),(1379,14,539,2,150,NULL),(1380,20,540,2,50,NULL),(1381,44,540,1,100,NULL),(1382,14,541,1,150,NULL),(1383,23,542,1,800,NULL),(1384,35,542,4,150,NULL),(1385,40,543,4,50,NULL),(1386,35,544,3,150,NULL),(1387,12,545,4,100,NULL),(1388,18,545,2,100,NULL),(1389,40,545,1,50,NULL),(1390,35,546,1,150,NULL),(1391,27,547,2,800,NULL),(1392,14,547,1,150,NULL),(1393,15,547,2,200,NULL),(1394,23,547,1,800,NULL),(1395,36,547,1,100,NULL),(1396,21,547,1,50,NULL),(1397,40,548,6,50,NULL),(1398,27,549,2,800,NULL),(1399,27,550,2,800,NULL),(1400,42,551,1,600,NULL),(1401,15,551,1,200,NULL),(1402,27,551,1,800,NULL),(1403,16,552,1,400,NULL),(1404,12,552,1,100,NULL),(1405,35,553,3,150,NULL),(1406,35,554,4,150,NULL),(1407,32,554,1,100,NULL),(1408,35,555,1,150,NULL),(1409,44,556,2,100,NULL),(1410,15,557,2,200,NULL),(1411,35,558,1,150,NULL),(1412,21,558,1,50,NULL),(1413,44,558,2,100,NULL),(1414,8,559,1,250,NULL),(1415,35,559,1,150,NULL),(1416,21,559,1,50,NULL),(1417,23,560,1,800,NULL),(1418,24,560,1,1200,NULL),(1419,34,560,1,600,NULL),(1420,14,560,1,150,NULL),(1421,12,561,1,100,NULL),(1422,22,561,1,50,NULL),(1423,18,561,1,100,NULL),(1424,22,562,3,50,NULL),(1425,23,562,1,800,NULL),(1426,18,563,7,100,NULL),(1427,22,564,2,50,NULL),(1428,29,564,1,500,NULL),(1429,14,564,1,150,NULL),(1430,19,565,1,100,NULL),(1431,18,565,1,100,NULL),(1432,12,566,2,100,NULL),(1433,14,566,1,150,NULL),(1434,7,566,1,400,NULL),(1435,22,567,2,50,NULL),(1436,18,567,3,100,NULL),(1437,11,568,2,150,NULL),(1438,8,568,1,250,NULL),(1439,19,569,2,100,NULL),(1440,43,569,1,100,NULL),(1441,40,570,6,50,NULL),(1442,18,570,1,100,NULL),(1443,14,571,4,150,NULL),(1444,32,571,1,100,NULL),(1445,14,572,1,150,NULL),(1446,11,572,2,150,NULL),(1447,29,572,1,500,NULL),(1448,41,573,1,600,NULL),(1449,27,573,2,800,NULL),(1450,40,574,4,50,NULL),(1451,35,575,2,150,NULL),(1452,36,576,1,100,NULL),(1453,21,576,1,50,NULL),(1454,20,576,2,50,NULL),(1455,36,577,1,100,NULL),(1456,15,577,1,200,NULL),(1457,11,577,1,150,NULL),(1458,14,577,2,150,NULL),(1459,41,578,1,600,NULL),(1460,32,578,1,100,NULL),(1461,35,579,1,150,NULL),(1462,11,579,1,150,NULL),(1463,15,579,1,200,NULL),(1464,7,580,1,400,NULL),(1465,14,581,6,150,NULL),(1466,15,582,1,200,NULL),(1467,19,583,4,100,NULL),(1468,14,584,2,150,NULL),(1469,12,584,1,100,NULL),(1470,40,585,12,50,NULL),(1471,19,585,1,100,NULL),(1472,29,586,2,500,NULL),(1473,7,588,1,400,NULL),(1474,15,591,1,200,NULL),(1475,14,591,3,150,NULL),(1476,24,592,1,1200,NULL),(1477,24,593,2,1200,NULL),(1478,8,594,1,250,NULL),(1479,15,595,3,200,NULL),(1480,35,596,5,150,NULL),(1481,8,597,1,250,NULL),(1482,11,597,1,150,NULL),(1483,35,598,3,150,NULL),(1484,20,598,8,50,NULL),(1485,37,598,2,25,NULL),(1486,22,599,1,50,NULL),(1487,18,599,1,100,NULL),(1488,44,599,1,100,NULL),(1489,12,600,1,100,NULL),(1490,22,600,2,50,NULL),(1491,22,601,1,50,NULL),(1492,20,601,2,50,NULL),(1493,12,602,1,100,NULL),(1494,22,602,5,50,NULL),(1495,18,603,2,100,NULL),(1496,10,603,1,250,NULL),(1497,14,603,1,150,NULL),(1498,20,604,1,50,NULL),(1499,22,605,1,50,NULL),(1500,14,605,1,150,NULL),(1501,22,606,1,50,NULL),(1502,22,607,1,50,NULL),(1503,44,607,1,100,NULL),(1504,44,608,2,100,NULL),(1505,20,609,2,50,NULL),(1506,27,611,2,800,NULL),(1507,12,611,1,100,NULL),(1508,8,611,1,250,NULL),(1509,20,611,1,50,NULL),(1510,22,612,2,50,NULL),(1511,23,612,1,800,NULL),(1512,35,613,3,150,NULL),(1513,12,614,1,100,NULL),(1514,36,614,1,100,NULL),(1515,21,614,1,50,NULL),(1516,32,614,2,100,NULL),(1517,14,614,1,150,NULL),(1518,12,615,1,100,NULL),(1519,22,615,2,50,NULL),(1520,27,615,1,800,NULL),(1521,43,616,1,100,NULL),(1522,22,616,1,50,NULL),(1523,8,617,1,250,NULL),(1524,35,618,1,150,NULL),(1525,21,618,1,50,NULL),(1526,32,618,1,100,NULL),(1527,20,618,2,50,NULL),(1528,22,619,4,50,NULL),(1529,35,619,2,150,NULL),(1530,32,619,1,100,NULL),(1531,20,619,2,50,NULL),(1532,29,619,2,500,NULL),(1533,12,620,1,100,NULL),(1534,18,620,1,100,NULL),(1535,27,620,1,800,NULL),(1536,35,620,1,150,NULL),(1537,21,620,1,50,NULL),(1538,44,620,1,100,NULL),(1539,14,620,1,150,NULL),(1540,18,621,2,100,NULL),(1541,35,621,2,150,NULL),(1542,12,622,1,100,NULL),(1543,27,622,1,800,NULL),(1544,35,622,2,150,NULL),(1545,10,622,1,250,NULL),(1546,20,622,1,50,NULL),(1547,12,623,1,100,NULL),(1548,18,623,1,100,NULL),(1549,8,623,1,250,NULL),(1550,21,623,3,50,NULL),(1551,32,623,2,100,NULL),(1552,12,624,1,100,NULL),(1553,27,624,1,800,NULL),(1554,35,624,2,150,NULL),(1555,20,624,1,50,NULL),(1556,12,625,1,100,NULL),(1557,18,625,2,100,NULL),(1558,14,627,2,150,NULL),(1559,8,627,1,250,NULL),(1560,35,628,3,150,NULL),(1561,21,628,2,50,NULL),(1562,44,628,1,100,NULL),(1563,20,629,1,50,NULL),(1564,35,630,2,150,NULL),(1565,27,631,1,800,NULL),(1566,29,631,1,500,NULL),(1567,32,632,2,100,NULL),(1568,21,632,1,50,NULL),(1569,20,632,1,50,NULL),(1570,14,633,2,150,NULL),(1571,12,634,1,100,NULL),(1572,32,634,6,100,NULL),(1573,20,634,1,50,NULL),(1574,14,634,1,150,NULL),(1575,12,635,3,100,NULL),(1576,12,636,1,100,NULL),(1577,23,637,2,800,NULL),(1578,35,638,4,150,NULL),(1579,19,639,2,100,NULL),(1580,19,640,3,100,NULL),(1581,16,640,2,400,NULL),(1582,43,641,2,100,NULL),(1583,35,642,5,150,NULL),(1584,44,642,2,100,NULL),(1585,19,643,2,100,NULL),(1586,15,644,1,200,NULL),(1587,8,644,1,250,NULL),(1588,15,645,1,200,NULL),(1589,14,645,2,150,NULL),(1590,8,645,1,250,NULL),(1591,13,646,1,150,NULL),(1592,18,646,1,100,NULL),(1593,16,646,1,400,NULL),(1594,14,647,2,150,NULL),(1595,29,647,2,500,NULL),(1596,29,648,2,500,NULL),(1597,34,648,1,600,NULL),(1598,42,648,1,600,NULL),(1599,12,649,1,100,NULL),(1600,19,649,1,100,NULL),(1601,21,649,1,50,NULL),(1602,12,650,1,100,NULL),(1603,19,650,1,100,NULL),(1604,12,651,1,100,NULL),(1605,19,651,1,100,NULL),(1606,14,651,1,150,NULL),(1607,10,651,2,250,NULL),(1608,12,652,1,100,NULL),(1609,19,652,1,100,NULL),(1610,8,652,1,250,NULL),(1611,35,652,3,150,NULL),(1612,11,652,2,150,NULL),(1613,18,653,2,100,NULL),(1614,19,653,1,100,NULL),(1615,8,653,1,250,NULL),(1616,24,653,1,1200,NULL),(1617,35,653,2,150,NULL),(1618,29,653,2,500,NULL),(1619,12,654,1,100,NULL),(1620,43,654,2,100,NULL),(1621,23,654,2,800,NULL),(1622,11,654,2,150,NULL),(1623,32,655,2,100,NULL),(1624,20,655,3,50,NULL),(1625,14,655,1,150,NULL),(1626,16,655,1,400,NULL),(1627,12,655,1,100,NULL),(1628,16,656,1,400,NULL),(1629,12,656,1,100,NULL),(1630,21,657,2,50,NULL),(1631,36,657,3,100,NULL),(1632,23,658,1,800,NULL),(1633,7,658,1,400,NULL),(1634,35,659,1,150,NULL),(1635,27,659,1,800,NULL),(1636,11,660,4,150,NULL),(1637,12,661,1,100,NULL),(1638,19,661,1,100,NULL),(1639,23,661,2,800,NULL),(1640,44,662,2,100,NULL),(1641,27,662,2,800,NULL),(1642,12,663,1,100,NULL),(1643,35,663,1,150,NULL),(1644,11,663,2,150,NULL),(1645,44,664,3,100,NULL),(1646,12,664,1,100,NULL),(1647,18,664,1,100,NULL),(1648,19,665,1,100,NULL),(1649,45,665,1,500,NULL),(1650,18,666,1,100,NULL),(1651,8,666,1,250,NULL),(1652,8,667,2,250,NULL),(1653,27,667,2,800,NULL),(1654,35,667,2,150,NULL),(1655,44,667,2,100,NULL),(1656,20,667,1,50,NULL),(1657,11,667,3,150,NULL),(1658,29,668,2,500,NULL),(1659,14,668,2,150,NULL),(1660,11,669,5,150,NULL),(1661,14,669,3,150,NULL),(1662,12,670,2,100,NULL),(1663,18,670,3,100,NULL),(1664,19,670,1,100,NULL),(1665,27,670,1,800,NULL),(1666,8,671,1,250,NULL),(1667,11,671,5,150,NULL),(1668,35,672,15,150,NULL),(1669,24,673,2,1200,NULL),(1670,13,674,1,150,NULL),(1671,12,674,3,100,NULL),(1672,32,675,6,100,NULL),(1673,18,676,2,100,NULL),(1674,35,676,3,150,NULL),(1675,14,676,5,150,NULL),(1676,21,677,2,50,NULL),(1677,20,677,3,50,NULL),(1678,37,677,4,25,NULL),(1679,19,678,1,100,NULL),(1680,18,678,3,100,NULL),(1681,23,679,1,800,NULL),(1682,27,679,1,800,NULL),(1683,14,681,3,150,NULL),(1684,16,682,2,400,NULL),(1685,14,682,2,150,NULL),(1686,12,683,1,100,NULL),(1687,13,683,1,150,NULL),(1688,12,684,1,100,NULL),(1689,18,684,1,100,NULL),(1690,13,685,1,150,NULL),(1691,12,686,2,100,NULL),(1692,43,686,2,100,NULL),(1693,19,687,2,100,NULL),(1694,18,687,2,100,NULL),(1695,12,688,1,100,NULL),(1696,43,689,1,100,NULL),(1697,45,689,1,500,NULL),(1698,13,690,1,150,NULL),(1699,19,690,1,100,NULL),(1700,43,690,2,100,NULL),(1701,16,691,1,400,NULL),(1702,12,691,1,100,NULL),(1703,14,692,2,150,NULL),(1704,16,693,1,400,NULL),(1705,18,693,1,100,NULL),(1706,19,693,1,100,NULL),(1707,18,694,2,100,NULL),(1708,12,695,1,100,NULL),(1709,16,695,1,400,NULL),(1710,19,695,1,100,NULL),(1711,18,695,2,100,NULL),(1712,35,696,4,150,NULL),(1713,44,696,1,100,NULL),(1714,18,697,1,100,NULL),(1715,35,697,4,150,NULL),(1716,43,698,2,100,NULL),(1717,35,698,19,150,NULL),(1718,12,699,1,100,NULL),(1719,16,699,1,400,NULL),(1720,44,699,1,100,NULL),(1721,36,699,3,100,NULL),(1722,21,699,3,50,NULL),(1723,39,699,3,25,NULL),(1724,12,700,2,100,NULL),(1725,32,701,3,100,NULL),(1726,32,702,1,100,NULL),(1727,44,702,1,100,NULL),(1728,19,703,1,100,NULL),(1729,43,703,1,100,NULL),(1730,16,703,1,400,NULL),(1731,11,704,2,150,NULL),(1732,14,704,20,150,NULL),(1733,35,705,4,150,NULL),(1734,44,705,1,100,NULL),(1735,12,706,1,100,NULL),(1736,13,706,1,150,NULL),(1737,43,706,2,100,NULL),(1738,19,706,4,100,NULL),(1739,12,707,2,100,NULL),(1740,22,707,2,50,NULL),(1741,12,708,1,100,NULL),(1742,22,708,1,50,NULL),(1743,36,708,2,100,NULL),(1744,21,708,4,50,NULL),(1745,20,708,8,50,NULL),(1746,32,709,3,100,NULL),(1747,8,709,2,250,NULL),(1748,14,709,1,150,NULL),(1749,12,710,1,100,NULL),(1750,12,711,1,100,NULL),(1751,21,712,1,50,NULL),(1752,20,712,12,50,NULL),(1753,36,712,4,100,NULL),(1754,41,713,1,600,NULL),(1755,15,713,1,200,NULL),(1756,45,714,1,500,NULL),(1757,18,714,1,100,NULL),(1758,18,715,1,100,NULL),(1759,16,715,1,400,NULL),(1760,36,716,1,100,NULL),(1761,21,716,1,50,NULL),(1762,14,717,2,150,NULL),(1763,12,718,6,100,NULL),(1764,40,718,20,50,NULL),(1765,12,720,1,100,NULL),(1766,22,720,3,50,NULL),(1767,24,721,2,1200,NULL),(1768,41,721,1,600,NULL),(1769,34,721,1,600,NULL),(1770,24,723,1,1200,NULL),(1771,14,723,5,150,NULL),(1772,18,724,2,100,NULL),(1773,40,724,5,50,NULL),(1774,45,724,1,500,NULL),(1775,19,725,2,100,NULL),(1776,16,726,2,400,NULL),(1777,44,727,1,100,NULL),(1778,18,727,8,100,NULL),(1779,35,727,3,150,NULL),(1780,20,727,3,50,NULL),(1781,36,727,1,100,NULL),(1782,37,727,1,25,NULL),(1783,12,728,4,100,NULL),(1784,32,729,1,100,NULL),(1785,44,729,2,100,NULL),(1786,44,730,2,100,NULL),(1787,12,731,5,100,NULL),(1788,15,732,2,200,NULL),(1789,8,732,1,250,NULL),(1790,32,733,9,100,NULL),(1791,44,733,1,100,NULL),(1792,35,734,3,150,NULL),(1793,22,734,9,50,NULL),(1794,36,734,2,100,NULL),(1795,21,734,2,50,NULL),(1796,20,734,7,50,NULL),(1797,14,735,1,150,NULL),(1798,12,735,1,100,NULL),(1799,19,735,1,100,NULL),(1800,32,736,3,100,NULL),(1801,14,737,2,150,NULL),(1802,21,737,2,50,NULL),(1803,20,737,1,50,NULL),(1804,37,737,1,25,NULL),(1805,39,737,1,25,NULL),(1806,32,738,1,100,NULL),(1807,12,739,2,100,NULL),(1808,22,739,13,50,NULL),(1809,12,740,1,100,NULL),(1810,36,741,4,100,NULL),(1811,21,741,2,50,NULL),(1812,13,742,7,150,NULL),(1813,12,743,2,100,NULL),(1814,22,744,20,50,NULL),(1815,40,745,3,50,NULL),(1816,35,746,3,150,NULL),(1817,19,747,1,100,NULL),(1818,19,748,1,100,NULL),(1819,16,748,4,400,NULL),(1820,44,749,3,100,NULL),(1821,35,749,2,150,NULL),(1822,35,750,5,150,NULL),(1823,41,750,1,600,NULL),(1824,27,751,1,800,NULL),(1825,41,751,1,600,NULL),(1826,27,752,2,800,NULL),(1827,27,753,2,800,NULL),(1828,29,753,1,500,NULL),(1829,22,754,4,50,NULL),(1830,14,754,9,150,NULL),(1831,11,754,3,150,NULL),(1832,40,755,9,50,NULL),(1833,35,756,9,150,NULL),(1834,14,757,4,150,NULL),(1835,14,758,3,150,NULL),(1836,15,758,1,200,NULL),(1837,12,759,2,100,NULL),(1838,14,760,6,150,NULL),(1839,15,761,2,200,NULL),(1840,8,761,1,250,NULL),(1841,35,762,2,150,NULL),(1842,32,762,5,100,NULL),(1843,32,763,9,100,NULL),(1844,20,763,8,50,NULL),(1845,21,763,8,50,NULL),(1846,22,764,4,50,NULL),(1847,19,765,2,100,NULL),(1848,40,765,3,50,NULL),(1849,22,766,10,50,NULL),(1850,14,767,2,150,NULL),(1851,22,768,2,50,NULL),(1852,35,768,5,150,NULL),(1853,14,768,2,150,NULL),(1854,24,769,2,1200,NULL),(1855,10,769,2,250,NULL),(1856,12,770,3,100,NULL),(1857,13,770,1,150,NULL),(1858,22,771,5,50,NULL),(1859,22,772,4,50,NULL),(1860,40,772,6,50,NULL),(1861,18,772,4,100,NULL),(1862,23,773,1,800,NULL),(1863,35,775,4,150,NULL),(1864,23,776,1,800,NULL),(1865,15,776,1,200,NULL),(1866,18,776,2,100,NULL),(1867,24,777,1,1200,NULL),(1868,35,777,1,150,NULL),(1869,14,777,1,150,NULL),(1870,22,778,2,50,NULL),(1871,45,779,1,500,NULL),(1872,15,779,2,200,NULL),(1873,14,779,3,150,NULL),(1874,11,779,2,150,NULL),(1875,14,780,7,150,NULL),(1876,27,780,2,800,NULL),(1877,20,781,3,50,NULL),(1878,21,781,4,50,NULL),(1879,36,781,5,100,NULL),(1880,19,781,3,100,NULL),(1881,40,781,4,50,NULL),(1882,12,782,1,100,NULL),(1883,13,782,1,150,NULL),(1884,23,783,1,800,NULL),(1885,14,783,3,150,NULL),(1886,35,784,2,150,NULL),(1887,29,785,2,500,NULL),(1888,14,785,3,150,NULL),(1889,11,785,1,150,NULL),(1890,8,786,1,250,NULL),(1891,44,786,3,100,NULL),(1892,32,786,4,100,NULL),(1893,18,787,3,100,NULL),(1894,45,787,1,500,NULL),(1895,16,787,1,400,NULL),(1896,14,788,1,150,NULL),(1897,12,788,3,100,NULL),(1898,16,788,3,400,NULL),(1899,21,788,1,50,NULL),(1900,18,788,1,100,NULL),(1901,12,789,2,100,NULL),(1902,36,789,4,100,NULL),(1903,20,789,4,50,NULL),(1904,29,790,4,500,NULL),(1905,19,791,3,100,NULL),(1906,18,792,10,100,NULL),(1907,22,793,4,50,NULL),(1908,19,793,2,100,NULL),(1909,32,794,9,100,NULL),(1910,39,794,2,25,NULL),(1911,20,794,10,50,NULL),(1912,18,795,1,100,NULL),(1913,40,795,23,50,NULL),(1914,22,795,7,50,NULL),(1915,15,796,2,200,NULL),(1916,11,796,2,150,NULL),(1917,8,796,3,250,NULL),(1918,23,797,4,800,NULL),(1919,27,798,2,800,NULL),(1920,29,798,2,500,NULL),(1921,20,799,4,50,NULL),(1922,21,799,3,50,NULL),(1923,15,800,1,200,NULL),(1924,16,801,3,400,NULL),(1925,35,801,4,150,NULL),(1926,14,801,3,150,NULL),(1927,15,801,1,200,NULL),(1928,43,802,2,100,NULL),(1929,13,802,2,150,NULL),(1930,12,802,7,100,NULL),(1931,23,803,1,800,NULL),(1932,35,804,3,150,NULL),(1933,27,804,1,800,NULL),(1934,29,804,1,500,NULL),(1935,11,805,2,150,NULL),(1936,15,805,2,200,NULL),(1937,44,805,2,100,NULL),(1938,20,805,3,50,NULL),(1939,36,805,2,100,NULL),(1940,16,806,1,400,NULL),(1941,40,806,4,50,NULL),(1942,44,807,2,100,NULL),(1943,22,808,4,50,NULL),(1944,12,808,1,100,NULL),(1945,12,809,1,100,NULL),(1946,22,809,15,50,NULL),(1947,22,810,3,50,NULL),(1948,40,810,5,50,NULL),(1949,19,810,2,100,NULL),(1950,22,811,23,50,NULL),(1951,18,812,3,100,NULL),(1952,40,812,7,50,NULL),(1953,12,812,2,100,NULL),(1954,16,812,1,400,NULL),(1955,27,812,1,800,NULL),(1956,22,813,6,50,NULL),(1957,40,813,4,50,NULL),(1958,16,813,1,400,NULL),(1959,44,813,3,100,NULL),(1960,36,813,3,100,NULL),(1961,36,814,7,100,NULL),(1962,20,814,3,50,NULL),(1963,8,814,1,250,NULL),(1964,11,815,1,150,NULL),(1965,12,815,1,100,NULL),(1966,14,816,6,150,NULL),(1967,8,817,1,250,NULL),(1968,35,817,3,150,NULL),(1969,27,817,2,800,NULL),(1970,8,818,1,250,NULL),(1971,22,819,13,50,NULL),(1972,40,820,4,50,NULL),(1973,35,820,2,150,NULL),(1974,44,821,2,100,NULL),(1975,35,821,3,150,NULL),(1976,14,822,5,150,NULL),(1977,22,823,4,50,NULL),(1978,14,824,2,150,NULL),(1979,36,824,7,100,NULL),(1980,22,825,8,50,NULL),(1981,14,825,6,150,NULL),(1982,21,826,8,50,NULL),(1983,20,826,21,50,NULL),(1984,12,827,1,100,NULL),(1985,13,827,1,150,NULL),(1986,22,828,8,50,NULL),(1987,8,829,2,250,NULL),(1988,29,829,1,500,NULL),(1989,27,830,1,800,NULL),(1990,27,831,1,800,NULL),(1991,14,832,1,150,NULL),(1992,34,832,1,600,NULL),(1993,24,832,1,1200,NULL),(1994,21,832,1,50,NULL),(1995,35,833,7,150,NULL),(1996,21,833,4,50,NULL),(1997,37,833,2,25,NULL),(1998,12,834,2,100,NULL),(1999,14,834,3,150,NULL),(2000,23,835,2,800,NULL),(2001,24,835,1,1200,NULL),(2002,14,835,2,150,NULL),(2003,40,836,2,50,NULL),(2004,19,836,3,100,NULL),(2005,29,837,1,500,NULL),(2006,15,837,5,200,NULL),(2007,16,838,1,400,NULL),(2008,12,838,2,100,NULL),(2009,12,839,7,100,NULL),(2010,22,840,6,50,NULL),(2011,12,840,2,100,NULL),(2012,45,841,1,500,NULL),(2013,24,842,1,1200,NULL),(2014,27,843,1,800,NULL),(2015,12,844,1,100,NULL),(2016,15,844,1,200,NULL),(2017,16,844,1,400,NULL),(2018,12,845,1,100,NULL),(2019,15,845,2,200,NULL),(2020,27,846,1,800,NULL),(2021,8,846,1,250,NULL),(2022,15,847,1,200,NULL),(2023,27,847,2,800,NULL),(2024,29,847,3,500,NULL),(2025,12,848,9,100,NULL),(2026,13,848,2,150,NULL),(2027,22,849,6,50,NULL),(2028,14,849,3,150,NULL),(2029,11,849,2,150,NULL),(2030,35,850,6,150,NULL),(2031,29,850,1,500,NULL),(2032,23,851,2,800,NULL),(2033,29,852,3,500,NULL),(2034,15,852,6,200,NULL),(2035,27,853,1,800,NULL),(2036,16,854,1,400,NULL),(2037,18,854,2,100,NULL),(2038,19,854,3,100,NULL),(2039,23,855,3,800,NULL),(2040,14,855,1,150,NULL),(2041,15,855,2,200,NULL),(2042,23,856,1,800,NULL),(2043,12,857,9,100,NULL),(2044,39,857,17,25,NULL),(2045,36,857,7,100,NULL),(2046,40,858,4,50,NULL),(2047,14,858,5,150,NULL),(2048,21,858,3,50,NULL),(2049,11,859,2,150,NULL),(2050,10,859,1,250,NULL),(2051,19,859,8,100,NULL),(2052,19,860,3,100,NULL),(2053,40,860,14,50,NULL),(2054,12,861,1,100,NULL),(2055,40,861,2,50,NULL),(2056,44,861,1,100,NULL),(2057,16,862,1,400,NULL),(2058,40,862,4,50,NULL),(2059,22,863,3,50,NULL),(2060,10,864,2,250,NULL),(2061,8,865,4,250,NULL),(2062,27,866,2,800,NULL),(2063,8,866,3,250,NULL),(2064,37,867,1,25,NULL),(2065,44,867,1,100,NULL),(2066,35,867,3,150,NULL),(2067,18,868,3,100,NULL),(2068,18,869,2,100,NULL),(2069,22,870,4,50,NULL),(2070,12,871,1,100,NULL),(2071,22,871,1,50,NULL),(2072,18,872,1,100,NULL),(2073,16,873,1,400,NULL),(2074,15,874,1,200,NULL),(2075,24,875,1,1200,NULL),(2076,35,876,3,150,NULL),(2077,8,876,1,250,NULL),(2078,27,876,1,800,NULL),(2079,40,877,9,50,NULL),(2080,12,877,5,100,NULL),(2081,13,877,3,150,NULL),(2082,22,878,26,50,NULL),(2083,18,878,1,100,NULL),(2084,40,878,1,50,NULL),(2085,16,878,2,400,NULL),(2086,45,878,1,500,NULL),(2087,24,879,3,1200,NULL),(2088,34,879,1,600,NULL),(2089,42,879,3,600,NULL),(2090,27,880,2,800,NULL),(2091,29,880,3,500,NULL),(2092,27,881,1,800,NULL),(2093,35,881,4,150,NULL),(2094,22,882,22,50,NULL),(2095,12,882,2,100,NULL),(2096,12,883,1,100,NULL),(2097,22,883,12,50,NULL),(2098,16,883,2,400,NULL),(2099,35,884,2,150,NULL),(2100,44,884,3,100,NULL),(2101,12,885,2,100,NULL),(2102,29,885,3,500,NULL),(2103,40,886,13,50,NULL),(2104,35,886,4,150,NULL),(2105,29,887,1,500,NULL),(2106,24,888,1,1200,NULL),(2107,27,888,1,800,NULL),(2108,40,889,13,50,NULL),(2109,19,889,4,100,NULL),(2110,14,890,4,150,NULL),(2111,29,890,2,500,NULL),(2112,23,891,1,800,NULL),(2113,14,891,2,150,NULL),(2114,15,892,4,200,NULL),(2115,14,892,6,150,NULL),(2116,16,893,1,400,NULL),(2117,22,894,20,50,NULL),(2118,13,894,11,150,NULL),(2119,12,895,4,100,NULL),(2120,22,896,12,50,NULL),(2121,14,896,3,150,NULL),(2122,12,897,4,100,NULL),(2123,13,897,3,150,NULL),(2124,23,898,2,800,NULL),(2125,8,898,4,250,NULL),(2126,22,899,20,50,NULL),(2127,8,899,7,250,NULL),(2128,10,900,2,250,NULL),(2129,22,901,3,50,NULL),(2130,11,901,4,150,NULL),(2131,12,902,13,100,NULL),(2132,22,903,7,50,NULL),(2133,18,903,5,100,NULL),(2134,18,904,9,100,NULL),(2135,19,905,21,100,NULL),(2136,40,905,11,50,NULL),(2137,14,905,9,150,NULL),(2138,22,906,2,50,NULL),(2139,16,907,2,400,NULL),(2140,23,907,2,800,NULL),(2141,22,908,1,50,NULL),(2142,35,909,4,150,NULL),(2143,36,910,5,100,NULL),(2144,44,910,3,100,NULL),(2145,27,911,3,800,NULL),(2146,18,912,1,100,NULL),(2147,19,912,2,100,NULL),(2148,16,912,3,400,NULL),(2149,15,913,2,200,NULL),(2150,11,913,2,150,NULL),(2151,36,914,9,100,NULL),(2152,37,914,6,25,NULL),(2153,8,915,1,250,NULL),(2154,14,915,2,150,NULL),(2155,24,916,2,1200,NULL),(2156,40,917,1,50,NULL),(2157,18,917,26,100,NULL),(2158,35,918,4,150,NULL),(2159,15,919,3,200,NULL),(2160,15,920,2,200,NULL),(2161,15,921,2,200,NULL),(2162,15,922,7,200,NULL),(2163,14,922,1,150,NULL),(2164,11,922,4,150,NULL),(2165,11,923,6,150,NULL),(2166,21,924,10,50,NULL),(2167,36,924,8,100,NULL),(2168,36,925,2,100,NULL),(2169,21,925,10,50,NULL),(2170,36,927,5,100,NULL),(2171,23,928,1,800,NULL),(2172,11,929,2,150,NULL),(2173,36,930,1,100,NULL),(2174,22,931,11,50,NULL),(2175,12,931,10,100,NULL),(2176,36,932,9,100,NULL),(2177,22,933,7,50,NULL),(2178,22,934,9,50,NULL),(2179,13,934,2,150,NULL),(2180,18,935,2,100,NULL),(2181,19,935,1,100,NULL),(2182,27,936,3,800,NULL),(2183,22,937,13,50,NULL),(2184,8,938,1,250,NULL),(2185,15,938,1,200,NULL),(2186,14,938,3,150,NULL),(2187,11,938,4,150,NULL),(2188,22,939,18,50,NULL),(2189,22,940,15,50,NULL),(2190,18,940,5,100,NULL),(2191,19,940,5,100,NULL),(2192,22,941,3,50,NULL),(2193,22,942,6,50,NULL),(2194,14,942,5,150,NULL),(2195,36,943,4,100,NULL),(2196,35,944,8,150,NULL),(2197,35,945,7,150,NULL),(2198,13,946,3,150,NULL),(2199,22,947,10,50,NULL),(2200,22,948,9,50,NULL),(2201,8,948,1,250,NULL),(2202,15,948,1,200,NULL),(2203,14,948,1,150,NULL),(2204,16,949,1,400,NULL),(2205,27,950,1,800,NULL),(2206,34,950,1,600,NULL),(2207,27,951,1,800,NULL),(2208,41,951,1,600,NULL),(2209,8,952,3,250,NULL),(2210,27,953,1,800,NULL),(2211,36,953,3,100,NULL),(2212,14,953,1,150,NULL),(2213,36,954,2,100,NULL),(2214,35,954,2,150,NULL),(2215,22,955,7,50,NULL),(2216,22,956,23,50,NULL),(2217,8,958,1,250,NULL),(2218,35,959,11,150,NULL),(2219,22,960,6,50,NULL),(2220,18,960,1,100,NULL),(2221,22,961,13,50,NULL),(2222,29,962,4,500,NULL),(2223,35,963,2,150,NULL),(2224,11,963,1,150,NULL),(2225,21,963,1,50,NULL),(2226,22,964,2,50,NULL),(2227,35,964,6,150,NULL),(2228,27,966,1,800,NULL),(2229,35,967,6,150,NULL),(2230,27,968,1,800,NULL),(2231,35,970,2,150,NULL),(2232,21,971,15,50,NULL),(2233,36,971,3,100,NULL),(2234,11,973,1,150,NULL),(2235,15,973,1,200,NULL),(2236,36,974,4,100,NULL),(2237,36,975,13,100,NULL),(2238,8,976,1,250,NULL),(2239,11,976,2,150,NULL),(2240,36,977,1,100,NULL),(2241,27,978,2,800,NULL),(2242,29,979,1,500,NULL),(2243,8,980,1,250,NULL),(2244,21,980,2,50,NULL),(2245,24,981,1,1200,NULL),(2246,41,981,1,600,NULL),(2247,35,982,4,150,NULL),(2248,35,984,6,150,NULL),(2249,22,985,6,50,NULL),(2250,22,986,14,50,NULL),(2251,22,987,8,50,NULL),(2252,8,988,2,250,NULL),(2253,18,989,3,100,NULL),(2254,15,989,1,200,NULL),(2255,22,990,2,50,NULL),(2256,22,991,3,50,NULL),(2257,16,992,2,400,NULL),(2258,15,992,1,200,NULL),(2259,23,993,1,800,NULL),(2260,23,994,1,800,NULL),(2261,35,994,2,150,NULL),(2262,24,994,1,1200,NULL),(2263,18,995,4,100,NULL),(2264,16,995,2,400,NULL),(2265,27,996,1,800,NULL),(2266,15,996,3,200,NULL),(2267,15,997,1,200,NULL),(2268,14,997,2,150,NULL),(2269,11,997,2,150,NULL),(2270,27,997,1,800,NULL),(2271,29,997,2,500,NULL),(2272,27,998,2,800,NULL),(2273,29,998,2,500,NULL),(2274,37,998,10,25,NULL),(2275,36,998,1,100,NULL),(2276,23,999,3,800,NULL),(2277,35,1000,2,150,NULL),(2278,23,1000,1,800,NULL),(2279,36,1001,8,100,NULL),(2280,39,1001,2,25,NULL),(2281,16,1002,1,400,NULL),(2282,22,1002,2,50,NULL),(2283,23,1003,1,800,NULL),(2284,19,1004,3,100,NULL),(2285,18,1004,3,100,NULL),(2286,29,1005,1,500,NULL),(2287,29,1006,2,500,NULL),(2288,24,1007,2,1200,NULL),(2289,11,1008,5,150,NULL),(2290,14,1008,4,150,NULL),(2291,35,1008,7,150,NULL),(2292,22,1009,11,50,NULL),(2293,21,1009,3,50,NULL),(2294,8,1010,2,250,NULL),(2295,34,1010,1,600,NULL),(2296,14,1011,2,150,NULL),(2297,15,1011,2,200,NULL),(2298,11,1011,7,150,NULL),(2299,15,1012,7,200,NULL),(2300,37,1013,2,25,NULL),(2301,18,1013,11,100,NULL),(2302,19,1013,16,100,NULL),(2303,19,1014,3,100,NULL),(2304,18,1014,11,100,NULL),(2305,11,1015,4,150,NULL),(2306,14,1015,2,150,NULL),(2307,14,1016,1,150,NULL),(2308,11,1016,1,150,NULL),(2309,8,1017,2,250,NULL),(2310,24,1018,1,1200,NULL),(2311,8,1019,1,250,NULL),(2312,14,1019,4,150,NULL),(2313,27,1020,1,800,NULL),(2314,35,1021,3,150,NULL),(2315,27,1021,1,800,NULL),(2316,29,1021,2,500,NULL),(2317,21,1021,20,50,NULL),(2318,14,1022,3,150,NULL),(2319,29,1023,2,500,NULL),(2320,22,1024,13,50,NULL),(2321,22,1025,8,50,NULL),(2322,16,1025,1,400,NULL),(2323,18,1026,3,100,NULL),(2324,45,1027,1,500,NULL),(2325,23,1028,2,800,NULL),(2326,35,1028,16,150,NULL),(2327,29,1028,5,500,NULL),(2328,24,1028,1,1200,NULL),(2329,35,1029,6,150,NULL),(2330,21,1029,23,50,NULL),(2331,37,1029,5,25,NULL),(2332,22,1030,14,50,NULL),(2333,14,1031,1,150,NULL),(2334,22,1031,3,50,NULL),(2335,22,1032,2,50,NULL),(2336,35,1033,1,150,NULL),(2337,19,1034,2,100,NULL),(2338,22,1035,10,50,NULL),(2339,24,1036,1,1200,NULL),(2340,23,1037,1,800,NULL),(2341,22,1038,7,50,NULL),(2342,14,1038,13,150,NULL),(2343,8,1039,1,250,NULL),(2344,29,1039,1,500,NULL),(2345,18,1039,1,100,NULL),(2346,22,1040,5,50,NULL),(2347,35,1041,3,150,NULL),(2348,8,1041,2,250,NULL),(2349,36,1042,16,100,NULL),(2350,14,1042,10,150,NULL),(2351,22,1043,7,50,NULL),(2352,36,1043,1,100,NULL),(2353,22,1044,1,50,NULL),(2354,22,1045,17,50,NULL),(2355,35,1045,1,150,NULL),(2356,8,1046,1,250,NULL),(2357,22,1047,15,50,NULL),(2358,11,1048,6,150,NULL),(2359,22,1049,5,50,NULL),(2360,35,1049,9,150,NULL),(2361,22,1050,14,50,NULL),(2362,37,1051,1,25,NULL),(2363,35,1051,2,150,NULL),(2364,34,1052,1,600,NULL),(2365,36,1053,10,100,NULL),(2366,36,1054,2,100,NULL),(2367,22,1055,5,50,NULL),(2368,36,1055,1,100,NULL),(2369,22,1056,8,50,NULL),(2370,22,1057,12,50,NULL),(2371,14,1058,1,150,NULL),(2372,8,1058,1,250,NULL),(2373,35,1058,2,150,NULL),(2374,35,1059,4,150,NULL),(2375,22,1059,3,50,NULL),(2376,16,1060,2,400,NULL),(2377,22,1061,5,50,NULL),(2378,45,1062,1,500,NULL),(2379,22,1063,6,50,NULL),(2380,35,1064,4,150,NULL),(2381,8,1064,4,250,NULL),(2382,21,1065,2,50,NULL),(2383,35,1066,2,150,NULL),(2384,18,1066,5,100,NULL),(2385,22,1067,6,50,NULL),(2386,23,1067,1,800,NULL),(2387,23,1068,2,800,NULL),(2388,45,1069,1,500,NULL),(2389,18,1069,7,100,NULL),(2390,34,1070,1,600,NULL),(2391,8,1070,6,250,NULL),(2392,18,1071,5,100,NULL),(2393,16,1072,1,400,NULL),(2394,45,1072,1,500,NULL),(2395,18,1073,5,100,NULL),(2396,24,1073,2,1200,NULL),(2397,29,1073,2,500,NULL),(2398,8,1074,3,250,NULL),(2399,8,1075,5,250,NULL),(2400,14,1076,2,150,NULL),(2401,18,1077,8,100,NULL),(2402,19,1077,5,100,NULL),(2403,18,1078,1,100,NULL),(2404,22,1079,7,50,NULL),(2405,23,1080,1,800,NULL),(2406,21,1080,2,50,NULL),(2407,36,1080,2,100,NULL),(2408,22,1080,3,50,NULL),(2409,8,1081,1,250,NULL),(2410,29,1082,2,500,NULL),(2411,23,1083,2,800,NULL),(2412,23,1085,2,800,NULL),(2413,24,1085,1,1200,NULL),(2414,22,1086,5,50,NULL),(2415,22,1087,5,50,NULL),(2416,8,1087,2,250,NULL),(2417,41,1087,1,600,NULL),(2418,21,1087,1,50,NULL),(2419,37,1087,6,25,NULL),(2420,18,1088,4,100,NULL),(2421,19,1088,4,100,NULL),(2422,22,1089,23,50,NULL),(2423,18,1089,5,100,NULL),(2424,23,1090,1,800,NULL),(2425,29,1090,1,500,NULL),(2426,8,1091,3,250,NULL),(2427,29,1092,1,500,NULL),(2428,22,1093,12,50,NULL),(2429,41,1093,3,600,NULL),(2430,35,1094,1,150,NULL),(2431,35,1096,3,150,NULL),(2432,8,1096,3,250,NULL),(2433,37,1096,10,25,NULL),(2434,8,1097,2,250,NULL),(2435,24,1098,1,1200,NULL),(2436,23,1098,1,800,NULL),(2437,8,1099,3,250,NULL),(2438,29,1099,3,500,NULL),(2439,8,1100,5,250,NULL),(2440,35,1100,8,150,NULL),(2441,19,1100,8,100,NULL),(2442,23,1101,1,800,NULL),(2443,23,1102,1,800,NULL),(2444,23,1103,1,800,NULL),(2445,8,1103,1,250,NULL),(2446,8,1104,3,250,NULL),(2447,18,1105,5,100,NULL),(2448,45,1105,1,500,NULL),(2449,22,1106,14,50,NULL),(2450,8,1106,7,250,NULL),(2451,24,1107,1,1200,NULL),(2452,23,1107,1,800,NULL),(2453,8,1108,4,250,NULL),(2454,18,1109,21,100,NULL),(2455,18,1110,2,100,NULL),(2456,16,1110,1,400,NULL),(2457,16,1111,1,400,NULL),(2458,45,1111,1,500,NULL),(2459,35,1111,2,150,NULL),(2460,35,1112,4,150,NULL),(2461,37,1113,14,25,NULL),(2462,23,1114,1,800,NULL),(2463,22,1115,5,50,NULL),(2464,22,1116,44,50,NULL),(2465,34,1117,4,600,NULL),(2466,27,1118,3,800,NULL),(2467,27,1119,2,800,NULL),(2468,27,1120,3,800,NULL),(2469,27,1121,1,800,NULL),(2470,27,1122,2,800,NULL),(2471,12,1123,1,100,NULL),(2472,35,1123,4,150,NULL),(2473,22,1123,2,75,NULL),(2474,12,1124,1,100,NULL),(2475,22,1124,7,75,NULL),(2476,35,1124,9,150,NULL),(2477,29,1124,1,500,NULL),(2478,43,1125,7,50,NULL),(2479,45,1125,1,500,NULL),(2480,37,1126,10,25,NULL),(2481,21,1126,10,50,NULL),(2482,20,1126,7,50,NULL),(2483,14,1127,1,150,NULL),(2484,15,1127,1,200,NULL),(2485,22,1128,11,75,NULL),(2486,12,1128,7,100,NULL),(2487,12,1129,7,100,NULL),(2488,22,1129,13,75,NULL),(2489,34,1130,2,600,NULL),(2490,29,1131,1,500,NULL),(2491,22,1131,8,75,NULL),(2492,12,1131,7,100,NULL),(2493,32,1131,7,100,NULL),(2494,36,1131,10,100,NULL),(2495,12,1132,5,100,NULL),(2496,13,1132,9,150,NULL),(2497,19,1132,6,100,NULL),(2498,43,1132,20,50,NULL),(2499,35,1133,12,150,NULL),(2500,29,1133,13,500,NULL),(2501,24,1133,2,1200,NULL),(2502,22,1134,17,75,NULL),(2503,43,1134,18,50,NULL),(2504,24,1135,2,1200,NULL),(2505,27,1136,7,800,NULL),(2506,8,1136,7,250,NULL),(2507,10,1136,9,250,NULL),(2508,14,1136,8,150,NULL),(2509,13,1137,12,150,NULL),(2510,38,1138,3,100,NULL),(2511,22,1138,6,75,NULL),(2512,35,1139,16,150,NULL),(2513,27,1139,6,800,NULL),(2514,22,1140,16,75,NULL),(2515,22,1141,37,75,NULL),(2516,16,1141,7,400,NULL),(2517,23,1142,3,800,NULL),(2518,41,1142,4,600,NULL),(2519,8,1142,5,250,NULL),(2520,35,1143,9,150,NULL),(2521,12,1144,7,100,NULL),(2522,13,1144,2,150,NULL),(2523,22,1145,9,75,NULL),(2524,38,1145,1,100,NULL),(2525,11,1146,2,150,NULL),(2526,14,1146,3,150,NULL),(2527,22,1146,2,75,NULL),(2528,38,1146,2,100,NULL),(2529,19,1146,2,100,NULL),(2530,43,1146,6,50,NULL),(2531,16,1146,2,400,NULL),(2532,43,1147,5,50,NULL),(2533,19,1148,4,100,NULL),(2534,16,1148,2,400,NULL),(2535,20,1149,6,50,NULL),(2536,37,1149,7,25,NULL),(2537,36,1149,9,100,NULL),(2538,22,1150,2,75,NULL),(2539,12,1150,7,100,NULL),(2540,13,1150,4,150,NULL),(2541,43,1151,10,50,NULL),(2542,19,1151,8,100,NULL),(2543,45,1151,1,500,NULL),(2544,15,1152,8,200,NULL),(2545,10,1152,6,250,NULL),(2546,13,1153,6,150,NULL),(2547,15,1154,4,200,NULL),(2548,14,1154,5,150,NULL),(2549,11,1154,1,150,NULL),(2550,35,1155,22,150,NULL),(2551,12,1156,31,100,NULL),(2552,22,1156,24,75,NULL),(2553,24,1157,2,1200,NULL),(2554,29,1157,4,500,NULL),(2555,22,1158,3,75,NULL),(2556,12,1158,3,100,NULL),(2557,24,1159,3,1200,NULL),(2558,29,1159,1,500,NULL),(2559,27,1159,1,800,NULL),(2560,43,1160,27,50,NULL),(2561,16,1161,15,400,NULL),(2562,43,1162,8,50,NULL),(2563,20,1163,8,50,NULL),(2564,36,1163,18,100,NULL),(2565,21,1163,13,50,NULL),(2566,37,1163,9,25,NULL),(2567,27,1164,3,800,NULL),(2568,23,1165,5,800,NULL),(2569,11,1166,7,150,NULL),(2570,14,1166,4,150,NULL),(2571,15,1166,5,200,NULL),(2572,8,1166,3,250,NULL),(2573,41,1166,1,600,NULL),(2574,43,1167,11,50,NULL),(2575,27,1167,7,800,NULL),(2576,14,1167,5,150,NULL),(2577,11,1167,4,150,NULL),(2578,43,1168,3,50,NULL),(2579,14,1168,3,150,NULL),(2580,11,1168,8,150,NULL),(2581,35,1169,5,150,NULL),(2582,27,1169,1,800,NULL),(2583,32,1170,4,100,NULL),(2584,35,1171,13,150,NULL),(2585,12,1172,19,100,NULL),(2586,19,1172,1,100,NULL),(2587,12,1173,5,100,NULL),(2588,43,1173,7,50,NULL),(2589,10,1174,4,250,NULL),(2590,45,1174,2,500,NULL),(2591,12,1175,2,100,NULL),(2592,43,1175,2,50,NULL),(2593,35,1175,6,150,NULL),(2594,43,1176,9,50,NULL),(2595,14,1176,7,150,NULL),(2596,43,1177,28,50,NULL),(2597,35,1178,6,150,NULL),(2598,27,1179,15,800,NULL),(2599,16,1180,10,400,NULL),(2600,27,1181,2,800,NULL),(2601,10,1181,4,250,NULL),(2602,14,1181,2,150,NULL),(2603,19,1182,16,100,NULL),(2604,43,1183,11,50,NULL),(2605,23,1183,6,800,NULL),(2606,35,1183,5,150,NULL),(2607,43,1184,17,50,NULL),(2608,8,1184,4,250,NULL),(2609,14,1184,2,150,NULL),(2610,43,1185,9,50,NULL),(2611,19,1185,4,100,NULL),(2612,35,1186,12,150,NULL),(2613,14,1187,4,150,NULL),(2614,8,1187,8,250,NULL),(2615,34,1188,2,600,NULL),(2616,14,1188,8,150,NULL),(2617,35,1188,18,150,NULL),(2618,32,1188,7,100,NULL),(2619,14,1189,25,150,NULL),(2620,23,1189,1,800,NULL),(2621,7,1190,7,400,NULL),(2622,36,1190,17,100,NULL),(2623,21,1190,10,50,NULL),(2624,20,1190,6,50,NULL),(2625,27,1191,7,800,NULL),(2626,27,1192,8,800,NULL),(2627,21,1193,12,50,NULL),(2628,36,1193,21,100,NULL),(2629,38,1194,6,100,NULL),(2630,22,1194,4,75,NULL),(2631,21,1195,20,50,NULL),(2632,20,1195,4,50,NULL),(2633,42,1196,9,600,NULL),(2634,33,1196,1,600,NULL),(2635,14,1196,11,150,NULL),(2636,15,1197,6,200,NULL),(2637,11,1197,6,150,NULL),(2638,35,1198,15,150,NULL),(2639,20,1199,26,50,NULL),(2640,7,1200,5,400,NULL),(2641,24,1201,1,1200,NULL),(2642,15,1202,3,200,NULL),(2643,32,1203,2,100,NULL),(2644,19,1204,3,100,NULL),(2645,12,1205,7,100,NULL),(2646,35,1206,11,150,NULL),(2647,21,1206,2,50,NULL),(2648,35,1207,11,150,NULL),(2649,21,1207,1,50,NULL),(2650,39,1207,2,25,NULL),(2651,20,1207,1,50,NULL),(2652,37,1208,1,25,NULL),(2653,46,1209,15,100,NULL),(2654,46,1211,25,100,NULL),(2655,46,1212,20,100,NULL),(2656,46,1213,11,100,NULL),(2657,44,1215,12,100,NULL),(2658,12,1216,3,100,NULL),(2659,22,1216,6,75,NULL),(2660,46,1217,2,100,NULL),(2661,19,1217,4,100,NULL),(2662,43,1217,12,50,NULL),(2663,12,1218,8,100,NULL),(2664,43,1218,8,50,NULL),(2665,16,1218,1,400,NULL),(2666,22,1219,1,75,NULL),(2667,35,1219,9,150,NULL),(2668,14,1219,8,150,NULL),(2669,35,1220,3,150,NULL),(2670,27,1220,1,800,NULL),(2671,34,1220,1,600,NULL),(2672,22,1221,9,75,NULL),(2673,38,1221,2,100,NULL),(2674,44,1221,1,100,NULL),(2675,32,1221,2,100,NULL),(2676,43,1222,23,50,NULL),(2677,22,1223,5,75,NULL),(2678,19,1223,1,100,NULL),(2679,27,1224,2,800,NULL),(2680,8,1224,2,250,NULL),(2681,14,1224,2,150,NULL),(2682,8,1225,2,250,NULL),(2683,15,1225,2,200,NULL),(2684,34,1226,1,600,NULL),(2685,12,1226,1,100,NULL),(2686,36,1226,1,100,NULL),(2687,19,1228,1,100,NULL),(2688,43,1228,2,50,NULL),(2689,23,1228,6,800,NULL),(2690,46,1229,1,100,NULL),(2691,27,1229,1,800,NULL),(2692,43,1230,2,50,NULL),(2693,32,1231,4,100,NULL),(2694,35,1232,10,150,NULL),(2695,37,1232,9,25,NULL),(2696,29,1233,1,500,NULL),(2697,32,1233,1,100,NULL),(2698,35,1234,1,150,NULL),(2699,12,1235,3,100,NULL),(2700,43,1235,16,50,NULL),(2701,21,1236,17,50,NULL),(2702,36,1237,2,100,NULL),(2703,20,1237,4,50,NULL),(2704,21,1237,1,50,NULL),(2705,43,1238,6,50,NULL),(2706,14,1238,1,150,NULL),(2707,21,1239,7,50,NULL),(2708,20,1239,5,50,NULL),(2709,36,1239,2,100,NULL),(2710,36,1240,6,100,NULL),(2711,43,1241,4,50,NULL),(2712,19,1241,1,100,NULL),(2713,23,1242,1,800,NULL),(2714,27,1242,2,800,NULL),(2715,35,1243,3,150,NULL),(2716,21,1243,4,50,NULL),(2717,12,1244,3,100,NULL),(2718,43,1244,9,50,NULL),(2719,21,1244,8,50,NULL),(2720,20,1244,5,50,NULL),(2721,46,1245,2,100,NULL),(2722,44,1245,5,100,NULL),(2723,32,1245,4,100,NULL),(2724,14,1246,8,150,NULL),(2725,15,1246,1,200,NULL),(2726,12,1247,3,100,NULL),(2727,21,1247,2,50,NULL),(2728,20,1247,2,50,NULL),(2729,32,1248,14,100,NULL),(2730,35,1248,5,150,NULL),(2731,12,1249,1,100,NULL),(2732,35,1249,5,150,NULL),(2733,12,1250,13,100,NULL),(2734,22,1250,7,75,NULL),(2735,8,1251,1,250,NULL),(2736,27,1251,1,800,NULL),(2737,27,1252,1,800,NULL),(2738,35,1252,2,150,NULL),(2739,12,1253,4,100,NULL),(2740,27,1253,3,800,NULL),(2741,12,1254,4,100,NULL),(2742,14,1254,6,150,NULL),(2743,24,1255,1,1200,NULL),(2744,12,1256,7,100,NULL),(2745,35,1256,5,150,NULL),(2746,8,1257,2,250,NULL),(2747,27,1257,1,800,NULL),(2748,29,1257,1,500,NULL),(2749,8,1258,1,250,NULL),(2750,43,1258,2,50,NULL),(2751,19,1258,3,100,NULL),(2752,43,1259,6,50,NULL),(2753,19,1259,4,100,NULL),(2754,14,1260,6,150,NULL),(2755,41,1260,1,600,NULL),(2756,34,1260,1,600,NULL),(2757,12,1261,1,100,NULL),(2758,20,1262,12,50,NULL),(2759,37,1262,1,25,NULL),(2760,12,1263,3,100,NULL),(2761,22,1265,5,75,NULL),(2762,38,1265,2,100,NULL),(2763,22,1266,2,75,NULL),(2764,43,1267,6,50,NULL),(2765,15,1268,10,200,NULL),(2766,19,1268,6,100,NULL),(2767,16,1269,2,400,NULL),(2768,35,1270,3,150,NULL),(2769,46,1271,1,100,NULL),(2770,35,1272,12,150,NULL),(2771,46,1272,13,100,NULL),(2772,8,1273,2,250,NULL),(2773,14,1273,5,150,NULL),(2774,15,1273,1,200,NULL),(2775,19,1274,3,100,NULL),(2776,19,1275,5,100,NULL),(2777,27,1275,2,800,NULL),(2778,29,1275,2,500,NULL),(2779,21,1276,13,50,NULL),(2780,23,1277,1,800,NULL),(2781,14,1278,5,150,NULL),(2782,27,1279,2,800,NULL),(2783,29,1279,2,500,NULL),(2784,7,1279,1,400,NULL),(2785,38,1280,2,100,NULL),(2786,19,1280,1,100,NULL),(2787,45,1280,1,500,NULL),(2788,16,1280,2,400,NULL),(2789,34,1281,1,600,NULL),(2790,15,1281,1,200,NULL),(2791,44,1281,1,100,NULL),(2792,32,1281,2,100,NULL),(2793,8,1282,2,250,NULL),(2794,20,1282,13,50,NULL),(2795,12,1283,1,100,NULL),(2796,16,1283,1,400,NULL),(2797,16,1284,1,400,NULL),(2798,15,1284,1,200,NULL),(2799,37,1284,1,25,NULL),(2800,12,1285,2,100,NULL),(2801,19,1285,1,100,NULL),(2802,22,1286,8,75,NULL),(2803,36,1287,8,100,NULL),(2804,21,1287,10,50,NULL),(2805,43,1288,9,50,NULL),(2806,8,1288,1,250,NULL),(2807,23,1289,1,800,NULL),(2808,14,1289,1,150,NULL),(2809,12,1290,3,100,NULL),(2810,46,1290,1,100,NULL),(2811,27,1290,1,800,NULL),(2812,27,1291,1,800,NULL),(2813,29,1291,1,500,NULL),(2814,15,1291,2,200,NULL),(2815,29,1292,4,500,NULL),(2816,14,1292,2,150,NULL),(2817,20,1293,1,50,NULL),(2818,36,1293,2,100,NULL),(2819,21,1293,4,50,NULL),(2820,16,1294,2,400,NULL),(2821,43,1294,4,50,NULL),(2822,19,1294,3,100,NULL),(2823,15,1294,1,200,NULL),(2824,14,1294,2,150,NULL),(2825,43,1295,2,50,NULL),(2826,23,1295,1,800,NULL),(2827,46,1295,1,100,NULL),(2828,12,1296,2,100,NULL),(2829,35,1296,1,150,NULL),(2830,22,1297,3,75,NULL),(2831,35,1297,2,150,NULL),(2832,36,1297,1,100,NULL),(2833,20,1297,2,50,NULL),(2834,38,1297,1,100,NULL),(2835,22,1298,2,75,NULL),(2836,14,1298,2,150,NULL),(2837,20,1298,3,50,NULL),(2838,21,1298,2,50,NULL),(2839,29,1298,2,500,NULL),(2840,43,1299,25,50,NULL),(2841,32,1300,7,100,NULL),(2842,35,1300,14,150,NULL),(2843,12,1301,2,100,NULL),(2844,35,1301,2,150,NULL),(2845,27,1302,1,800,NULL),(2846,8,1302,1,250,NULL),(2847,38,1303,1,100,NULL),(2848,22,1303,3,75,NULL),(2849,12,1303,1,100,NULL),(2850,43,1303,2,50,NULL),(2851,22,1304,2,75,NULL),(2852,19,1304,2,100,NULL),(2853,43,1304,5,50,NULL),(2854,16,1304,1,400,NULL),(2855,12,1305,4,100,NULL),(2856,46,1305,2,100,NULL),(2857,12,1306,3,100,NULL),(2858,35,1306,4,150,NULL),(2859,32,1306,6,100,NULL),(2860,44,1306,2,100,NULL),(2861,12,1307,5,100,NULL),(2862,23,1307,2,800,NULL),(2863,38,1308,1,100,NULL),(2864,12,1309,2,100,NULL),(2865,43,1309,4,50,NULL),(2866,35,1310,3,150,NULL),(2867,20,1310,2,50,NULL),(2868,21,1310,1,50,NULL),(2869,12,1311,9,100,NULL),(2870,43,1312,9,50,NULL),(2871,46,1313,1,100,NULL),(2872,12,1314,4,100,NULL),(2873,43,1314,3,50,NULL),(2874,46,1314,2,100,NULL),(2875,35,1314,2,150,NULL),(2876,35,1315,10,150,NULL),(2877,8,1316,1,250,NULL),(2878,12,1317,5,100,NULL),(2879,20,1317,1,50,NULL),(2880,21,1317,4,50,NULL),(2881,36,1317,2,100,NULL),(2882,14,1317,1,150,NULL),(2883,15,1318,2,200,NULL),(2884,14,1318,3,150,NULL),(2885,29,1318,1,500,NULL),(2886,29,1319,2,500,NULL),(2887,16,1320,2,400,NULL),(2888,19,1320,3,100,NULL),(2889,11,1320,2,150,NULL),(2890,15,1320,4,200,NULL),(2891,14,1320,13,150,NULL),(2892,27,1320,1,800,NULL),(2893,32,1320,1,100,NULL),(2894,14,1321,9,150,NULL),(2895,15,1321,1,200,NULL),(2896,44,1321,2,100,NULL),(2897,36,1322,3,100,NULL),(2898,20,1322,3,50,NULL),(2899,45,1323,1,500,NULL),(2900,38,1323,1,100,NULL),(2901,8,1323,1,250,NULL),(2902,24,1324,1,1200,NULL),(2903,15,1324,1,200,NULL),(2904,12,1324,1,100,NULL),(2905,12,1325,2,100,NULL),(2906,32,1325,1,100,NULL),(2907,14,1325,1,150,NULL),(2908,12,1326,1,100,NULL),(2909,27,1327,1,800,NULL),(2910,24,1327,1,1200,NULL),(2911,34,1327,1,600,NULL),(2912,24,1329,1,1200,NULL),(2913,41,1329,2,600,NULL),(2914,27,1330,2,800,NULL),(2915,29,1330,2,500,NULL),(2916,11,1330,7,150,NULL),(2917,19,1331,1,100,NULL),(2918,45,1331,1,500,NULL),(2919,16,1331,1,400,NULL),(2920,43,1331,2,50,NULL),(2921,44,1332,6,100,NULL),(2922,15,1333,6,200,NULL),(2923,12,1333,3,100,NULL),(2924,16,1333,2,400,NULL),(2925,19,1333,4,100,NULL),(2926,22,1334,4,75,NULL),(2927,12,1334,3,100,NULL),(2928,12,1335,2,100,NULL),(2929,22,1335,9,75,NULL),(2930,11,1336,17,150,NULL),(2931,27,1336,1,800,NULL),(2932,23,1337,3,800,NULL),(2933,8,1337,2,250,NULL),(2934,7,1337,2,400,NULL),(2935,12,1338,1,100,NULL),(2936,22,1338,6,75,NULL),(2937,39,1338,10,25,NULL),(2938,35,1338,2,150,NULL),(2939,12,1339,2,100,NULL),(2940,16,1340,2,400,NULL),(2941,19,1340,3,100,NULL),(2942,43,1341,15,50,NULL),(2943,23,1342,3,800,NULL),(2944,46,1342,2,100,NULL),(2945,12,1342,1,100,NULL),(2946,12,1343,1,100,NULL),(2947,45,1343,1,500,NULL),(2948,45,1344,2,500,NULL),(2949,14,1344,8,150,NULL),(2950,14,1345,2,150,NULL),(2951,34,1346,2,600,NULL),(2952,35,1347,4,150,NULL),(2953,35,1349,1,150,NULL),(2954,8,1349,9,250,NULL),(2955,44,1350,2,100,NULL),(2956,32,1350,2,100,NULL),(2957,24,1351,4,1200,NULL),(2958,21,1351,3,50,NULL),(2959,36,1352,2,100,NULL),(2960,20,1352,11,50,NULL),(2961,12,1353,2,100,NULL),(2962,24,1354,1,1200,NULL),(2963,34,1355,1,600,NULL),(2964,23,1357,1,800,NULL),(2965,22,1357,1,75,NULL),(2966,44,1357,1,100,NULL),(2967,12,1359,3,100,NULL),(2968,38,1359,2,100,NULL),(2969,22,1359,1,75,NULL),(2970,12,1360,2,100,NULL),(2971,22,1360,8,75,NULL),(2972,19,1360,3,100,NULL),(2973,43,1360,3,50,NULL),(2974,14,1360,1,150,NULL),(2975,11,1360,7,150,NULL),(2976,34,1361,1,600,NULL),(2977,12,1361,5,100,NULL),(2978,38,1361,1,100,NULL),(2979,16,1361,3,400,NULL),(2980,43,1361,7,50,NULL),(2981,27,1362,2,800,NULL),(2982,29,1362,3,500,NULL),(2983,15,1362,1,200,NULL),(2984,8,1362,1,250,NULL),(2985,36,1363,12,100,NULL),(2986,21,1363,4,50,NULL),(2987,20,1363,1,50,NULL),(2988,37,1363,1,25,NULL),(2989,32,1364,6,100,NULL),(2990,44,1364,2,100,NULL),(2991,29,1365,3,500,NULL),(2992,27,1365,1,800,NULL),(2993,12,1366,6,100,NULL),(2994,22,1366,6,75,NULL),(2995,43,1367,11,50,NULL),(2996,14,1367,7,150,NULL),(2997,8,1367,2,250,NULL),(2998,15,1367,2,200,NULL),(2999,43,1368,2,50,NULL),(3000,19,1368,4,100,NULL),(3001,23,1369,1,800,NULL),(3002,35,1369,15,150,NULL),(3003,43,1370,3,50,NULL),(3004,27,1371,1,800,NULL),(3005,27,1372,1,800,NULL),(3006,29,1372,2,500,NULL),(3007,32,1372,11,100,NULL),(3008,21,1372,9,50,NULL),(3009,20,1372,5,50,NULL),(3010,8,1373,2,250,NULL),(3011,15,1373,1,200,NULL),(3012,14,1373,3,150,NULL),(3013,12,1374,4,100,NULL),(3014,43,1374,4,50,NULL),(3015,27,1375,2,800,NULL),(3016,36,1376,2,100,NULL),(3017,20,1376,34,50,NULL),(3018,37,1377,1,25,NULL),(3019,21,1377,2,50,NULL),(3020,12,1378,3,100,NULL),(3021,7,1378,1,400,NULL),(3022,8,1378,2,250,NULL),(3023,14,1378,3,150,NULL),(3024,11,1378,4,150,NULL),(3025,43,1379,3,50,NULL),(3026,12,1380,4,100,NULL),(3027,43,1380,7,50,NULL),(3028,45,1380,1,500,NULL),(3029,11,1380,4,150,NULL),(3030,12,1381,4,100,NULL),(3031,35,1381,10,150,NULL),(3032,21,1381,2,50,NULL),(3033,22,1382,2,75,NULL),(3034,23,1384,2,800,NULL),(3035,35,1385,6,150,NULL),(3036,43,1386,5,50,NULL),(3037,19,1386,2,100,NULL),(3038,23,1387,2,800,NULL),(3039,35,1388,6,150,NULL),(3040,43,1389,13,50,NULL),(3041,12,1390,1,100,NULL),(3042,43,1390,3,50,NULL),(3043,35,1390,1,150,NULL),(3044,21,1392,24,50,NULL),(3045,36,1392,6,100,NULL),(3046,36,1393,11,100,NULL),(3047,35,1393,1,150,NULL),(3048,12,1394,2,100,NULL),(3049,16,1395,2,400,NULL),(3050,7,1395,1,400,NULL),(3051,43,1396,1,50,NULL),(3052,23,1396,1,800,NULL),(3053,35,1397,7,150,NULL),(3054,12,1397,14,100,NULL),(3055,35,1398,2,150,NULL),(3056,23,1399,1,800,NULL),(3057,38,1400,3,100,NULL),(3058,35,1400,1,150,NULL),(3059,15,1401,2,200,NULL),(3060,36,1402,3,100,NULL),(3061,34,1402,1,600,NULL),(3062,10,1403,1,250,NULL),(3063,41,1404,1,600,NULL),(3064,12,1405,2,100,NULL),(3065,38,1405,1,100,NULL),(3066,12,1406,3,100,NULL),(3067,43,1406,1,50,NULL),(3068,23,1406,2,800,NULL),(3069,14,1406,1,150,NULL),(3070,15,1406,1,200,NULL),(3071,24,1407,2,1200,NULL),(3072,12,1407,8,100,NULL),(3073,22,1408,3,75,NULL),(3074,38,1408,3,100,NULL),(3075,12,1409,3,100,NULL),(3076,43,1410,1,50,NULL),(3077,16,1410,2,400,NULL),(3078,38,1412,4,100,NULL),(3079,22,1413,10,75,NULL),(3080,16,1414,4,400,NULL),(3081,45,1414,1,500,NULL),(3082,11,1415,12,150,NULL),(3083,15,1417,2,200,NULL),(3084,8,1417,4,250,NULL),(3085,23,1418,1,800,NULL),(3086,24,1418,1,1200,NULL),(3087,14,1419,2,150,NULL),(3088,22,1420,1,75,NULL),(3089,38,1420,1,100,NULL),(3090,8,1421,5,250,NULL),(3091,15,1422,1,200,NULL),(3092,15,1423,1,200,NULL),(3093,8,1423,1,250,NULL),(3094,29,1424,4,500,NULL),(3095,14,1425,5,150,NULL),(3096,43,1426,4,50,NULL),(3097,14,1427,5,150,NULL),(3098,14,1428,4,150,NULL),(3099,14,1429,3,150,NULL),(3100,14,1430,4,150,NULL),(3101,14,1433,3,150,NULL),(3102,8,1434,1,250,NULL),(3103,24,1434,1,1200,NULL),(3104,36,1436,4,100,NULL),(3105,36,1437,3,100,NULL),(3106,36,1438,2,100,NULL),(3107,10,1439,1,250,NULL),(3108,21,1439,4,50,NULL),(3109,32,1439,3,100,NULL),(3110,22,1439,2,75,NULL),(3111,29,1440,2,500,NULL),(3112,12,1441,7,100,NULL),(3113,43,1441,21,50,NULL),(3114,12,1442,3,100,NULL),(3115,43,1442,2,50,NULL),(3116,16,1442,3,400,NULL),(3117,38,1443,9,100,NULL),(3118,22,1444,6,75,NULL),(3119,22,1445,6,75,NULL),(3120,38,1446,4,100,NULL),(3121,7,1447,1,400,NULL),(3122,33,1447,1,600,NULL),(3123,10,1447,1,250,NULL),(3124,42,1447,1,600,NULL),(3125,14,1447,7,150,NULL),(3126,43,1448,4,50,NULL),(3127,16,1449,1,400,NULL),(3128,45,1449,2,500,NULL),(3129,43,1450,55,50,NULL),(3130,45,1450,3,500,NULL),(3131,16,1450,10,400,NULL),(3132,43,1452,12,50,NULL),(3133,42,1453,1,600,NULL),(3134,36,1454,14,100,NULL),(3135,8,1455,5,250,NULL),(3136,10,1455,3,250,NULL),(3137,8,1456,3,250,NULL),(3138,24,1457,4,1200,NULL),(3139,24,1458,5,1200,NULL),(3140,12,1459,1,100,NULL),(3141,21,1460,9,50,NULL),(3142,21,1461,2,50,NULL),(3143,32,1462,24,100,NULL),(3144,39,1463,4,25,NULL),(3145,20,1464,1,50,NULL),(3146,37,1464,2,25,NULL),(3147,29,1465,2,500,NULL),(3148,14,1466,35,150,NULL),(3149,22,1467,25,75,NULL),(3150,22,1468,42,75,NULL),(3151,39,1469,17,25,NULL),(3152,37,1469,10,25,NULL),(3153,20,1469,18,50,NULL),(3154,44,1470,2,100,NULL),(3155,32,1471,1,100,NULL),(3156,32,1472,30,100,NULL),(3157,32,1473,3,100,NULL),(3158,44,1474,11,100,NULL),(3159,37,1475,23,25,NULL),(3160,33,1476,1,600,NULL),(3161,20,1477,15,50,NULL),(3162,22,1477,40,75,NULL),(3163,45,1477,6,500,NULL),(3164,37,1477,12,25,NULL),(3165,33,1478,2,600,NULL),(3166,45,1478,2,500,NULL),(3167,22,1478,2,75,NULL),(3168,37,1478,6,25,NULL),(3169,22,1479,20,75,NULL),(3170,20,1479,15,50,NULL),(3171,33,1479,1,600,NULL),(3172,41,1479,4,600,NULL),(3173,10,1479,2,250,NULL),(3174,34,1479,3,600,NULL),(3175,22,1480,26,75,NULL),(3176,32,1480,30,100,NULL),(3177,32,1481,30,100,NULL),(3178,44,1481,4,100,NULL),(3179,22,1482,35,75,NULL),(3180,39,1483,3,25,NULL),(3181,37,1483,7,25,NULL),(3182,44,1484,3,100,NULL),(3183,32,1485,17,100,NULL),(3184,41,1486,1,600,NULL),(3185,34,1486,2,600,NULL),(3186,45,1487,3,500,NULL),(3187,22,1488,28,75,NULL),(3188,43,1489,10,50,NULL),(3189,14,1490,8,150,NULL),(3190,22,1491,1,75,NULL),(3191,32,1492,11,100,NULL),(3192,16,1493,1,400,NULL),(3193,35,1494,3,150,NULL),(3194,15,1495,5,200,NULL),(3195,41,1496,1,600,NULL),(3196,8,1496,1,250,NULL),(3197,15,1496,4,200,NULL),(3198,34,1496,1,600,NULL),(3199,14,1496,8,150,NULL),(3200,43,1497,26,50,NULL),(3201,45,1497,1,500,NULL),(3202,22,1498,15,75,NULL),(3203,43,1499,9,50,NULL),(3204,35,1500,9,150,NULL),(3205,44,1501,5,100,NULL),(3206,23,1502,1,800,NULL),(3207,7,1503,1,400,NULL),(3208,8,1503,1,250,NULL),(3209,12,1504,21,100,NULL),(3210,13,1505,5,150,NULL),(3211,24,1506,1,1200,NULL),(3212,37,1507,19,25,NULL),(3213,39,1507,2,25,NULL),(3214,20,1508,13,50,NULL),(3215,15,1509,2,200,NULL),(3216,11,1509,10,150,NULL),(3217,7,1509,1,400,NULL),(3218,13,1510,7,150,NULL),(3219,12,1510,35,100,NULL),(3220,22,1511,37,75,NULL),(3221,19,1512,7,100,NULL),(3222,16,1512,3,400,NULL),(3223,45,1512,2,500,NULL),(3224,23,1513,11,800,NULL),(3225,41,1514,1,600,NULL),(3226,8,1514,4,250,NULL),(3227,11,1514,16,150,NULL),(3228,14,1514,11,150,NULL),(3229,20,1515,12,50,NULL),(3230,37,1515,1,25,NULL),(3231,36,1515,6,100,NULL),(3232,21,1515,17,50,NULL),(3233,35,1516,25,150,NULL),(3234,15,1517,12,200,NULL),(3235,43,1518,51,50,NULL),(3236,24,1519,2,1200,NULL),(3237,29,1520,2,500,NULL),(3238,29,1521,8,500,NULL),(3239,29,1522,1,500,NULL),(3240,23,1523,1,800,NULL),(3241,29,1523,1,500,NULL),(3242,13,1525,1,150,NULL),(3243,36,1527,1,100,NULL),(3244,35,1527,2,150,NULL),(3245,8,1527,1,250,NULL),(3246,7,1527,1,400,NULL),(3247,23,1527,1,800,NULL),(3248,13,1527,1,150,NULL),(3249,12,1527,2,100,NULL),(3250,22,1527,2,75,NULL),(3251,20,1527,9,50,NULL),(3252,44,1527,2,100,NULL),(3253,14,1527,1,150,NULL),(3254,21,1527,1,50,NULL),(3255,35,1528,10,150,NULL),(3256,8,1529,2,250,NULL),(3257,14,1529,10,150,NULL),(3258,43,1530,18,50,NULL),(3259,38,1531,4,100,NULL),(3260,22,1531,1,75,NULL),(3261,15,1532,3,200,NULL),(3262,11,1532,2,150,NULL),(3263,19,1533,2,100,NULL),(3264,23,1534,1,800,NULL),(3265,44,1535,1,100,NULL),(3266,12,1536,2,100,NULL),(3267,36,1537,1,100,NULL),(3268,37,1539,2,25,NULL),(3269,21,1539,1,50,NULL),(3270,32,1540,5,100,NULL),(3271,29,1541,1,500,NULL),(3272,42,1542,1,600,NULL),(3273,8,1542,8,250,NULL),(3274,11,1542,19,150,NULL),(3275,14,1542,11,150,NULL),(3276,34,1542,3,600,NULL),(3277,7,1543,3,400,NULL),(3278,33,1543,1,600,NULL),(3279,15,1544,7,200,NULL),(3280,35,1545,22,150,NULL),(3281,32,1546,46,100,NULL),(3282,20,1547,16,50,NULL),(3283,36,1547,5,100,NULL),(3284,21,1547,10,50,NULL),(3285,37,1547,32,25,NULL),(3286,38,1548,3,100,NULL),(3287,22,1548,18,75,NULL),(3288,23,1549,5,800,NULL),(3289,27,1550,10,800,NULL),(3290,24,1550,4,1200,NULL),(3291,29,1550,6,500,NULL),(3292,45,1551,1,500,NULL),(3293,16,1551,5,400,NULL),(3294,43,1552,76,50,NULL),(3295,19,1552,8,100,NULL),(3296,44,1553,1,100,NULL),(3297,13,1554,6,150,NULL),(3298,12,1554,27,100,NULL),(3299,13,1555,1,150,NULL),(3300,12,1555,6,100,NULL),(3301,22,1556,7,75,NULL),(3302,19,1557,3,100,NULL),(3303,16,1557,3,400,NULL),(3304,23,1558,1,800,NULL),(3305,36,1559,3,100,NULL),(3306,21,1559,3,50,NULL),(3307,39,1559,2,25,NULL),(3308,35,1560,9,150,NULL),(3309,10,1561,1,250,NULL),(3310,11,1561,3,150,NULL),(3311,32,1563,18,100,NULL),(3312,44,1564,1,100,NULL),(3313,42,1565,1,600,NULL),(3314,29,1566,2,500,NULL),(3315,24,1566,3,1200,NULL),(3316,27,1566,7,800,NULL),(3317,38,1567,3,100,NULL),(3318,22,1568,9,75,NULL),(3319,16,1569,3,400,NULL),(3320,45,1569,1,500,NULL),(3321,43,1569,53,50,NULL),(3322,14,1570,13,150,NULL),(3323,34,1570,1,600,NULL),(3324,33,1571,2,600,NULL),(3325,11,1571,1,150,NULL),(3326,11,1572,11,150,NULL),(3327,34,1573,1,600,NULL),(3328,12,1574,12,100,NULL),(3329,19,1575,3,100,NULL),(3330,21,1576,14,50,NULL),(3331,36,1576,12,100,NULL),(3332,20,1576,16,50,NULL),(3333,37,1576,10,25,NULL),(3334,32,1577,43,100,NULL),(3335,44,1578,1,100,NULL),(3336,35,1579,32,150,NULL),(3337,47,1580,50,100,NULL),(3338,47,1581,30,100,NULL),(3339,47,1582,27,100,NULL),(3340,46,1583,1,100,NULL),(3341,23,1584,3,800,NULL),(3342,43,1585,20,50,NULL),(3343,32,1586,13,100,NULL),(3344,13,1586,2,150,NULL),(3345,12,1586,10,100,NULL),(3346,38,1586,2,100,NULL),(3347,22,1586,7,75,NULL),(3348,23,1586,6,800,NULL),(3349,7,1586,1,400,NULL),(3350,8,1586,7,250,NULL),(3351,43,1586,49,50,NULL),(3352,19,1586,1,100,NULL),(3353,36,1586,13,100,NULL),(3354,24,1586,2,1200,NULL),(3355,27,1586,6,800,NULL),(3356,29,1586,5,500,NULL),(3357,35,1586,30,150,NULL),(3358,21,1586,3,50,NULL),(3359,39,1586,22,25,NULL),(3360,20,1586,14,50,NULL),(3361,37,1586,2,25,NULL),(3362,15,1586,4,200,NULL),(3363,11,1586,12,150,NULL),(3364,14,1586,18,150,NULL),(3365,42,1587,1,600,NULL),(3366,24,1587,1,1200,NULL),(3367,35,1587,2,150,NULL),(3368,12,1587,1,100,NULL),(3369,19,1589,10,100,NULL),(3370,47,1590,14,100,NULL),(3371,47,1591,56,100,NULL),(3372,22,1592,3,75,NULL),(3373,36,1592,1,100,NULL),(3374,24,1593,1,1200,NULL),(3375,35,1593,1,150,NULL),(3376,32,1594,1,100,NULL),(3377,35,1595,1,150,NULL),(3378,46,1595,1,100,NULL),(3379,15,1595,1,200,NULL),(3380,20,1595,1,50,NULL),(3381,39,1595,5,25,NULL),(3382,32,1596,1,100,NULL),(3383,7,1597,2,400,NULL),(3384,15,1597,2,200,NULL),(3385,11,1597,6,150,NULL),(3386,14,1597,14,150,NULL),(3387,8,1598,4,250,NULL),(3388,43,1599,50,50,NULL),(3389,19,1599,9,100,NULL),(3390,16,1599,1,400,NULL),(3391,38,1600,2,100,NULL),(3392,22,1601,16,75,NULL),(3393,34,1602,2,600,NULL),(3394,33,1602,1,600,NULL),(3395,46,1603,3,100,NULL),(3396,20,1605,12,50,NULL),(3397,36,1606,14,100,NULL),(3398,21,1606,8,50,NULL),(3399,39,1606,2,25,NULL),(3400,36,1607,1,100,NULL),(3401,39,1608,10,25,NULL),(3402,29,1609,1,500,NULL),(3403,27,1609,2,800,NULL),(3404,32,1610,33,100,NULL),(3405,12,1611,13,100,NULL),(3406,35,1612,23,150,NULL),(3407,15,1613,1,200,NULL),(3408,23,1614,1,800,NULL),(3409,32,1615,2,100,NULL),(3410,13,1616,2,150,NULL),(3411,12,1616,2,100,NULL),(3412,12,1617,1,100,NULL),(3413,38,1617,2,100,NULL),(3414,22,1618,5,75,NULL),(3415,12,1618,7,100,NULL),(3416,43,1619,11,50,NULL),(3417,22,1620,7,75,NULL),(3418,19,1621,2,100,NULL),(3419,12,1621,4,100,NULL),(3420,43,1621,6,50,NULL),(3421,43,1622,5,50,NULL),(3422,19,1622,1,100,NULL),(3423,8,1623,2,250,NULL),(3424,20,1623,2,50,NULL),(3425,35,1623,2,150,NULL),(3426,12,1624,2,100,NULL),(3427,43,1624,1,50,NULL),(3428,11,1625,1,150,NULL),(3429,14,1625,11,150,NULL),(3430,29,1625,5,500,NULL),(3431,29,1626,2,500,NULL),(3432,14,1626,8,150,NULL),(3433,14,1627,3,150,NULL),(3434,15,1627,7,200,NULL),(3435,27,1628,2,800,NULL),(3436,45,1628,1,500,NULL),(3437,27,1629,1,800,NULL),(3438,10,1629,1,250,NULL),(3439,43,1630,19,50,NULL),(3440,16,1630,2,400,NULL),(3441,8,1630,1,250,NULL),(3442,15,1632,5,200,NULL),(3443,45,1632,2,500,NULL),(3444,46,1633,7,100,NULL),(3445,43,1633,4,50,NULL),(3446,27,1634,1,800,NULL),(3447,24,1634,1,1200,NULL),(3448,23,1634,1,800,NULL),(3449,14,1634,1,150,NULL),(3450,36,1635,5,100,NULL),(3451,16,1636,2,400,NULL),(3452,43,1636,1,50,NULL),(3453,11,1636,1,150,NULL),(3454,7,1637,2,400,NULL),(3455,19,1637,1,100,NULL),(3456,43,1638,19,50,NULL),(3457,22,1639,8,75,NULL),(3458,22,1640,8,75,NULL),(3459,22,1641,4,75,NULL),(3460,16,1642,1,400,NULL),(3461,19,1642,3,100,NULL),(3462,19,1643,5,100,NULL),(3463,38,1643,2,100,NULL),(3464,27,1644,2,800,NULL),(3465,20,1645,2,50,NULL),(3466,21,1645,7,50,NULL),(3467,35,1646,1,150,NULL),(3468,39,1646,4,25,NULL),(3469,10,1647,1,250,NULL),(3470,11,1648,5,150,NULL),(3471,14,1648,2,150,NULL),(3472,8,1648,1,250,NULL),(3473,12,1649,2,100,NULL),(3474,43,1650,12,50,NULL),(3475,43,1652,6,50,NULL),(3476,16,1652,2,400,NULL),(3477,19,1653,1,100,NULL),(3478,38,1654,1,100,NULL),(3479,22,1654,7,75,NULL),(3480,32,1655,12,100,NULL),(3481,15,1656,2,200,NULL),(3482,47,1657,4,100,NULL),(3483,35,1658,3,150,NULL),(3484,14,1659,1,150,NULL),(3485,11,1659,8,150,NULL),(3486,15,1659,1,200,NULL),(3487,42,1659,1,600,NULL),(3488,12,1660,16,100,NULL),(3489,43,1661,49,50,NULL),(3490,38,1662,3,100,NULL),(3491,22,1662,2,75,NULL),(3492,19,1663,6,100,NULL),(3493,32,1664,2,100,NULL),(3494,23,1665,3,800,NULL),(3495,29,1666,3,500,NULL),(3496,47,1667,13,100,NULL),(3497,47,1668,15,100,NULL),(3498,35,1669,19,150,NULL),(3499,20,1670,3,50,NULL),(3500,21,1671,6,50,NULL),(3501,39,1671,13,25,NULL),(3502,36,1671,10,100,NULL),(3503,39,1672,1,25,NULL),(3504,24,1673,1,1200,NULL),(3505,27,1674,4,800,NULL),(3506,7,1675,1,400,NULL),(3507,32,1676,23,100,NULL),(3508,29,1677,1,500,NULL),(3509,14,1678,4,150,NULL),(3510,12,1679,2,100,NULL),(3511,43,1680,13,50,NULL),(3512,12,1681,2,100,NULL),(3513,13,1682,1,150,NULL),(3514,43,1683,19,50,NULL),(3515,43,1684,4,50,NULL),(3516,8,1685,2,250,NULL),(3517,11,1685,4,150,NULL),(3518,14,1685,4,150,NULL),(3519,23,1686,1,800,NULL),(3520,15,1687,7,200,NULL),(3521,32,1688,10,100,NULL),(3522,46,1689,1,100,NULL),(3523,47,1690,9,100,NULL),(3524,35,1691,7,150,NULL),(3525,43,1692,2,50,NULL),(3526,21,1693,1,50,NULL),(3527,20,1694,2,50,NULL),(3528,41,1695,1,600,NULL),(3529,15,1696,1,200,NULL),(3530,13,1697,1,150,NULL),(3531,43,1697,2,50,NULL),(3532,43,1698,4,50,NULL),(3533,32,1698,1,100,NULL),(3534,8,1698,1,250,NULL),(3535,33,1699,1,600,NULL),(3536,46,1699,1,100,NULL),(3537,47,1700,14,100,NULL),(3538,47,1701,2,100,NULL),(3539,47,1702,3,100,NULL),(3540,12,1703,2,100,NULL),(3541,43,1704,4,50,NULL),(3542,12,1705,1,100,NULL),(3543,36,1706,2,100,NULL),(3544,35,1707,8,150,NULL),(3545,11,1708,4,150,NULL),(3546,12,1709,4,100,NULL),(3547,35,1709,7,150,NULL),(3548,36,1709,9,100,NULL),(3549,20,1709,6,50,NULL),(3550,23,1710,2,800,NULL),(3551,35,1711,8,150,NULL),(3552,32,1711,11,100,NULL),(3553,8,1712,2,250,NULL),(3554,11,1712,9,150,NULL),(3555,14,1712,4,150,NULL),(3556,36,1713,30,100,NULL),(3557,21,1713,3,50,NULL),(3558,20,1713,5,50,NULL),(3559,32,1714,25,100,NULL),(3560,43,1715,64,50,NULL),(3561,23,1716,3,800,NULL),(3562,8,1717,2,250,NULL),(3563,15,1717,7,200,NULL),(3564,14,1717,9,150,NULL),(3565,35,1718,10,150,NULL),(3566,22,1719,18,75,NULL),(3567,38,1719,2,100,NULL),(3568,19,1720,4,100,NULL),(3569,47,1721,33,100,NULL),(3570,44,1722,1,100,NULL),(3571,43,1723,1,50,NULL),(3572,46,1724,1,100,NULL),(3573,43,1724,8,50,NULL),(3574,12,1725,5,100,NULL),(3575,13,1725,1,150,NULL),(3576,16,1726,1,400,NULL),(3577,16,1727,1,400,NULL),(3578,19,1727,5,100,NULL),(3579,43,1727,21,50,NULL),(3580,32,1728,18,100,NULL),(3581,27,1729,4,800,NULL),(3582,27,1731,1,800,NULL),(3583,12,1732,1,100,NULL),(3584,10,1733,1,250,NULL),(3585,35,1734,1,150,NULL),(3586,22,1735,4,75,NULL),(3587,14,1736,2,150,NULL),(3588,11,1736,6,150,NULL),(3589,8,1736,2,250,NULL),(3590,14,1737,2,150,NULL),(3591,12,1738,2,100,NULL),(3592,20,1739,2,50,NULL),(3593,21,1739,5,50,NULL),(3594,36,1739,2,100,NULL),(3595,35,1740,20,150,NULL),(3596,22,1741,17,75,NULL),(3597,38,1742,2,100,NULL),(3598,12,1743,9,100,NULL),(3599,40,1744,1,50,NULL),(3600,40,1745,15,50,NULL),(3601,23,1746,1,800,NULL),(3602,32,1747,1,100,NULL),(3603,32,1748,6,100,NULL),(3604,12,1748,4,100,NULL),(3605,40,1749,4,50,NULL),(3606,36,1750,1,100,NULL),(3607,20,1750,1,50,NULL),(3608,32,1750,3,100,NULL),(3609,35,1751,1,150,NULL),(3610,21,1751,1,50,NULL),(3611,11,1751,1,150,NULL),(3612,8,1752,1,250,NULL),(3613,19,1752,1,100,NULL),(3614,27,1753,1,800,NULL),(3615,40,1754,50,50,NULL),(3616,19,1754,1,100,NULL),(3617,16,1754,1,400,NULL),(3618,32,1755,14,100,NULL),(3619,14,1756,5,150,NULL),(3620,11,1756,4,150,NULL),(3621,15,1756,3,200,NULL),(3622,8,1756,1,250,NULL),(3623,10,1756,2,250,NULL),(3624,22,1757,8,75,NULL),(3625,36,1758,16,100,NULL),(3626,21,1758,4,50,NULL),(3627,20,1758,2,50,NULL),(3628,12,1759,7,100,NULL),(3629,23,1760,1,800,NULL),(3630,35,1761,3,150,NULL),(3631,8,1762,4,250,NULL),(3632,27,1762,4,800,NULL),(3633,23,1763,1,800,NULL),(3634,27,1764,2,800,NULL),(3635,15,1764,1,200,NULL),(3636,12,1764,2,100,NULL),(3637,40,1765,26,50,NULL),(3638,12,1765,6,100,NULL),(3639,19,1765,1,100,NULL),(3640,14,1765,4,150,NULL),(3641,40,1766,13,50,NULL),(3642,23,1766,2,800,NULL),(3643,32,1767,5,100,NULL),(3644,36,1767,5,100,NULL),(3645,20,1767,6,50,NULL),(3646,32,1768,24,100,NULL),(3647,14,1768,5,150,NULL),(3648,22,1769,4,75,NULL),(3649,27,1769,4,800,NULL),(3650,11,1770,1,150,NULL),(3651,8,1770,2,250,NULL),(3652,15,1771,3,200,NULL),(3653,39,1772,8,25,NULL),(3654,8,1772,1,250,NULL),(3655,21,1772,5,50,NULL),(3656,16,1773,1,400,NULL),(3657,10,1773,1,250,NULL),(3658,23,1774,2,800,NULL),(3659,10,1775,1,250,NULL),(3660,35,1775,27,150,NULL),(3661,10,1776,1,250,NULL),(3662,14,1776,2,150,NULL),(3663,7,1777,2,400,NULL),(3664,11,1777,1,150,NULL),(3665,19,1778,1,100,NULL),(3666,16,1778,2,400,NULL),(3667,40,1779,6,50,NULL),(3668,35,1780,1,150,NULL),(3669,12,1781,1,100,NULL),(3670,38,1783,1,100,NULL),(3671,40,1784,29,50,NULL),(3672,19,1784,11,100,NULL),(3673,16,1784,4,400,NULL),(3674,11,1785,9,150,NULL),(3675,14,1785,15,150,NULL),(3676,8,1785,5,250,NULL),(3677,7,1786,10,400,NULL),(3678,15,1786,7,200,NULL),(3679,36,1787,18,100,NULL),(3680,21,1787,7,50,NULL),(3681,20,1787,30,50,NULL),(3682,39,1787,2,25,NULL),(3683,23,1788,5,800,NULL),(3684,27,1789,5,800,NULL),(3685,13,1790,4,150,NULL),(3686,12,1790,19,100,NULL),(3687,32,1790,12,100,NULL),(3688,22,1791,10,75,NULL),(3689,35,1792,28,150,NULL),(3690,46,1793,13,100,NULL),(3691,23,1794,7,800,NULL),(3692,23,1795,1,800,NULL),(3693,12,1796,12,100,NULL),(3694,8,1797,4,250,NULL),(3695,15,1797,4,200,NULL),(3696,11,1797,1,150,NULL),(3697,14,1797,13,150,NULL),(3698,10,1797,1,250,NULL),(3699,41,1797,1,600,NULL),(3700,20,1798,9,50,NULL),(3701,21,1798,4,50,NULL),(3702,36,1798,13,100,NULL),(3703,43,1799,48,50,NULL),(3704,16,1799,3,400,NULL),(3705,19,1799,4,100,NULL),(3706,38,1800,1,100,NULL),(3707,22,1800,32,75,NULL),(3708,32,1801,29,100,NULL),(3709,35,1801,29,150,NULL),(3710,22,1801,20,75,NULL),(3711,7,1802,2,400,NULL),(3712,14,1802,1,150,NULL),(3713,12,1802,1,100,NULL),(3714,35,1802,1,150,NULL),(3715,16,1802,2,400,NULL),(3716,19,1803,7,100,NULL),(3717,39,1803,6,25,NULL),(3718,12,1803,10,100,NULL),(3719,20,1803,8,50,NULL),(3720,14,1803,5,150,NULL),(3721,7,1803,1,400,NULL),(3722,38,1803,2,100,NULL),(3723,46,1804,1,100,NULL),(3724,10,1804,1,250,NULL),(3725,8,1804,1,250,NULL),(3726,27,1804,1,800,NULL),(3727,12,1805,2,100,NULL),(3728,27,1805,5,800,NULL),(3729,8,1805,4,250,NULL),(3730,22,1805,2,75,NULL),(3731,16,1805,1,400,NULL),(3732,42,1805,1,600,NULL),(3733,10,1805,1,250,NULL),(3734,35,1805,10,150,NULL),(3735,19,1806,11,100,NULL),(3736,16,1806,5,400,NULL),(3737,35,1806,34,150,NULL),(3738,22,1807,27,75,NULL),(3739,8,1807,17,250,NULL),(3740,7,1807,2,400,NULL),(3741,34,1807,1,600,NULL),(3742,41,1807,3,600,NULL),(3743,10,1807,5,250,NULL),(3744,42,1807,2,600,NULL),(3745,14,1808,3,150,NULL),(3746,32,1808,20,100,NULL),(3747,12,1808,25,100,NULL),(3748,20,1808,18,50,NULL),(3749,27,1809,11,800,NULL),(3750,43,1809,10,50,NULL),(3751,46,1810,12,100,NULL),(3752,19,1811,4,100,NULL),(3753,32,1811,1,100,NULL),(3754,8,1811,1,250,NULL),(3755,7,1811,1,400,NULL),(3756,20,1811,9,50,NULL),(3757,37,1811,1,25,NULL),(3758,46,1811,5,100,NULL),(3759,22,1811,1,75,NULL),(3760,39,1812,10,25,NULL),(3761,21,1812,11,50,NULL),(3762,8,1812,1,250,NULL),(3763,46,1812,1,100,NULL),(3764,12,1814,20,100,NULL),(3765,21,1814,16,50,NULL),(3766,20,1814,19,50,NULL),(3767,22,1814,11,75,NULL),(3768,35,1815,4,150,NULL),(3769,27,1815,1,800,NULL),(3770,8,1815,1,250,NULL),(3771,10,1815,1,250,NULL),(3772,34,1815,1,600,NULL),(3773,35,1816,27,150,NULL),(3774,23,1816,4,800,NULL),(3775,14,1816,4,150,NULL),(3776,27,1817,9,800,NULL),(3777,19,1817,2,100,NULL),(3778,46,1817,6,100,NULL),(3779,32,1817,14,100,NULL),(3780,42,1818,1,600,NULL),(3781,7,1818,2,400,NULL),(3782,8,1819,5,250,NULL),(3783,34,1820,3,600,NULL),(3784,16,1820,2,400,NULL),(3785,8,1820,3,250,NULL),(3786,27,1820,7,800,NULL),(3787,29,1820,1,500,NULL),(3788,35,1820,5,150,NULL),(3789,13,1821,16,150,NULL),(3790,12,1821,40,100,NULL),(3791,21,1822,16,50,NULL),(3792,39,1822,20,25,NULL),(3793,22,1823,14,75,NULL),(3794,8,1823,14,250,NULL),(3795,35,1824,37,150,NULL),(3796,27,1824,16,800,NULL),(3797,19,1825,11,100,NULL),(3798,46,1825,13,100,NULL),(3799,7,1825,2,400,NULL),(3800,34,1826,3,600,NULL),(3801,16,1826,4,400,NULL),(3802,23,1827,1,800,NULL),(3803,35,1827,1,150,NULL),(3804,7,1827,1,400,NULL),(3805,33,1827,1,600,NULL),(3806,22,1827,2,75,NULL),(3807,42,1828,2,600,NULL),(3808,22,1829,8,75,NULL),(3809,19,1829,1,100,NULL),(3810,33,1829,1,600,NULL),(3811,35,1829,7,150,NULL),(3812,21,1829,4,50,NULL),(3813,39,1829,4,25,NULL),(3814,46,1829,13,100,NULL),(3815,19,1830,1,100,NULL),(3816,39,1832,1,25,NULL),(3817,12,1833,20,100,NULL),(3818,22,1834,11,75,NULL),(3819,38,1834,5,100,NULL),(3820,21,1835,14,50,NULL),(3821,42,1836,1,600,NULL),(3822,14,1836,2,150,NULL),(3823,21,1836,4,50,NULL),(3824,19,1836,1,100,NULL),(3825,16,1836,2,400,NULL),(3826,35,1836,2,150,NULL),(3827,19,1837,4,100,NULL),(3828,35,1837,12,150,NULL),(3829,39,1837,10,25,NULL),(3830,46,1838,4,100,NULL),(3831,27,1838,2,800,NULL),(3832,27,1839,2,800,NULL),(3833,41,1839,1,600,NULL),(3834,34,1839,1,600,NULL),(3835,35,1839,6,150,NULL),(3836,35,1840,15,150,NULL),(3837,39,1841,1,25,NULL),(3838,27,1842,1,800,NULL),(3839,35,1842,1,150,NULL),(3840,10,1843,2,250,NULL),(3841,19,1844,5,100,NULL),(3842,19,1845,4,100,NULL),(3843,8,1846,8,250,NULL),(3844,27,1847,3,800,NULL),(3845,16,1847,1,400,NULL),(3846,41,1847,1,600,NULL),(3847,35,1847,8,150,NULL),(3848,46,1847,1,100,NULL),(3849,21,1847,2,50,NULL),(3850,27,1848,5,800,NULL),(3851,41,1848,1,600,NULL),(3852,46,1848,14,100,NULL),(3853,21,1849,8,50,NULL),(3854,19,1849,3,100,NULL),(3855,35,1849,1,150,NULL),(3856,22,1849,4,75,NULL),(3857,33,1849,4,600,NULL),(3858,39,1849,2,25,NULL),(3859,27,1850,1,800,NULL),(3860,35,1851,8,150,NULL),(3861,22,1851,2,75,NULL),(3862,21,1851,6,50,NULL),(3863,39,1851,4,25,NULL),(3864,46,1851,4,100,NULL),(3865,27,1851,1,800,NULL),(3866,41,1852,3,600,NULL),(3867,22,1853,21,75,NULL),(3868,33,1854,1,600,NULL),(3869,27,1854,7,800,NULL),(3870,21,1854,19,50,NULL),(3871,23,1855,1,800,NULL),(3872,23,1856,4,800,NULL),(3873,39,1856,12,25,NULL),(3874,33,1856,1,600,NULL),(3875,46,1858,19,100,NULL),(3876,16,1859,2,400,NULL),(3877,33,1860,1,600,NULL),(3878,22,1861,1,75,NULL),(3879,22,1862,19,75,NULL),(3880,16,1862,2,400,NULL),(3881,22,1863,9,75,NULL),(3882,16,1863,2,400,NULL),(3883,46,1863,3,100,NULL),(3884,35,1863,15,150,NULL),(3885,21,1865,7,50,NULL),(3886,22,1866,9,75,NULL),(3887,21,1866,13,50,NULL),(3888,39,1866,2,25,NULL),(3889,27,1866,2,800,NULL),(3890,35,1866,6,150,NULL),(3891,26,1867,1,950,NULL),(3892,23,1867,2,800,NULL),(3893,35,1868,23,150,NULL),(3894,35,1869,20,150,NULL),(3895,16,1869,2,400,NULL),(3896,21,1869,3,50,NULL),(3897,14,1869,7,150,NULL),(3898,18,1869,1,100,NULL),(3899,12,1869,21,100,NULL),(3900,15,1869,10,200,NULL),(3901,22,1869,3,75,NULL),(3902,39,1869,2,25,NULL),(3903,8,1869,1,250,NULL),(3904,40,1869,20,60,NULL),(3905,16,1871,2,400,NULL),(3906,35,1871,1,150,NULL),(3907,14,1871,2,150,NULL),(3908,23,1871,1,800,NULL),(3909,35,1872,4,150,NULL),(3910,35,1873,2,150,NULL),(3911,23,1873,1,800,NULL),(3912,23,1874,2,800,NULL),(3913,14,1875,14,150,NULL),(3914,15,1875,2,200,NULL),(3915,8,1875,3,250,NULL),(3916,48,1875,7,150,NULL),(3917,40,1876,9,60,NULL),(3918,16,1876,1,400,NULL),(3919,35,1877,36,150,NULL),(3920,18,1877,14,100,NULL),(3921,21,1877,13,50,NULL),(3922,12,1880,35,100,NULL),(3923,22,1880,12,75,NULL),(3924,39,1880,8,25,NULL),(3925,36,1881,15,100,NULL),(3926,10,1882,2,250,NULL),(3927,34,1882,3,600,NULL),(3928,7,1882,3,400,NULL),(3929,33,1882,1,600,NULL),(3930,29,1883,1,500,NULL),(3931,27,1884,2,800,NULL),(3932,18,1884,4,100,NULL),(3933,16,1884,1,400,NULL),(3934,35,1884,3,150,NULL),(3935,14,1884,2,150,NULL),(3936,15,1884,2,200,NULL),(3937,22,1884,2,75,NULL),(3938,12,1884,1,100,NULL),(3939,27,1885,3,800,NULL),(3940,15,1885,1,200,NULL),(3941,48,1885,13,150,NULL),(3942,14,1885,21,150,NULL),(3943,19,1886,5,100,NULL),(3944,18,1886,15,100,NULL),(3945,16,1886,4,400,NULL),(3946,40,1886,23,60,NULL),(3947,35,1887,27,150,NULL),(3948,12,1887,20,100,NULL),(3949,22,1887,1,75,NULL),(3950,12,1888,3,100,NULL),(3951,22,1889,16,75,NULL),(3952,12,1889,19,100,NULL),(3953,39,1890,6,25,NULL),(3954,23,1890,1,800,NULL),(3955,8,1890,1,250,NULL),(3956,48,1890,1,150,NULL),(3957,35,1890,2,150,NULL),(3958,18,1891,9,100,NULL),(3959,40,1891,3,60,NULL),(3960,14,1891,1,150,NULL),(3961,15,1891,1,200,NULL),(3962,27,1891,2,800,NULL),(3963,22,1891,6,75,NULL),(3964,24,1892,4,1200,NULL),(3965,15,1892,5,200,NULL),(3966,8,1892,1,250,NULL),(3967,14,1892,3,150,NULL),(3968,12,1892,2,100,NULL),(3969,23,1892,2,800,NULL),(3970,16,1893,1,400,NULL),(3971,18,1894,3,100,NULL),(3972,40,1894,30,60,NULL),(3973,19,1894,6,100,NULL),(3974,16,1894,1,400,NULL),(3975,12,1895,20,100,NULL),(3976,22,1895,5,75,NULL),(3977,16,1895,1,400,NULL),(3978,15,1895,6,200,NULL),(3979,20,1895,4,50,NULL),(3980,22,1896,1,75,NULL),(3981,27,1896,1,800,NULL),(3982,23,1896,3,800,NULL),(3983,39,1896,6,25,NULL),(3984,40,1896,1,60,NULL),(3985,12,1897,3,100,NULL),(3986,8,1897,3,250,NULL),(3987,15,1898,1,200,NULL),(3988,27,1899,1,800,NULL),(3989,35,1899,4,150,NULL),(3990,20,1900,5,50,NULL),(3991,15,1900,4,200,NULL),(3992,14,1900,4,150,NULL),(3993,8,1900,2,250,NULL),(3994,48,1900,6,150,NULL),(3995,12,1901,1,100,NULL),(3996,35,1901,17,150,NULL),(3997,19,1901,3,100,NULL),(3998,16,1901,2,400,NULL),(3999,40,1901,10,60,NULL),(4000,22,1902,11,75,NULL),(4001,27,1904,3,800,NULL),(4002,14,1905,1,150,NULL),(4003,27,1905,1,800,NULL),(4004,29,1905,1,500,NULL),(4005,15,1905,1,200,NULL),(4006,14,1906,5,150,NULL),(4007,15,1906,3,200,NULL),(4008,12,1907,3,100,NULL),(4009,19,1907,2,100,NULL),(4010,16,1907,1,400,NULL),(4011,20,1908,1,50,NULL),(4012,20,1909,18,50,NULL),(4013,35,1909,20,150,NULL),(4014,35,1910,6,150,NULL),(4015,23,1911,5,800,NULL),(4016,27,1911,3,800,NULL),(4017,29,1911,2,500,NULL),(4018,20,1912,5,50,NULL),(4019,8,1912,2,250,NULL),(4020,14,1912,2,150,NULL),(4021,15,1912,1,200,NULL),(4022,12,1912,1,100,NULL),(4023,22,1912,4,75,NULL),(4024,40,1912,1,60,NULL),(4025,19,1912,1,100,NULL),(4026,29,1913,2,500,NULL),(4027,48,1913,2,150,NULL),(4028,27,1914,2,800,NULL),(4029,12,1915,12,100,NULL),(4030,40,1915,11,60,NULL),(4031,35,1915,8,150,NULL),(4032,15,1915,2,200,NULL),(4033,20,1915,1,50,NULL),(4034,23,1916,1,800,NULL),(4035,15,1916,1,200,NULL),(4036,8,1916,3,250,NULL),(4037,27,1916,3,800,NULL),(4038,11,1916,1,150,NULL),(4039,12,1916,1,100,NULL),(4040,12,1917,48,100,NULL),(4041,22,1918,33,75,NULL),(4042,40,1918,35,60,NULL),(4043,19,1919,4,100,NULL),(4044,16,1919,6,400,NULL),(4045,8,1919,4,250,NULL),(4046,19,1920,2,100,NULL),(4047,27,1920,4,800,NULL),(4048,35,1920,11,150,NULL),(4049,20,1921,12,50,NULL),(4050,15,1921,8,200,NULL),(4051,14,1921,15,150,NULL),(4052,48,1921,9,150,NULL),(4053,11,1921,2,150,NULL),(4054,40,1921,2,60,NULL),(4055,12,1921,1,100,NULL),(4056,8,1922,3,250,NULL),(4057,16,1922,1,400,NULL),(4058,48,1923,1,150,NULL),(4059,11,1923,1,150,NULL),(4060,12,1924,2,100,NULL),(4061,35,1924,1,150,NULL),(4062,40,1925,3,60,NULL),(4063,16,1925,1,400,NULL),(4064,48,1925,2,150,NULL),(4065,8,1925,1,250,NULL),(4066,12,1926,30,100,NULL),(4067,22,1927,4,75,NULL),(4068,40,1927,9,60,NULL),(4069,19,1927,1,100,NULL),(4070,27,1928,2,800,NULL),(4071,8,1928,1,250,NULL),(4072,16,1928,2,400,NULL),(4073,11,1928,2,150,NULL),(4074,39,1928,4,25,NULL),(4075,14,1928,1,150,NULL),(4076,29,1929,1,500,NULL),(4077,27,1930,7,800,NULL),(4078,29,1930,1,500,NULL),(4079,16,1930,2,400,NULL),(4080,40,1930,9,60,NULL),(4081,23,1930,1,800,NULL),(4082,8,1930,3,250,NULL),(4083,11,1931,11,150,NULL),(4084,14,1931,2,150,NULL),(4085,12,1932,9,100,NULL),(4086,48,1933,4,150,NULL),(4087,11,1933,1,150,NULL),(4088,11,1934,9,150,NULL),(4089,12,1935,26,100,NULL),(4090,22,1935,22,75,NULL),(4091,40,1936,23,60,NULL),(4092,16,1936,4,400,NULL),(4093,8,1936,5,250,NULL),(4094,27,1936,1,800,NULL),(4095,14,1937,19,150,NULL),(4096,29,1938,2,500,NULL),(4097,12,1939,3,100,NULL),(4098,22,1939,1,75,NULL),(4099,48,1939,1,150,NULL),(4100,14,1939,1,150,NULL),(4101,27,1940,2,800,NULL),(4102,33,1940,1,600,NULL),(4103,14,1940,2,150,NULL),(4104,48,1940,1,150,NULL),(4105,16,1940,1,400,NULL),(4106,12,1941,24,100,NULL),(4107,22,1941,10,75,NULL),(4108,14,1942,1,150,NULL),(4109,29,1942,2,500,NULL),(4110,14,1943,12,150,NULL),(4111,22,1943,10,75,NULL),(4112,16,1944,1,400,NULL),(4113,14,1945,1,150,NULL),(4114,27,1946,2,800,NULL),(4115,29,1947,1,500,NULL),(4116,27,1947,5,800,NULL),(4117,23,1948,9,800,NULL),(4118,27,1949,1,800,NULL),(4119,12,1950,3,100,NULL),(4120,18,1950,6,100,NULL),(4121,40,1950,9,60,NULL),(4122,14,1951,5,150,NULL),(4123,14,1952,1,150,NULL),(4124,18,1952,1,100,NULL),(4125,22,1953,36,75,NULL),(4126,22,1954,5,75,NULL),(4127,18,1954,2,100,NULL),(4128,16,1954,3,400,NULL),(4129,19,1954,1,100,NULL),(4130,22,1955,2,75,NULL),(4131,18,1956,1,100,NULL),(4132,40,1956,2,60,NULL),(4133,40,1957,17,60,NULL),(4134,18,1957,8,100,NULL),(4135,19,1957,2,100,NULL),(4136,14,1958,5,150,NULL),(4137,15,1958,2,200,NULL),(4138,48,1958,7,150,NULL),(4139,12,1958,6,100,NULL),(4140,8,1959,1,250,NULL),(4141,22,1960,27,75,NULL),(4142,40,1961,11,60,NULL),(4143,18,1961,9,100,NULL),(4144,16,1961,3,400,NULL),(4145,19,1961,1,100,NULL),(4146,8,1962,1,250,NULL),(4147,48,1962,10,150,NULL),(4148,12,1963,7,100,NULL),(4149,22,1963,4,75,NULL),(4150,12,1964,2,100,NULL),(4151,18,1964,13,100,NULL),(4152,48,1965,2,150,NULL),(4153,15,1965,4,200,NULL),(4154,11,1965,3,150,NULL),(4155,14,1965,4,150,NULL),(4156,12,1966,2,100,NULL),(4157,22,1966,10,75,NULL),(4158,18,1966,3,100,NULL),(4159,40,1966,2,60,NULL),(4160,19,1966,4,100,NULL),(4161,16,1966,2,400,NULL),(4162,40,1967,5,60,NULL),(4163,18,1967,6,100,NULL),(4164,19,1967,2,100,NULL),(4165,14,1967,5,150,NULL),(4166,48,1967,2,150,NULL),(4167,12,1967,4,100,NULL),(4168,11,1967,1,150,NULL),(4169,22,1967,22,75,NULL),(4170,40,1968,4,60,NULL),(4171,18,1968,2,100,NULL),(4172,12,1968,7,100,NULL),(4173,15,1968,1,200,NULL),(4174,14,1968,1,150,NULL),(4175,12,1969,2,100,NULL),(4176,22,1969,4,75,NULL),(4177,40,1969,2,60,NULL),(4178,49,1970,2,250,NULL),(4179,18,1970,7,100,NULL),(4180,12,1970,24,100,NULL),(4181,40,1970,14,60,NULL),(4182,27,1970,1,800,NULL),(4183,19,1971,7,100,NULL),(4184,16,1971,3,400,NULL),(4185,18,1971,28,100,NULL),(4186,15,1971,3,200,NULL),(4187,40,1973,13,60,NULL),(4188,22,1973,37,75,NULL),(4189,18,1973,10,100,NULL),(4190,11,1973,12,150,NULL),(4191,48,1973,6,150,NULL),(4192,14,1973,17,150,NULL),(4193,12,1974,8,100,NULL),(4194,40,1974,2,60,NULL),(4195,8,1974,3,250,NULL),(4196,48,1974,1,150,NULL),(4197,34,1974,3,600,NULL),(4198,23,1975,8,800,NULL),(4199,27,1975,6,800,NULL),(4200,32,1976,16,100,NULL),(4201,12,1977,5,100,NULL),(4202,22,1977,2,75,NULL),(4203,40,1978,5,60,NULL),(4204,32,1979,4,100,NULL),(4205,14,1979,1,150,NULL),(4206,12,1980,1,100,NULL),(4207,19,1981,1,100,NULL),(4208,12,1982,1,100,NULL),(4209,19,1983,5,100,NULL),(4210,16,1983,2,400,NULL),(4211,40,1983,10,60,NULL),(4212,12,1984,3,100,NULL),(4213,48,1985,1,150,NULL),(4214,12,1986,18,100,NULL),(4215,14,1986,5,150,NULL),(4216,11,1986,5,150,NULL),(4217,15,1986,4,200,NULL),(4218,22,1987,10,75,NULL),(4219,34,1987,1,600,NULL),(4220,27,1987,4,800,NULL),(4221,23,1987,1,800,NULL),(4222,18,1987,1,100,NULL),(4223,40,1987,2,60,NULL),(4224,19,1987,2,100,NULL),(4225,14,1987,2,150,NULL),(4226,12,1987,1,100,NULL),(4227,32,1988,17,100,NULL),(4228,48,1988,1,150,NULL),(4229,49,1989,3,250,NULL),(4230,18,1989,2,100,NULL),(4231,19,1989,19,100,NULL),(4232,34,1989,1,600,NULL),(4233,14,1989,14,150,NULL),(4234,48,1989,4,150,NULL),(4235,11,1989,9,150,NULL),(4236,40,1990,37,60,NULL),(4237,15,1990,1,200,NULL),(4238,19,1991,4,100,NULL),(4239,40,1991,12,60,NULL),(4240,34,1992,1,600,NULL),(4241,15,1992,5,200,NULL),(4242,14,1992,28,150,NULL),(4243,11,1992,2,150,NULL),(4244,48,1992,8,150,NULL),(4245,18,1993,9,120,NULL),(4246,40,1993,23,60,NULL),(4247,19,1993,4,120,NULL),(4248,12,1994,30,100,NULL),(4249,27,1995,4,800,NULL),(4250,22,1996,62,75,NULL),(4251,49,1997,1,250,NULL),(4252,12,1997,41,100,NULL),(4253,18,1998,17,120,NULL),(4254,19,1998,1,120,NULL),(4255,40,1998,25,60,NULL),(4256,23,1999,5,800,NULL),(4257,27,1999,20,800,NULL),(4258,34,2000,2,600,NULL),(4259,14,2000,22,150,NULL),(4260,15,2000,4,200,NULL),(4261,11,2000,8,150,NULL),(4262,48,2000,7,150,NULL),(4263,8,2000,7,250,NULL),(4264,32,2001,35,100,NULL),(4265,16,2002,5,400,NULL),(4266,22,2003,40,75,NULL),(4267,16,2004,1,400,NULL),(4268,8,2004,1,250,NULL),(4269,22,2005,23,75,NULL),(4270,32,2006,50,100,NULL),(4271,50,2006,30,100,NULL),(4272,18,2007,21,120,NULL),(4273,43,2007,48,50,NULL),(4274,19,2007,16,120,NULL),(4275,49,2008,4,250,NULL),(4276,12,2008,65,100,NULL),(4277,34,2008,2,600,NULL),(4278,48,2008,12,150,NULL),(4279,15,2009,11,200,NULL),(4280,8,2009,10,250,NULL),(4281,11,2009,10,150,NULL),(4282,14,2009,30,150,NULL),(4283,35,2010,6,150,NULL),(4284,35,2011,14,150,NULL),(4285,23,2011,5,800,NULL),(4286,27,2011,4,800,NULL),(4287,49,2012,1,250,NULL),(4288,12,2012,51,100,NULL),(4289,18,2013,19,120,NULL),(4290,40,2013,55,60,NULL),(4291,19,2013,8,120,NULL),(4292,16,2013,4,400,NULL),(4293,23,2014,2,800,NULL),(4294,50,2015,50,100,NULL),(4295,27,2016,1,800,NULL),(4296,8,2016,1,250,NULL),(4297,14,2017,18,150,NULL),(4298,11,2017,8,150,NULL),(4299,15,2017,1,250,NULL),(4300,48,2017,20,150,NULL),(4301,8,2017,7,250,NULL),(4302,32,2018,57,100,NULL),(4303,27,2019,1,800,NULL),(4304,34,2020,2,600,NULL),(4305,14,2020,3,150,NULL),(4306,8,2020,1,250,NULL),(4307,27,2020,4,800,NULL),(4308,50,2020,4,100,NULL),(4309,18,2020,1,120,NULL),(4310,16,2020,1,400,NULL),(4311,21,2020,2,50,NULL),(4312,32,2021,23,100,NULL),(4313,27,2022,4,800,NULL),(4314,23,2022,6,800,NULL),(4315,21,2023,6,50,NULL),(4316,20,2023,48,50,NULL),(4317,34,2024,2,600,NULL),(4318,14,2024,17,150,NULL),(4319,11,2024,2,150,NULL),(4320,8,2024,4,250,NULL),(4321,48,2024,19,150,NULL),(4322,49,2025,1,250,NULL),(4323,12,2025,22,100,NULL),(4324,18,2025,1,120,NULL),(4325,40,2025,18,60,NULL),(4326,35,2026,18,150,NULL),(4327,35,2027,15,150,NULL),(4328,12,2028,6,100,NULL),(4329,12,2029,14,100,NULL),(4330,12,2030,28,100,NULL),(4331,50,2031,30,100,NULL),(4332,32,2032,44,100,NULL),(4333,50,2033,23,100,NULL),(4334,23,2034,1,800,NULL),(4335,27,2034,4,800,NULL),(4336,19,2035,8,120,NULL),(4337,35,2036,11,150,NULL),(4338,41,2037,1,600,NULL),(4339,33,2037,1,600,NULL),(4340,22,2038,23,75,NULL),(4341,20,2039,37,50,NULL),(4342,23,2040,1,800,NULL),(4343,27,2040,1,800,NULL),(4344,8,2041,1,250,NULL),(4345,34,2041,2,600,NULL),(4346,14,2041,18,150,NULL),(4347,11,2041,7,150,NULL),(4348,15,2041,6,250,NULL),(4349,21,2041,1,50,NULL),(4350,16,2042,3,400,NULL),(4351,12,2043,28,100,NULL),(4352,27,2044,2,800,NULL),(4353,14,2044,8,150,NULL),(4354,35,2044,4,150,NULL),(4355,49,2044,1,250,NULL),(4356,12,2044,2,100,NULL),(4357,21,2044,2,50,NULL),(4358,33,2044,1,600,NULL),(4359,18,2044,1,120,NULL),(4360,12,2045,54,100,NULL),(4361,49,2045,4,250,NULL),(4362,22,2046,31,75,NULL),(4363,21,2046,14,50,NULL),(4364,20,2046,40,50,NULL),(4365,18,2047,14,120,NULL),(4366,19,2047,4,120,NULL),(4367,40,2047,51,60,NULL),(4368,35,2048,15,150,NULL),(4369,33,2048,1,600,NULL),(4370,15,2048,4,250,NULL),(4371,34,2048,1,600,NULL),(4372,8,2048,5,250,NULL),(4373,48,2048,13,150,NULL),(4374,50,2049,45,100,NULL),(4375,11,2049,9,150,NULL),(4376,50,2050,3,100,NULL),(4377,14,2051,23,150,NULL),(4378,27,2052,4,800,NULL),(4379,32,2053,10,100,NULL),(4380,12,2054,1,100,NULL),(4381,50,2054,3,100,NULL),(4382,34,2054,2,600,NULL),(4383,7,2054,1,400,NULL),(4384,15,2055,2,250,NULL),(4385,50,2056,3,100,NULL),(4386,50,2057,7,100,NULL),(4387,14,2058,20,150,NULL),(4388,11,2059,2,150,NULL),(4389,50,2060,28,100,NULL),(4390,48,2061,14,150,NULL),(4391,8,2062,6,250,NULL),(4392,15,2063,2,250,NULL),(4393,22,2064,12,75,NULL),(4394,18,2065,2,120,NULL),(4395,19,2065,4,120,NULL),(4396,40,2065,4,60,NULL),(4397,16,2065,1,400,NULL),(4398,32,2066,10,100,NULL),(4399,12,2066,34,100,NULL),(4400,21,2067,10,50,NULL),(4401,20,2067,31,50,NULL),(4402,27,2068,6,800,NULL),(4403,23,2069,2,800,NULL),(4404,49,2070,1,250,NULL),(4405,16,2071,1,400,NULL),(4406,8,2072,1,250,NULL),(4407,49,2073,1,250,NULL),(4408,12,2073,20,100,NULL),(4409,23,2074,1,800,NULL),(4410,7,2075,1,400,NULL),(4411,50,2076,5,100,NULL),(4412,32,2077,1,100,NULL),(4413,33,2078,1,600,NULL),(4414,15,2078,1,250,NULL),(4415,41,2079,1,600,NULL),(4416,33,2079,1,600,NULL),(4417,7,2079,2,400,NULL),(4418,15,2079,9,250,NULL),(4419,18,2080,12,120,NULL),(4420,40,2080,36,60,NULL),(4421,19,2080,3,120,NULL),(4422,16,2080,6,400,NULL),(4423,22,2081,1,75,NULL),(4424,22,2082,8,75,NULL),(4425,32,2083,20,100,NULL),(4426,21,2084,9,50,NULL),(4427,20,2084,17,50,NULL),(4428,14,2085,7,150,NULL),(4429,11,2085,8,150,NULL),(4430,50,2086,59,100,NULL),(4431,27,2087,3,800,NULL),(4432,23,2087,2,800,NULL),(4433,8,2087,2,250,NULL),(4434,27,2088,2,800,NULL),(4435,12,2088,2,100,NULL),(4436,27,2089,2,800,NULL),(4437,20,2090,7,50,NULL),(4438,35,2090,23,150,NULL),(4439,23,2091,3,800,NULL),(4440,48,2092,9,150,NULL),(4441,8,2092,9,250,NULL),(4442,11,2093,6,150,NULL),(4443,8,2093,3,250,NULL),(4444,27,2094,1,800,NULL),(4445,35,2094,4,150,NULL),(4446,7,2095,1,400,NULL),(4447,18,2095,1,120,NULL),(4448,41,2096,1,600,NULL),(4449,35,2097,14,150,NULL),(4450,48,2098,13,150,NULL),(4451,22,2099,1,75,NULL),(4452,51,2099,1,200,NULL),(4453,21,2100,12,50,NULL),(4454,23,2101,1,800,NULL),(4455,18,2102,3,120,NULL),(4456,50,2103,28,100,NULL),(4457,40,2104,10,60,NULL),(4458,32,2104,25,100,NULL),(4459,12,2105,25,100,NULL),(4460,32,2106,14,100,NULL),(4461,32,2107,10,100,NULL),(4462,50,2108,10,100,NULL),(4463,34,2108,1,600,NULL),(4464,16,2109,1,400,NULL),(4465,48,2109,1,150,NULL),(4466,32,2110,5,100,NULL),(4467,35,2111,3,150,NULL),(4468,12,2111,1,100,NULL),(4469,21,2111,1,50,NULL),(4470,18,2112,5,120,NULL),(4471,17,2112,2,500,NULL),(4472,20,2113,12,50,NULL),(4473,50,2114,31,100,NULL),(4474,51,2114,4,200,NULL),(4475,40,2115,6,60,NULL),(4476,21,2115,8,50,NULL),(4477,8,2116,14,250,NULL),(4478,14,2116,18,150,NULL),(4479,11,2117,9,150,NULL),(4480,7,2117,2,400,NULL),(4481,41,2118,2,600,NULL),(4482,22,2118,8,75,NULL),(4483,50,2119,30,100,NULL),(4484,27,2119,10,800,NULL),(4485,27,2120,6,800,NULL),(4486,23,2120,5,800,NULL),(4487,50,2121,15,100,NULL),(4488,32,2122,12,100,NULL),(4489,49,2123,5,250,NULL),(4490,48,2123,4,150,NULL),(4491,32,2124,13,100,NULL),(4492,12,2125,37,100,NULL),(4493,8,2126,6,250,NULL),(4494,14,2126,10,150,NULL),(4495,11,2127,4,150,NULL),(4496,49,2127,1,250,NULL),(4497,40,2128,12,60,NULL),(4498,18,2128,9,120,NULL),(4499,21,2129,13,50,NULL),(4500,52,2130,22,50,NULL),(4501,39,2131,3,25,NULL),(4502,12,2132,19,100,NULL),(4503,12,2133,4,100,NULL),(4504,50,2134,22,100,NULL),(4505,50,2135,2,100,NULL),(4506,50,2136,1,100,NULL),(4507,50,2137,7,100,NULL),(4508,8,2138,2,250,NULL),(4509,18,2138,3,120,NULL),(4510,35,2139,10,150,NULL),(4511,35,2140,9,150,NULL),(4512,35,2141,9,150,NULL),(4513,27,2142,3,800,NULL),(4514,23,2142,1,800,NULL),(4515,48,2143,2,150,NULL),(4516,8,2143,2,250,NULL),(4517,14,2144,1,150,NULL),(4518,18,2144,3,120,NULL),(4519,50,2144,1,100,NULL),(4520,32,2145,21,100,NULL),(4521,32,2146,9,100,NULL),(4522,32,2147,10,100,NULL),(4523,7,2148,2,400,NULL),(4524,8,2148,9,250,NULL),(4525,14,2149,13,150,NULL),(4526,14,2150,10,150,NULL),(4527,48,2151,12,150,NULL),(4528,11,2152,9,150,NULL),(4529,11,2153,11,150,NULL),(4530,21,2154,4,50,NULL),(4531,52,2154,1,50,NULL),(4532,18,2155,5,120,NULL),(4533,40,2155,19,60,NULL),(4534,51,2156,5,200,NULL),(4535,7,2157,1,400,NULL),(4536,33,2157,1,600,NULL),(4537,41,2157,1,600,NULL),(4538,22,2158,3,75,NULL),(4539,32,2159,5,100,NULL),(4540,8,2160,7,250,NULL),(4541,7,2160,1,400,NULL),(4542,17,2161,1,500,NULL),(4543,50,2161,3,100,NULL),(4544,48,2162,1,150,NULL),(4545,27,2162,1,800,NULL),(4546,14,2163,1,150,NULL),(4547,32,2163,1,100,NULL),(4548,35,2164,3,150,NULL),(4549,12,2165,1,100,NULL),(4550,27,2166,1,800,NULL),(4551,35,2166,2,150,NULL),(4552,48,2167,1,150,NULL),(4553,14,2167,1,150,NULL),(4554,14,2168,1,150,NULL),(4555,11,2169,1,150,NULL),(4556,12,2169,5,100,NULL),(4557,12,2170,13,100,NULL),(4558,12,2171,5,100,NULL),(4559,32,2172,15,100,NULL),(4560,32,2173,8,100,NULL),(4561,12,2174,48,100,NULL),(4562,49,2175,5,250,NULL),(4563,22,2175,3,75,NULL),(4564,18,2176,7,120,NULL),(4565,40,2176,2,60,NULL),(4566,17,2177,1,500,NULL),(4567,11,2177,1,150,NULL),(4568,32,2178,11,100,NULL),(4569,21,2178,1,50,NULL),(4570,52,2178,7,50,NULL),(4571,48,2179,1,150,NULL),(4572,35,2179,10,150,NULL),(4573,23,2180,3,800,NULL),(4574,27,2180,3,800,NULL),(4575,35,2181,17,150,NULL),(4576,27,2182,1,800,NULL),(4577,50,2183,60,100,NULL),(4578,12,2184,1,100,NULL),(4579,17,2184,1,500,NULL),(4580,52,2184,1,50,NULL),(4581,12,2185,2,100,NULL),(4582,12,2186,7,100,NULL),(4583,27,2187,1,800,NULL),(4584,12,2188,1,100,NULL),(4585,12,2189,1,100,NULL),(4586,23,2189,1,800,NULL),(4587,34,2189,1,600,NULL),(4588,33,2189,1,600,NULL),(4589,49,2190,1,250,NULL),(4590,11,2191,1,150,NULL),(4591,12,2192,3,100,NULL),(4592,49,2192,1,250,NULL),(4593,12,2193,7,100,NULL),(4594,49,2193,3,250,NULL),(4595,14,2193,1,150,NULL),(4596,12,2194,10,100,NULL),(4597,49,2194,1,250,NULL),(4598,17,2194,1,500,NULL),(4599,18,2194,2,120,NULL),(4600,12,2195,3,100,NULL),(4601,14,2195,1,150,NULL),(4602,33,2195,1,600,NULL),(4603,22,2195,1,75,NULL),(4604,48,2196,3,150,NULL),(4605,10,2196,1,250,NULL),(4606,12,2197,8,100,NULL),(4607,12,2198,1,100,NULL),(4608,41,2198,1,600,NULL),(4609,12,2199,7,100,NULL),(4610,12,2200,5,100,NULL),(4611,12,2201,2,100,NULL),(4612,11,2201,4,150,NULL),(4613,14,2201,4,150,NULL),(4614,48,2202,12,150,NULL),(4615,41,2202,1,600,NULL),(4616,52,2203,6,50,NULL),(4617,50,2203,13,100,NULL),(4618,50,2204,16,100,NULL),(4619,48,2205,3,150,NULL),(4620,12,2206,3,100,NULL),(4621,48,2206,4,150,NULL),(4622,18,2207,3,120,NULL),(4623,40,2208,2,60,NULL),(4624,48,2209,1,150,NULL),(4625,12,2210,5,100,NULL),(4626,14,2211,4,150,NULL),(4627,12,2212,2,100,NULL),(4628,18,2212,2,120,NULL),(4629,51,2212,1,200,NULL),(4630,12,2213,8,100,NULL),(4631,14,2214,3,150,NULL),(4632,7,2214,1,400,NULL),(4633,10,2215,6,250,NULL),(4634,41,2215,1,600,NULL),(4635,33,2216,1,600,NULL),(4636,53,2216,6,25,NULL),(4637,52,2216,1,50,NULL),(4638,40,2217,3,60,NULL),(4639,21,2218,2,50,NULL),(4640,35,2219,6,150,NULL),(4641,34,2220,1,600,NULL),(4642,8,2220,7,250,NULL),(4643,12,2221,23,100,NULL),(4644,15,2222,3,250,NULL),(4645,11,2222,4,150,NULL),(4646,14,2223,17,150,NULL),(4647,18,2224,3,120,NULL),(4648,40,2224,22,60,NULL),(4649,51,2225,1,200,NULL),(4650,53,2225,13,25,NULL),(4651,21,2226,21,50,NULL),(4652,52,2227,10,50,NULL),(4653,48,2228,9,150,NULL),(4654,27,2229,2,800,NULL),(4655,23,2229,3,800,NULL),(4656,50,2230,27,100,NULL),(4657,35,2231,2,150,NULL),(4658,32,2232,45,100,NULL),(4659,32,2233,18,100,NULL),(4660,35,2234,7,150,NULL),(4661,49,2235,1,250,NULL),(4662,14,2236,9,150,NULL),(4663,11,2236,3,150,NULL),(4664,14,2237,7,150,NULL),(4665,8,2237,1,250,NULL),(4666,12,2238,1,100,NULL),(4667,20,2238,1,50,NULL),(4668,50,2238,3,100,NULL),(4669,23,2239,1,800,NULL),(4670,27,2239,1,800,NULL),(4671,15,2240,2,250,NULL),(4672,48,2240,6,150,NULL),(4673,18,2241,16,120,NULL),(4674,40,2242,10,60,NULL),(4675,8,2242,5,250,NULL),(4676,51,2243,3,200,NULL),(4677,16,2243,3,400,NULL),(4678,12,2244,46,100,NULL),(4679,49,2245,1,250,NULL),(4680,7,2245,1,400,NULL),(4681,33,2246,2,600,NULL),(4682,41,2246,1,600,NULL),(4683,53,2247,13,25,NULL),(4684,21,2248,11,50,NULL),(4685,20,2248,6,50,NULL),(4686,35,2249,11,150,NULL),(4687,32,2250,7,100,NULL),(4688,50,2251,36,100,NULL),(4689,23,2252,6,800,NULL),(4690,27,2253,6,800,NULL),(4691,50,2254,37,100,NULL),(4692,27,2255,1,800,NULL),(4693,35,2256,11,150,NULL),(4694,18,2257,8,120,NULL),(4695,40,2257,3,60,NULL),(4696,7,2258,2,400,NULL),(4697,48,2258,15,150,NULL),(4698,15,2258,3,250,NULL),(4699,11,2258,4,150,NULL),(4700,14,2258,3,150,NULL),(4701,49,2258,1,250,NULL),(4702,21,2258,4,50,NULL),(4703,32,2259,23,100,NULL),(4704,27,2260,6,800,NULL),(4705,15,2261,2,250,NULL),(4706,48,2261,10,150,NULL),(4707,8,2262,5,250,NULL),(4708,14,2262,10,150,NULL),(4709,12,2263,24,100,NULL),(4710,18,2264,5,120,NULL),(4711,51,2264,1,200,NULL),(4712,16,2265,4,400,NULL),(4713,40,2265,15,60,NULL),(4714,21,2266,11,50,NULL),(4715,20,2266,24,50,NULL),(4716,39,2267,1,25,NULL),(4717,49,2267,1,250,NULL),(4718,27,2268,6,800,NULL),(4719,50,2269,28,100,NULL),(4720,49,2270,5,250,NULL),(4721,45,2271,1,700,NULL),(4722,58,2271,1,250,NULL),(4723,51,2272,2,200,NULL),(4724,35,2273,3,150,NULL),(4725,18,2273,2,120,NULL),(4726,22,2273,3,75,NULL),(4727,23,2274,2,800,NULL),(4728,27,2275,5,800,NULL),(4729,35,2275,4,150,NULL),(4730,14,2276,2,150,NULL),(4731,48,2276,2,150,NULL),(4732,8,2276,1,250,NULL),(4733,12,2277,2,100,NULL),(4734,16,2277,1,400,NULL),(4735,50,2278,1,100,NULL),(4736,15,2278,1,250,NULL),(4737,50,2279,72,100,NULL),(4738,21,2280,1,50,NULL),(4739,20,2280,5,50,NULL),(4740,27,2281,3,800,NULL),(4741,49,2282,1,250,NULL),(4742,49,2283,1,250,NULL),(4743,15,2283,1,250,NULL),(4744,12,2283,2,100,NULL),(4745,17,2283,1,500,NULL),(4746,35,2284,29,150,NULL),(4747,32,2285,31,100,NULL),(4748,7,2286,3,400,NULL),(4749,14,2286,15,150,NULL),(4750,11,2287,5,150,NULL),(4751,15,2287,9,250,NULL),(4752,48,2288,14,150,NULL),(4753,8,2288,4,250,NULL),(4754,12,2288,48,100,NULL),(4755,11,2289,13,150,NULL),(4756,35,2290,1,150,NULL),(4757,21,2290,4,50,NULL),(4758,55,2291,1,100,NULL),(4759,27,2291,1,800,NULL),(4760,16,2292,1,400,NULL),(4761,40,2292,1,60,NULL),(4762,21,2293,4,50,NULL),(4763,17,2294,1,500,NULL),(4764,12,2294,5,100,NULL),(4765,27,2295,1,800,NULL),(4766,15,2296,2,250,NULL),(4767,12,2297,16,100,NULL),(4768,8,2298,1,250,NULL),(4769,48,2298,13,150,NULL),(4770,15,2299,1,250,NULL),(4771,21,2299,14,50,NULL),(4772,49,2300,4,250,NULL),(4773,18,2300,6,120,NULL),(4774,40,2301,9,60,NULL),(4775,16,2302,3,400,NULL),(4776,58,2303,2,250,NULL),(4777,32,2304,44,100,NULL),(4778,50,2305,5,100,NULL),(4779,35,2306,13,150,NULL),(4780,59,2307,23,0,NULL),(4781,8,2308,2,250,NULL),(4782,12,2308,1,100,NULL),(4783,11,2309,4,150,NULL),(4784,7,2310,2,400,NULL),(4785,49,2310,1,250,NULL),(4786,27,2311,2,800,NULL),(4787,15,2311,1,250,NULL),(4788,8,2312,1,250,NULL),(4789,35,2312,2,150,NULL),(4790,50,2313,3,100,NULL),(4791,11,2313,1,150,NULL),(4792,21,2314,1,50,NULL),(4793,49,2315,2,250,NULL),(4794,12,2315,60,100,NULL),(4795,48,2316,12,150,NULL),(4796,8,2316,9,250,NULL),(4797,15,2317,3,250,NULL),(4798,11,2318,20,150,NULL),(4799,18,2319,2,120,NULL),(4800,16,2319,6,400,NULL),(4801,58,2320,1,250,NULL),(4802,21,2321,10,50,NULL),(4803,53,2321,8,25,NULL),(4804,22,2322,23,75,NULL),(4805,13,2323,16,150,NULL),(4806,40,2324,14,60,NULL),(4807,50,2325,56,100,NULL),(4808,27,2326,13,800,NULL),(4809,35,2327,47,150,NULL),(4810,32,2328,24,100,NULL),(4811,22,2329,12,75,NULL),(4812,51,2330,1,200,NULL),(4813,17,2331,1,500,NULL),(4814,32,2332,8,100,NULL),(4815,48,2333,1,150,NULL),(4816,14,2333,5,150,NULL),(4817,20,2334,12,50,NULL),(4818,21,2334,2,50,NULL),(4819,58,2334,2,250,NULL),(4820,49,2335,1,250,NULL),(4821,13,2335,1,150,NULL),(4822,12,2335,2,100,NULL),(4823,22,2336,5,75,NULL),(4824,22,2337,2,75,NULL),(4825,47,2337,4,100,NULL),(4826,49,2338,4,250,NULL),(4827,13,2338,1,150,NULL),(4828,12,2338,1,100,NULL),(4829,22,2339,1,75,NULL),(4830,49,2340,1,250,NULL),(4831,13,2340,1,150,NULL),(4832,12,2340,3,100,NULL),(4833,18,2341,1,120,NULL),(4834,51,2341,1,200,NULL),(4835,16,2341,1,400,NULL),(4836,45,2341,1,700,NULL),(4837,58,2341,3,250,NULL),(4838,49,2342,1,250,NULL),(4839,13,2342,2,150,NULL),(4840,12,2342,1,100,NULL),(4841,18,2343,2,120,NULL),(4842,40,2343,1,60,NULL);
/*!40000 ALTER TABLE `factura_venda_produto_detalhes` ENABLE KEYS */;
UNLOCK TABLES;

--
-- Table structure for table `familia_do_produto`
--

DROP TABLE IF EXISTS `familia_do_produto`;
/*!40101 SET @saved_cs_client     = @@character_set_client */;
/*!50503 SET character_set_client = utf8mb4 */;
CREATE TABLE `familia_do_produto` (
  `id_familia_do_produto` int NOT NULL AUTO_INCREMENT,
  `descricao_familia_do_produto` varchar(200) DEFAULT NULL,
  PRIMARY KEY (`id_familia_do_produto`)
) ENGINE=InnoDB AUTO_INCREMENT=14 DEFAULT CHARSET=utf8mb4 COLLATE=utf8mb4_0900_ai_ci;
/*!40101 SET character_set_client = @saved_cs_client */;

--
-- Dumping data for table `familia_do_produto`
--

LOCK TABLES `familia_do_produto` WRITE;
/*!40000 ALTER TABLE `familia_do_produto` DISABLE KEYS */;
INSERT INTO `familia_do_produto` VALUES (1,'Padaria'),(2,'Confeitaria'),(3,'Bebidas'),(4,'Salgados'),(5,'Doces'),(6,'Paracuca'),(7,'Hambúrguer'),(8,'Cachorro'),(9,'Sopas'),(10,'Pipocas'),(11,'Papelaria, Apontamentos e Materiais para os cursos'),(12,'Ovos Fervidos'),(13,'Gelados');
/*!40000 ALTER TABLE `familia_do_produto` ENABLE KEYS */;
UNLOCK TABLES;

--
-- Table structure for table `forma_de_pagamento`
--

DROP TABLE IF EXISTS `forma_de_pagamento`;
/*!40101 SET @saved_cs_client     = @@character_set_client */;
/*!50503 SET character_set_client = utf8mb4 */;
CREATE TABLE `forma_de_pagamento` (
  `id_forma_de_pagamento` int NOT NULL AUTO_INCREMENT,
  `descricao_forma_de_pagamento` varchar(45) DEFAULT NULL,
  PRIMARY KEY (`id_forma_de_pagamento`)
) ENGINE=InnoDB AUTO_INCREMENT=4 DEFAULT CHARSET=utf8mb4 COLLATE=utf8mb4_0900_ai_ci;
/*!40101 SET character_set_client = @saved_cs_client */;

--
-- Dumping data for table `forma_de_pagamento`
--

LOCK TABLES `forma_de_pagamento` WRITE;
/*!40000 ALTER TABLE `forma_de_pagamento` DISABLE KEYS */;
INSERT INTO `forma_de_pagamento` VALUES (1,'Cash'),(2,'TPA'),(3,'Banco');
/*!40000 ALTER TABLE `forma_de_pagamento` ENABLE KEYS */;
UNLOCK TABLES;

--
-- Table structure for table `municipio`
--

DROP TABLE IF EXISTS `municipio`;
/*!40101 SET @saved_cs_client     = @@character_set_client */;
/*!50503 SET character_set_client = utf8mb4 */;
CREATE TABLE `municipio` (
  `id_municipio` int NOT NULL AUTO_INCREMENT,
  `nome_municipio` varchar(45) DEFAULT NULL,
  `id_provincia` int NOT NULL,
  PRIMARY KEY (`id_municipio`),
  KEY `fk_municipio_provincia_idx` (`id_provincia`),
  CONSTRAINT `fk_municipio_provincia` FOREIGN KEY (`id_provincia`) REFERENCES `provincia` (`id_provincia`)
) ENGINE=InnoDB AUTO_INCREMENT=161 DEFAULT CHARSET=utf8mb3;
/*!40101 SET character_set_client = @saved_cs_client */;

--
-- Dumping data for table `municipio`
--

LOCK TABLES `municipio` WRITE;
/*!40000 ALTER TABLE `municipio` DISABLE KEYS */;
INSERT INTO `municipio` VALUES (1,'Ambriz',1),(2,'Bula Atumba',1),(3,'Dande',1),(4,'Dembos',1),(5,'Nambuangongo',1),(6,'Pango Aluquém',1),(7,'Balombo',2),(8,'Baia Farta',2),(9,'Benguela',2),(10,'Bocoio',2),(11,'Caimbambo',2),(12,'Catumbela',2),(13,'Chongoroi',2),(14,'Cubal',2),(15,'Ganda',2),(16,'Lobito',2),(17,'Andulo',3),(18,'Camacupa',3),(19,'Catabola',3),(20,'Chinguar',3),(21,'Chitembo',3),(22,'Cuemba',3),(23,'Cunhinga',3),(24,'Kuito',3),(25,'Nharea',3),(26,'Belize',4),(27,'Buco-Zau',4),(28,'Cabinda',4),(29,'Cacongo',4),(30,'Calai',5),(31,'Cuangar',5),(32,'Cuchi',5),(33,'Cuito Cuanavale',5),(34,'Dirico',5),(35,'Mavinga',5),(36,'Menongue',5),(37,'Nancova',5),(38,'Rivungo',5),(39,'Cahama',8),(40,'Cuanhama',8),(41,'Curoca',8),(42,'Cuvelai',8),(43,'Namacunde',8),(44,'Ombadja',8),(45,'Bailundo',9),(46,'Catchiungo',9),(47,'Caala',9),(48,'Ekuma',9),(49,'Huambo',9),(50,'Londuimbale',9),(51,'Longonjo',9),(52,'Mungo',9),(53,'Tchicala-Tchiloanga',9),(54,'Tchindjenje',9),(55,'Ucuma',9),(56,'Caconda',10),(57,'Cacula',10),(58,'Caluquembe',10),(59,'Gambos',10),(60,'Chibia',10),(61,'Chicomba',10),(62,'Chipindo',10),(63,'Cuvango',10),(64,'Humpata',10),(65,'Jamba',10),(66,'Lubango',10),(67,'Matala',10),(68,'Quilengues',10),(69,'Quipungo',10),(70,'Ambaca',6),(71,'Banga',6),(72,'Bolongongo',6),(73,'Cambambe',6),(74,'Cazengo',6),(75,'Golungo Alto',6),(76,'Gonguembo',6),(77,'Lucala',6),(78,'Quiculungo',6),(79,'Samba Caju',6),(80,'Cassongue',7),(81,'Conda',7),(82,'Ebo',7),(83,'Libolo',7),(84,'Mussende',7),(85,'Porto Amboin',7),(86,'Quibala',7),(87,'Quilenda',7),(88,'Seles',7),(89,'Sumbe',7),(90,'Waku Kungo',7),(91,'Belas',11),(92,'Cacuaco',11),(93,'Cazenga',11),(94,'Icolo e Bengo',11),(95,'Luanda',11),(96,'Quiçama',11),(97,'Viana',11),(98,'Cambulo',12),(99,'Capenda-Camulemba',12),(100,'Caungula',12),(101,'Chitato',12),(102,'Cuango',12),(103,'Cuilo',12),(104,'Lubalo',12),(105,'Lukapa',12),(106,'Xá-Muteba',12),(107,'Cacolo',13),(108,'Dala',13),(109,'Muconda',13),(110,'Saurimo',13),(111,'Cacuso',14),(112,'Calandula',14),(113,'Cambundi-Catembo',14),(114,'Cangandala',14),(115,'Caombo',14),(116,'Cuaba Nzogo',14),(117,'Cunda-Dia-Baze',14),(118,'Luquembo',14),(119,'Malange',14),(120,'Marimba',14),(121,'Massango',14),(122,'Mucari',14),(123,'Quela',14),(124,'Quirima',14),(125,'Alto Zambeze',15),(126,'Bundas',15),(127,'Camanongue',15),(128,'Léua',15),(129,'Luau',15),(130,'Luacano',15),(131,'Luchazes',15),(132,'Lumeje',15),(133,'Moxico',15),(134,'Bibala',16),(135,'Camucuio',16),(136,'Namibe',16),(137,'Tômbua',16),(138,'Virei',16),(139,'Alto Cauale',17),(140,'Ambuila',17),(141,'Bembe',17),(142,'Buengas',17),(143,'Bungo',17),(144,'Damba',17),(145,'Macocola',17),(146,'Mucaba',17),(147,'Negage',17),(148,'Puri',17),(149,'Quimbele',17),(150,'Quitexe',17),(151,'Sanza Pombo',17),(152,'Songo',17),(153,'Uige',17),(154,'Zombo',17),(155,'Cuimba',18),(156,'M\'Banza Kongo',18),(157,'Noqui',18),(158,'N\'Zeto',18),(159,'Soyo',18),(160,'Tomboco',18);
/*!40000 ALTER TABLE `municipio` ENABLE KEYS */;
UNLOCK TABLES;

--
-- Table structure for table `produto`
--

DROP TABLE IF EXISTS `produto`;
/*!40101 SET @saved_cs_client     = @@character_set_client */;
/*!50503 SET character_set_client = utf8mb4 */;
CREATE TABLE `produto` (
  `id_produto` int NOT NULL AUTO_INCREMENT,
  `nome_produto` varchar(45) DEFAULT NULL,
  `data_expira_produto` date DEFAULT NULL,
  `preco_venda_produto` double DEFAULT NULL,
  `quantidade_stock_produto` int DEFAULT '0',
  `colocacao_localizacao` varchar(45) DEFAULT NULL,
  `id_tipo_de_produto` int NOT NULL,
  `id_unidade_de_medida` int NOT NULL,
  PRIMARY KEY (`id_produto`),
  KEY `fk_produto_tipo_de_produto1_idx` (`id_tipo_de_produto`),
  KEY `fk_produto_unidade_de_medida1_idx` (`id_unidade_de_medida`),
  CONSTRAINT `fk_produto_tipo_de_produto1` FOREIGN KEY (`id_tipo_de_produto`) REFERENCES `tipo_de_produto` (`id_tipo_de_produto`),
  CONSTRAINT `fk_produto_unidade_de_medida1` FOREIGN KEY (`id_unidade_de_medida`) REFERENCES `unidade_de_medida` (`id_unidade_de_medida`)
) ENGINE=InnoDB AUTO_INCREMENT=60 DEFAULT CHARSET=utf8mb4 COLLATE=utf8mb4_0900_ai_ci;
/*!40101 SET character_set_client = @saved_cs_client */;

--
-- Dumping data for table `produto`
--

LOCK TABLES `produto` WRITE;
/*!40000 ALTER TABLE `produto` DISABLE KEYS */;
INSERT INTO `produto` VALUES (7,'Coca Cola em bidon','2023-09-11',400,10,'prateleira',5,7),(8,'Gasosa Zipp','2023-09-11',250,12,'prateleira',5,7),(9,'Speed 330ml','2023-09-11',350,8,'prateleira',5,7),(10,'Pepsi-Cola','2023-09-11',250,0,'prateleira',5,8),(11,'Sumo Kyfresco - Palinha','2023-09-11',150,0,'prateleira',5,6),(12,'Água pequena Atlático','2023-09-11',100,94,'prateleira',6,7),(13,'Água Média Pura','2023-09-11',150,11,'prateleira',6,7),(14,'Sumo Lulu - Palinha','2023-09-11',150,0,'prateleira',5,7),(15,'Sumo Canajoy','2023-09-11',250,20,'prateleira',5,7),(16,'Bolacha Renata - Doce','2023-09-11',400,9,'prateleira',4,6),(17,'Bolacha Triunfo -Salgada','2023-09-11',500,5,'prateleira',4,6),(18,'Bolacha Danna','2023-09-11',120,11,'prateleira',4,6),(19,'Bolacha Laykon - Salgada','2023-09-11',120,0,'prateleira',4,6),(20,'Sambapito Yoguera','2023-09-11',50,0,'prateleira',7,6),(21,'Pastilha Gorila','2023-09-11',50,32,'prateleira',7,6),(22,'Batata Piki Nik','2023-09-11',75,5,'prateleira',8,6),(23,'Cachorro Quente','2024-09-13',800,12,'prateleira',9,3),(24,'Hambúrger','2023-09-14',1200,8,'prateleira',1,4),(26,'Cachorro quente com ovo','2023-09-14',950,0,'prateleira',9,4),(27,'Magoga sem batatas fritas','2023-09-14',800,9,'prateleira',1,4),(28,'Magoga com batatas fritas','2023-09-14',900,0,'prateleira',1,4),(29,'Tosta Mista com pão Normal','2023-09-14',500,14,'prateleira',1,4),(30,'Tosta mista com pão cacete','2023-09-14',500,0,'prateleira',1,4),(31,'Sopa','2023-09-14',600,0,'prateleira',10,4),(32,'Pipocas','2023-09-14',100,30,'prateleira',11,4),(33,'Coca cola em lata ','2023-09-29',600,3,'prateleira',5,8),(34,'Sumol em Lata',NULL,600,29,NULL,5,8),(35,'Ovo Fervido',NULL,150,30,NULL,14,4),(36,'Garoto',NULL,100,16,NULL,7,9),(37,'Sugo',NULL,25,0,NULL,7,9),(38,'Batata - Spayk',NULL,100,20,NULL,8,6),(39,'Rebuçado',NULL,25,2,NULL,7,9),(40,'Bolacha Glocose',NULL,60,21,NULL,4,6),(41,'Fanta/Sprite',NULL,600,2,NULL,5,8),(42,'Compal em Lata',NULL,600,5,NULL,5,8),(43,'Bolacha Girabola',NULL,180,0,NULL,4,6),(44,'Picolé',NULL,100,84,NULL,15,4),(45,'Bolacha Renata-salgada',NULL,700,3,NULL,4,1),(46,'Gelado de Múcua',NULL,100,27,NULL,16,4),(47,'Bolinho',NULL,100,58,NULL,3,4),(48,'Gasosa Blue Biton pequeno',NULL,150,46,NULL,5,7),(49,'Água Grande',NULL,250,19,NULL,6,7),(50,'Cupcake',NULL,100,0,NULL,2,4),(51,'Bolacha Maria',NULL,200,4,NULL,4,6),(52,'Tik Tok Gum',NULL,50,0,NULL,7,9),(53,'Coffee Gold',NULL,25,55,NULL,7,6),(54,'coca- cola bidom',NULL,400,0,NULL,5,7),(55,'Bolo Seco',NULL,100,21,NULL,2,4),(56,'Cake',NULL,100,0,NULL,2,4),(57,'Cake',NULL,100,0,NULL,2,2),(58,'Serranitas',NULL,250,7,NULL,4,6),(59,'Cupcake',NULL,0,0,NULL,2,4);
/*!40000 ALTER TABLE `produto` ENABLE KEYS */;
UNLOCK TABLES;

--
-- Table structure for table `profissional`
--

DROP TABLE IF EXISTS `profissional`;
/*!40101 SET @saved_cs_client     = @@character_set_client */;
/*!50503 SET character_set_client = utf8mb4 */;
CREATE TABLE `profissional` (
  `id_profissional` int NOT NULL AUTO_INCREMENT,
  `nome_profissional` varchar(45) DEFAULT NULL,
  `sobrenome_profissional` varchar(45) DEFAULT NULL,
  `data_nascimento_profissional` date DEFAULT NULL,
  `sexo_profissional` char(20) DEFAULT NULL,
  `email_profissional` varchar(45) DEFAULT NULL,
  `telefone_profissional` varchar(45) DEFAULT NULL,
  `rua_profissional` varchar(45) DEFAULT NULL,
  `casa_profissional` varchar(45) DEFAULT NULL,
  `bairro_profissional` varchar(45) DEFAULT NULL,
  `distritito_profissional` varchar(45) DEFAULT NULL,
  `username` varchar(45) DEFAULT NULL,
  `password` varchar(45) DEFAULT NULL,
  `id_municipio` int NOT NULL,
  `id_categoria_profissional` int NOT NULL,
  PRIMARY KEY (`id_profissional`),
  UNIQUE KEY `username_UNIQUE` (`username`),
  KEY `fk_enfermeiro_municipio1_idx` (`id_municipio`),
  KEY `fk_profissional_categoria_profissional1_idx` (`id_categoria_profissional`),
  CONSTRAINT `fk_enfermeiro_municipio1` FOREIGN KEY (`id_municipio`) REFERENCES `municipio` (`id_municipio`),
  CONSTRAINT `fk_profissional_categoria_profissional1` FOREIGN KEY (`id_categoria_profissional`) REFERENCES `categoria_profissional` (`id_categoria_profissional`)
) ENGINE=InnoDB AUTO_INCREMENT=7 DEFAULT CHARSET=utf8mb3;
/*!40101 SET character_set_client = @saved_cs_client */;

--
-- Dumping data for table `profissional`
--

LOCK TABLES `profissional` WRITE;
/*!40000 ALTER TABLE `profissional` DISABLE KEYS */;
INSERT INTO `profissional` VALUES (1,'Joaquim','Hangalo','2023-07-18','M','joajoshang@gmail.com','3351641820','1212','4545','1212','1212','hangalo','hangalo',1,1),(2,'Zita','Hangalo','2023-07-18','M','joajoshang@gmail.com','3351641820','1212','4545','1212','1212','zita','zita',1,2),(3,'Luzia','Hangalo','2023-07-18','M','joajoshang@gmail.com','3351641820','1212','4545','1212','1212',NULL,NULL,1,1),(4,'Jamba','Hangalo','2023-07-18','M','joajoshang@gmail.com','3351641820','1212','4545','1212','1212',NULL,NULL,1,2),(5,'Andre','Hangalo','2023-07-04','M','joajoshang@gmail.com','3351641820','1212','4545','1212','1212',NULL,NULL,1,3),(6,'Bartolomeu','Hangalo','2023-07-04','M','joajoshang@gmail.com','3351641820','1212','4545','1212','1212',NULL,NULL,1,3);
/*!40000 ALTER TABLE `profissional` ENABLE KEYS */;
UNLOCK TABLES;

--
-- Table structure for table `provincia`
--

DROP TABLE IF EXISTS `provincia`;
/*!40101 SET @saved_cs_client     = @@character_set_client */;
/*!50503 SET character_set_client = utf8mb4 */;
CREATE TABLE `provincia` (
  `id_provincia` int NOT NULL AUTO_INCREMENT,
  `nome_provincia` varchar(45) DEFAULT NULL,
  PRIMARY KEY (`id_provincia`)
) ENGINE=InnoDB AUTO_INCREMENT=19 DEFAULT CHARSET=utf8mb3;
/*!40101 SET character_set_client = @saved_cs_client */;

--
-- Dumping data for table `provincia`
--

LOCK TABLES `provincia` WRITE;
/*!40000 ALTER TABLE `provincia` DISABLE KEYS */;
INSERT INTO `provincia` VALUES (1,'Bengo'),(2,'Benguela'),(3,'Bié'),(4,'Cabinda'),(5,'Cuando Cubango'),(6,'Cuanza Norte'),(7,'Cuanza Sul'),(8,'Cunene'),(9,'Huambo'),(10,'Huila'),(11,'Luanda'),(12,'Lunda Norte'),(13,'Lunda Sul'),(14,'Malange'),(15,'Moxico'),(16,'Namibe'),(17,'Uige'),(18,'Zaire');
/*!40000 ALTER TABLE `provincia` ENABLE KEYS */;
UNLOCK TABLES;

--
-- Table structure for table `stock_produto`
--

DROP TABLE IF EXISTS `stock_produto`;
/*!40101 SET @saved_cs_client     = @@character_set_client */;
/*!50503 SET character_set_client = utf8mb4 */;
CREATE TABLE `stock_produto` (
  `id_stock` int NOT NULL AUTO_INCREMENT,
  `data_da_compra` date DEFAULT NULL,
  `data_atualizacao` datetime DEFAULT CURRENT_TIMESTAMP,
  `quantidade` int DEFAULT NULL,
  `preco_de_compra` double DEFAULT NULL,
  `colocacao_localizacao` varchar(45) DEFAULT NULL,
  `precentagem_preco_venda` double DEFAULT NULL,
  `id_produto` int NOT NULL,
  `id_profissional` int DEFAULT NULL,
  PRIMARY KEY (`id_stock`),
  KEY `fk_stock_produto_produto1_idx` (`id_produto`),
  KEY `fk_stock_profissional_idx` (`id_profissional`),
  CONSTRAINT `fk_stock_produto_produto1` FOREIGN KEY (`id_produto`) REFERENCES `produto` (`id_produto`),
  CONSTRAINT `fk_stock_profissional` FOREIGN KEY (`id_profissional`) REFERENCES `profissional` (`id_profissional`)
) ENGINE=InnoDB AUTO_INCREMENT=527 DEFAULT CHARSET=utf8mb4 COLLATE=utf8mb4_0900_ai_ci;
/*!40101 SET character_set_client = @saved_cs_client */;

--
-- Dumping data for table `stock_produto`
--

LOCK TABLES `stock_produto` WRITE;
/*!40000 ALTER TABLE `stock_produto` DISABLE KEYS */;
INSERT INTO `stock_produto` VALUES (14,'2023-10-03','2023-10-03 21:25:42',12,1400,NULL,NULL,13,NULL),(15,'2023-09-30','2023-10-03 21:31:39',200,12000,NULL,NULL,12,NULL),(16,'2023-09-30','2023-10-03 21:33:40',36,10200,NULL,NULL,7,NULL),(17,'2023-09-30','2023-10-03 21:36:14',60,8750,NULL,NULL,8,NULL),(18,'2023-09-30','2023-10-03 21:39:47',12,2800,NULL,NULL,9,NULL),(19,'2023-09-30','2023-10-03 21:40:42',24,4000,NULL,NULL,10,NULL),(20,'2023-09-30','2023-10-03 21:57:42',12,5250,NULL,NULL,33,NULL),(21,'2023-09-30','2023-10-03 21:58:45',48,8000,NULL,NULL,15,NULL),(22,'2023-09-30','2023-10-03 22:01:03',135,11750,NULL,NULL,11,NULL),(23,'2023-09-30','2023-10-03 22:02:33',135,14500,NULL,NULL,14,NULL),(24,'2023-09-30','2023-10-03 22:16:39',250,10000,NULL,NULL,22,NULL),(25,'2023-09-30','2023-10-03 22:17:55',48,2300,NULL,NULL,18,NULL),(26,'2023-09-30','2023-10-03 22:18:40',24,1800,NULL,NULL,19,NULL),(27,'2023-09-30','2023-10-03 22:20:25',36,8800,NULL,NULL,16,NULL),(28,'2023-09-30','2023-10-03 22:45:10',400,12000,NULL,NULL,21,NULL),(29,'2023-09-30','2023-10-03 22:46:18',192,5400,NULL,NULL,20,NULL),(30,'2023-09-30','2023-10-03 22:58:55',550,21500,NULL,NULL,32,NULL),(31,'2023-09-30','2023-10-04 00:00:59',24,8500,NULL,NULL,34,NULL),(32,'2023-09-30','2023-10-04 00:09:58',24,10300,NULL,NULL,42,NULL),(33,'2023-09-30','2023-10-04 00:10:55',24,10500,NULL,NULL,41,NULL),(34,'2023-09-30','2023-10-04 00:11:50',48,2000,NULL,NULL,40,NULL),(35,'2023-09-30','2023-10-04 00:12:30',100,750,NULL,NULL,39,NULL),(36,'2023-09-30','2023-10-04 00:13:28',24,1700,NULL,NULL,38,NULL),(37,'2023-09-30','2023-10-04 00:14:22',100,950,NULL,NULL,37,NULL),(38,'2023-09-30','2023-10-04 00:15:49',186,14100,NULL,NULL,36,NULL),(39,'2023-10-04','2023-10-04 11:22:02',20,700,NULL,NULL,29,NULL),(40,'2023-10-04','2023-10-04 11:24:08',40,3000,NULL,NULL,27,NULL),(41,'2023-10-04','2023-10-04 11:28:28',12,750,NULL,NULL,24,NULL),(42,'2023-10-04','2023-10-04 11:30:45',12,750,NULL,NULL,23,NULL),(43,'2023-10-04','2023-10-04 14:36:54',186,14100,NULL,NULL,36,NULL),(44,'2023-10-04','2023-10-04 14:37:53',180,18600,NULL,NULL,35,NULL),(45,'2023-10-04','2023-10-04 14:38:52',24,1800,NULL,NULL,43,NULL),(46,'2023-10-05','2023-10-05 10:26:16',120,12400,NULL,NULL,35,NULL),(47,'2023-09-30','2023-10-05 10:27:25',186,14100,NULL,NULL,36,NULL),(48,'2023-09-30','2023-10-05 10:28:16',24,1800,NULL,NULL,38,NULL),(49,'2023-09-30','2023-10-05 10:29:04',48,2000,NULL,NULL,40,NULL),(50,'2023-09-30','2023-10-05 10:33:08',28,1400,NULL,NULL,13,NULL),(51,'2023-09-30','2023-10-05 10:43:06',120,12400,NULL,NULL,35,NULL),(52,'2023-10-05','2023-10-05 13:55:29',186,14100,NULL,NULL,36,NULL),(53,'2023-10-06','2023-10-06 11:39:23',20,2000,NULL,NULL,27,NULL),(54,'2023-10-06','2023-10-06 11:40:07',12,750,NULL,NULL,23,NULL),(55,'2023-10-06','2023-10-06 11:41:05',15,530,NULL,NULL,29,NULL),(56,'2023-10-06','2023-10-06 17:37:25',12,750,NULL,NULL,24,NULL),(57,'2023-10-07','2023-10-09 11:30:19',36,9500,NULL,NULL,16,NULL),(58,'2023-10-07','2023-10-09 11:31:10',500,20000,NULL,NULL,22,NULL),(59,'2023-10-07','2023-10-09 11:33:45',72,4950,NULL,NULL,43,NULL),(60,'2023-10-07','2023-10-09 11:34:29',24,1800,NULL,NULL,19,NULL),(61,'2023-10-07','2023-10-09 11:36:48',24,2000,NULL,NULL,40,NULL),(62,'2023-10-09','2023-10-09 11:37:49',20,700,NULL,NULL,29,NULL),(63,'2023-10-09','2023-10-09 11:39:28',24,1500,NULL,NULL,23,NULL),(64,'2023-10-09','2023-10-09 11:41:02',20,3000,NULL,NULL,27,NULL),(65,'2023-10-09','2023-10-09 11:41:56',24,1500,NULL,NULL,24,NULL),(66,'2023-10-07','2023-10-09 16:39:21',360,33000,NULL,NULL,35,NULL),(67,'2023-10-10','2023-10-10 13:33:51',12,750,NULL,NULL,23,NULL),(68,'2023-10-10','2023-10-10 13:35:49',10,1500,NULL,NULL,27,NULL),(69,'2023-10-09','2023-10-10 16:27:44',24,3000,NULL,NULL,8,NULL),(70,'2023-10-11','2023-10-11 10:37:43',24,1500,NULL,NULL,23,NULL),(71,'2023-10-11','2023-10-11 10:39:07',20,2000,NULL,NULL,27,NULL),(72,'2023-10-09','2023-10-11 11:46:18',48,8000,NULL,NULL,15,NULL),(73,'2023-10-11','2023-10-11 16:54:00',19,665,NULL,NULL,29,NULL),(74,'2023-09-30','2023-10-12 15:03:24',100,6250,NULL,NULL,12,NULL),(75,'2023-10-12','2023-10-12 17:59:40',150,0,NULL,NULL,44,NULL),(76,'2023-10-16','2023-10-16 16:19:55',144,6150,NULL,NULL,40,NULL),(77,'2023-10-16','2023-10-16 16:27:52',36,9000,NULL,NULL,16,NULL),(78,'2023-10-16','2023-10-16 16:29:54',96,4700,NULL,NULL,18,NULL),(79,'2023-10-16','2023-10-16 16:38:02',72,5550,NULL,NULL,19,NULL),(80,'2023-10-16','2023-10-16 16:41:25',15,6000,NULL,NULL,45,NULL),(81,'2023-10-16','2023-10-16 17:35:55',20,710,NULL,NULL,29,NULL),(82,'2023-10-16','2023-10-17 08:58:58',72,10800,NULL,NULL,8,NULL),(83,'2023-10-16','2023-10-17 08:59:37',48,8000,NULL,NULL,15,NULL),(84,'2023-10-17','2023-10-17 11:30:13',38,1900,NULL,NULL,27,NULL),(85,'2023-10-17','2023-10-17 11:31:36',24,1500,NULL,NULL,23,NULL),(86,'2023-10-17','2023-10-17 11:39:13',400,16500,NULL,NULL,22,NULL),(87,'2023-10-18','2023-10-18 15:21:20',180,14100,NULL,NULL,36,NULL),(88,'2023-10-16','2023-10-18 15:27:16',162,17400,NULL,NULL,14,NULL),(89,'2023-10-19','2023-10-19 12:41:47',12,750,NULL,NULL,23,NULL),(90,'2023-10-16','2023-10-19 12:42:39',100,5750,NULL,NULL,12,NULL),(91,'2023-10-19','2023-10-19 12:44:01',12,750,NULL,NULL,24,NULL),(92,'2023-10-19','2023-10-19 12:44:47',40,2000,NULL,NULL,27,NULL),(93,'2023-10-19','2023-10-19 12:45:53',20,71,NULL,NULL,29,NULL),(94,'2023-10-23','2023-10-24 09:57:07',50,2000,NULL,NULL,22,NULL),(95,'2023-10-23','2023-10-24 09:57:48',32,3000,NULL,NULL,13,NULL),(96,'2023-10-23','2023-10-24 09:58:29',96,4000,NULL,NULL,40,NULL),(97,'2023-10-23','2023-10-24 09:58:55',20,1250,NULL,NULL,12,NULL),(98,'2023-10-16','2023-10-24 10:00:41',48,1200,NULL,NULL,20,NULL),(99,'2023-10-16','2023-10-24 10:01:12',100,900,NULL,NULL,37,NULL),(100,'2023-10-23','2023-10-24 10:03:55',27,2350,NULL,NULL,11,NULL),(101,'2023-10-23','2023-10-24 10:12:30',36,9000,NULL,NULL,16,NULL),(102,'2023-10-24','2023-10-24 17:18:52',20,710,NULL,NULL,29,NULL),(103,'2023-10-23','2023-10-24 17:56:29',12,750,NULL,NULL,23,NULL),(104,'2023-10-23','2023-10-25 10:17:05',750,0,NULL,NULL,22,NULL),(105,'2023-10-23','2023-10-25 10:31:45',96,7600,NULL,NULL,19,NULL),(106,'2023-10-23','2023-10-25 10:34:55',96,4200,NULL,NULL,40,NULL),(107,'2023-10-23','2023-10-25 10:39:22',144,6900,NULL,NULL,18,NULL),(108,'2023-10-23','2023-10-25 10:43:14',108,11600,NULL,NULL,14,NULL),(109,'2023-10-23','2023-10-25 10:44:39',54,4700,NULL,NULL,11,NULL),(110,'2023-10-23','2023-10-25 10:47:48',48,8000,NULL,NULL,15,NULL),(111,'2023-10-23','2023-10-25 10:52:44',100,6250,NULL,NULL,12,NULL),(112,'2023-10-23','2023-10-25 10:54:37',15,5750,NULL,NULL,45,NULL),(113,'2023-10-23','2023-10-25 10:57:58',36,9000,NULL,NULL,16,NULL),(114,'2023-10-23','2023-10-25 10:59:04',180,16500,NULL,NULL,35,NULL),(115,'2023-10-23','2023-10-25 11:10:51',72,11100,NULL,NULL,8,NULL),(116,'2023-10-25','2023-10-25 11:14:18',12,750,NULL,NULL,23,NULL),(117,'2023-10-25','2023-10-25 11:14:54',12,800,NULL,NULL,24,NULL),(118,'2023-10-24','2023-10-25 11:16:34',40,2000,NULL,NULL,27,NULL),(119,'2023-10-26','2023-10-26 09:27:59',20,710,NULL,NULL,29,NULL),(120,'2023-10-27','2023-10-27 14:19:59',24,1500,NULL,NULL,24,NULL),(121,'2023-10-27','2023-10-27 14:20:42',20,710,NULL,NULL,29,NULL),(122,'2023-10-27','2023-10-27 14:21:22',40,2000,NULL,NULL,27,NULL),(123,'2023-10-27','2023-10-27 14:22:25',12,75,NULL,NULL,23,NULL),(124,'2023-10-27','2023-10-30 15:39:17',12,750,NULL,NULL,23,NULL),(125,'2023-10-03','2023-11-06 11:54:41',672,29400,NULL,NULL,43,NULL),(126,'2023-10-31','2023-11-07 09:13:09',300,18750,NULL,NULL,12,NULL),(127,'2023-10-31','2023-11-07 09:14:09',50,3300,NULL,NULL,38,NULL),(128,'2023-10-31','2023-11-07 09:15:32',360,33000,NULL,NULL,35,NULL),(129,'2023-11-01','2023-11-07 09:16:49',550,20800,NULL,NULL,32,NULL),(130,'2023-10-31','2023-11-07 09:18:33',72,11100,NULL,NULL,8,NULL),(131,'2023-11-01','2023-11-07 09:20:13',24,3800,NULL,NULL,8,NULL),(132,'2023-10-31','2023-11-07 09:21:41',1000,44000,NULL,NULL,22,NULL),(133,'2023-11-01','2023-11-07 09:22:39',450,18000,NULL,NULL,22,NULL),(134,'2023-10-31','2023-11-07 09:23:33',24,10500,NULL,NULL,33,NULL),(135,'2023-10-31','2023-11-07 09:25:03',24,10500,NULL,NULL,41,NULL),(136,'2023-10-31','2023-11-07 09:26:31',24,8500,NULL,NULL,34,NULL),(137,'2023-10-31','2023-11-07 09:27:01',72,12000,NULL,NULL,15,NULL),(138,'2023-10-31','2023-11-07 09:27:52',30,11800,NULL,NULL,45,NULL),(139,'2023-10-31','2023-11-07 09:29:19',72,18000,NULL,NULL,16,NULL),(140,'2023-10-31','2023-11-07 09:30:28',96,7400,NULL,NULL,19,NULL),(141,'2023-10-31','2023-11-07 09:31:36',60,17500,NULL,NULL,7,NULL),(142,'2023-10-31','2023-11-07 09:32:46',48,8000,NULL,NULL,10,NULL),(143,'2023-10-31','2023-11-07 09:37:44',270,29000,NULL,NULL,14,NULL),(144,'2023-10-31','2023-11-07 09:38:40',81,7050,NULL,NULL,11,NULL),(145,'2023-10-31','2023-11-07 09:40:10',200,6000,NULL,NULL,21,NULL),(146,'2023-10-31','2023-11-07 09:41:01',180,14100,NULL,NULL,36,NULL),(147,'2023-10-31','2023-11-07 09:41:36',32,2800,NULL,NULL,13,NULL),(148,'2023-10-31','2023-11-07 09:42:31',240,6000,NULL,NULL,20,NULL),(149,'2023-10-31','2023-11-07 09:43:09',100,700,NULL,NULL,37,NULL),(150,'2023-10-31','2023-11-07 09:43:47',205,2400,NULL,NULL,39,NULL),(151,'2023-11-01','2023-11-07 12:16:03',12,750,NULL,NULL,24,NULL),(152,'2023-11-01','2023-11-07 12:17:18',20,710,NULL,NULL,29,NULL),(153,'2023-11-01','2023-11-07 12:41:37',10,750,NULL,NULL,23,NULL),(154,'2023-11-01','2023-11-07 12:47:45',40,2000,NULL,NULL,27,NULL),(155,'2023-11-01','2023-11-07 16:55:51',40,2000,NULL,NULL,27,NULL),(156,'2023-11-01','2023-11-07 18:51:07',150,10000,NULL,NULL,44,NULL),(157,'2023-11-07','2023-11-07 18:59:08',100,8000,NULL,NULL,46,NULL),(158,'2023-11-08','2023-11-08 11:22:19',20,1400,NULL,NULL,23,NULL),(159,'2023-11-08','2023-11-08 11:24:04',10,1000,NULL,NULL,27,NULL),(160,'2023-11-08','2023-11-08 11:34:53',20,710,NULL,NULL,29,NULL),(161,'2023-11-09','2023-11-09 13:50:08',24,1500,NULL,NULL,24,NULL),(162,'2023-11-10','2023-11-10 10:29:18',10,750,NULL,NULL,23,NULL),(163,'2023-11-10','2023-11-10 10:30:12',12,300,NULL,NULL,29,NULL),(164,'2023-11-17','2023-11-17 09:30:40',60,0,NULL,NULL,12,NULL),(165,'2023-11-17','2023-11-17 09:31:14',16,0,NULL,NULL,13,NULL),(166,'2023-11-17','2023-11-17 09:33:21',100,0,NULL,NULL,21,NULL),(167,'2023-11-17','2023-11-17 09:34:23',24,0,NULL,NULL,15,NULL),(168,'2023-11-17','2023-11-17 13:45:07',10,0,NULL,NULL,16,NULL),(169,'2023-11-17','2023-11-17 13:45:44',24,0,NULL,NULL,19,NULL),(170,'2023-11-17','2023-11-17 13:46:09',20,0,NULL,NULL,23,NULL),(171,'2023-11-17','2023-11-17 13:46:29',24,0,NULL,NULL,24,NULL),(172,'2023-11-17','2023-11-17 13:47:19',60,0,NULL,NULL,35,NULL),(173,'2023-11-17','2023-11-17 13:50:28',27,0,NULL,NULL,11,NULL),(174,'2023-11-17','2023-11-17 13:50:52',27,0,NULL,NULL,14,NULL),(175,'2023-11-17','2023-11-17 13:52:40',30,0,NULL,NULL,36,NULL),(176,'2023-11-17','2023-11-17 13:53:03',48,0,NULL,NULL,20,NULL),(177,'2023-11-17','2023-11-17 18:21:44',15,0,NULL,NULL,29,NULL),(178,'2023-11-20','2023-11-20 07:51:16',60,0,NULL,NULL,12,NULL),(179,'2023-11-20','2023-11-20 07:52:42',96,0,NULL,NULL,43,NULL),(180,'2023-11-20','2023-11-20 09:43:32',16,0,NULL,NULL,13,NULL),(181,'2023-11-20','2023-11-20 09:45:34',7,0,NULL,NULL,38,NULL),(182,'2023-11-20','2023-11-20 09:48:15',5,0,NULL,NULL,38,NULL),(183,'2023-11-20','2023-11-20 11:09:55',48,0,NULL,NULL,20,NULL),(184,'2023-11-20','2023-11-20 11:10:29',24,0,NULL,NULL,15,NULL),(185,'2023-11-20','2023-11-20 11:11:06',6,0,NULL,NULL,8,NULL),(186,'2023-11-20','2023-11-20 11:11:43',27,0,NULL,NULL,11,NULL),(187,'2023-11-20','2023-11-20 11:12:01',27,0,NULL,NULL,14,NULL),(188,'2023-11-20','2023-11-20 11:12:30',6,0,NULL,NULL,42,NULL),(189,'2023-11-20','2023-11-20 11:33:08',19,0,NULL,NULL,29,NULL),(190,'2023-11-20','2023-11-20 11:33:31',20,0,NULL,NULL,23,NULL),(191,'2023-11-20','2023-11-20 11:33:54',40,0,NULL,NULL,27,NULL),(192,'2023-11-20','2023-11-20 14:07:04',12,0,NULL,NULL,10,NULL),(193,'2023-11-21','2023-11-21 10:35:29',20,0,NULL,NULL,12,NULL),(194,'2023-11-21','2023-11-21 10:36:14',23,0,NULL,NULL,38,NULL),(195,'2023-11-21','2023-11-21 10:36:39',296,0,NULL,NULL,43,NULL),(196,'2023-11-21','2023-11-21 10:37:46',150,0,NULL,NULL,46,NULL),(197,'2023-11-21','2023-11-21 10:38:09',30,0,NULL,NULL,35,NULL),(198,'2023-11-21','2023-11-21 10:41:17',120,0,NULL,NULL,47,NULL),(199,'2023-11-21','2023-11-21 10:42:32',27,0,NULL,NULL,11,NULL),(200,'2023-11-21','2023-11-21 10:42:53',12,0,NULL,NULL,8,NULL),(201,'2023-11-21','2023-11-21 10:45:31',27,0,NULL,NULL,14,NULL),(202,'2023-11-23','2023-11-23 10:54:48',60,0,NULL,NULL,35,NULL),(203,'2023-11-23','2023-11-23 10:55:51',20,0,NULL,NULL,12,NULL),(204,'2023-11-23','2023-11-23 10:56:56',30,0,NULL,NULL,36,NULL),(205,'2023-11-23','2023-11-23 16:32:33',24,0,NULL,NULL,19,NULL),(206,'2023-10-23','2023-11-23 17:07:48',70,0,NULL,NULL,47,NULL),(207,'2023-11-24','2023-11-24 17:26:54',20,0,NULL,NULL,12,NULL),(208,'2023-11-24','2023-11-24 17:27:23',27,0,NULL,NULL,14,NULL),(209,'2023-11-24','2023-11-24 17:27:46',48,0,NULL,NULL,20,NULL),(210,'2023-11-24','2023-11-24 17:28:07',24,0,NULL,NULL,19,NULL),(211,'2023-11-24','2023-11-24 17:28:26',36,0,NULL,NULL,8,NULL),(212,'2023-11-24','2023-11-24 17:28:41',24,0,NULL,NULL,15,NULL),(213,'2023-11-24','2023-11-24 17:28:58',27,0,NULL,NULL,11,NULL),(214,'2023-11-24','2023-11-24 17:29:54',10,0,NULL,NULL,29,NULL),(215,'2023-11-24','2023-11-24 17:30:24',30,0,NULL,NULL,35,NULL),(216,'2023-11-24','2023-11-24 17:31:29',30,0,NULL,NULL,36,NULL),(217,'2023-11-27','2023-11-27 11:26:36',20,0,NULL,NULL,12,NULL),(218,'2023-11-27','2023-11-27 11:27:09',24,0,NULL,NULL,19,NULL),(219,'2023-11-27','2023-11-27 11:27:43',70,0,NULL,NULL,47,NULL),(220,'2023-11-27','2023-11-27 11:28:44',48,0,NULL,NULL,20,NULL),(221,'2023-11-27','2023-11-27 11:29:48',27,0,NULL,NULL,14,NULL),(222,'2023-11-27','2023-11-27 11:30:06',60,0,NULL,NULL,35,NULL),(223,'2023-11-27','2023-11-27 11:44:40',4,0,NULL,NULL,27,NULL),(224,'2023-11-27','2023-11-27 11:45:02',20,0,NULL,NULL,29,NULL),(225,'2023-11-28','2023-11-28 16:27:34',55,0,NULL,NULL,43,NULL),(226,'2023-11-29','2023-11-29 07:25:58',72,0,NULL,NULL,47,NULL),(227,'2023-11-29','2023-11-29 07:51:09',30,0,NULL,NULL,35,NULL),(228,'2023-11-29','2023-11-29 09:17:06',30,0,NULL,NULL,36,NULL),(229,'2023-11-29','2023-11-29 10:49:40',48,0,NULL,NULL,43,NULL),(230,'2023-11-29','2023-11-29 10:50:13',20,0,NULL,NULL,12,NULL),(231,'2023-11-29','2023-11-29 10:51:06',27,0,NULL,NULL,11,NULL),(232,'2023-11-29','2023-11-29 16:48:15',10,0,NULL,NULL,27,NULL),(233,'2023-11-29','2023-11-29 16:48:55',30,0,NULL,NULL,36,NULL),(234,'2023-11-29','2023-11-29 16:49:37',48,0,NULL,NULL,40,NULL),(235,'2023-11-29','2023-11-29 16:50:51',12,0,NULL,NULL,34,NULL),(236,'2023-11-29','2023-11-29 17:07:45',10,0,NULL,NULL,23,NULL),(237,'2023-11-30','2023-11-30 08:43:47',20,0,NULL,NULL,12,NULL),(238,'2023-11-30','2023-11-30 08:44:14',96,0,NULL,NULL,40,NULL),(239,'2023-11-30','2023-11-30 08:44:34',10,0,NULL,NULL,23,NULL),(240,'2023-11-30','2023-11-30 08:45:49',12,0,NULL,NULL,27,NULL),(241,'2023-11-30','2023-11-30 08:46:12',60,0,NULL,NULL,35,NULL),(242,'2023-11-30','2023-11-30 08:46:29',23,0,NULL,NULL,32,NULL),(243,'2023-11-30','2023-11-30 08:47:05',12,0,NULL,NULL,15,NULL),(244,'2023-11-30','2023-11-30 08:47:31',30,0,NULL,NULL,36,NULL),(245,'2023-11-30','2023-11-30 08:47:53',27,0,NULL,NULL,14,NULL),(246,'2023-12-01','2023-12-01 08:46:36',4,0,NULL,NULL,15,NULL),(247,'2023-12-01','2023-12-01 08:47:23',40,0,NULL,NULL,12,NULL),(248,'2023-12-01','2023-12-01 08:48:15',58,0,NULL,NULL,43,NULL),(249,'2023-12-01','2023-12-01 08:48:38',10,0,NULL,NULL,23,NULL),(250,'2023-12-01','2023-12-01 08:49:04',10,0,NULL,NULL,27,NULL),(251,'2023-12-01','2023-12-01 08:50:53',50,0,NULL,NULL,32,NULL),(252,'2023-12-01','2023-12-01 08:51:14',24,0,NULL,NULL,19,NULL),(253,'2023-12-01','2023-12-01 08:51:59',10,0,NULL,NULL,16,NULL),(254,'2023-12-01','2023-12-01 08:52:42',60,0,NULL,NULL,35,NULL),(255,'2023-12-01','2023-12-01 08:53:07',27,0,NULL,NULL,14,NULL),(256,'2023-12-01','2023-12-01 08:53:28',12,0,NULL,NULL,8,NULL),(257,'2023-12-01','2023-12-01 19:37:27',20,0,NULL,NULL,12,NULL),(258,'2023-10-23','2023-12-01 19:37:59',100,0,NULL,NULL,21,NULL),(259,'2023-12-01','2023-12-01 19:38:52',6,0,NULL,NULL,42,NULL),(260,'2023-12-01','2023-12-01 19:42:54',12,0,NULL,NULL,8,NULL),(261,'2023-12-04','2023-12-04 09:27:13',60,0,NULL,NULL,35,NULL),(262,'2023-12-04','2023-12-04 09:34:04',60,0,NULL,NULL,12,NULL),(263,'2023-12-04','2023-12-04 09:38:02',16,0,NULL,NULL,13,NULL),(264,'2023-12-04','2023-12-04 09:39:37',16,0,NULL,NULL,16,NULL),(265,'2023-12-04','2023-12-04 09:44:17',24,0,NULL,NULL,19,NULL),(266,'2023-12-04','2023-12-04 10:09:22',20,0,NULL,NULL,27,NULL),(267,'2023-12-04','2023-12-04 10:10:41',12,0,NULL,NULL,8,NULL),(268,'2023-12-04','2023-12-04 13:57:30',16,0,NULL,NULL,27,NULL),(269,'2023-12-04','2023-12-04 19:35:01',12,0,NULL,NULL,8,NULL),(270,'2023-12-05','2023-12-05 11:35:10',30,0,NULL,NULL,35,NULL),(271,'2023-12-05','2023-12-05 11:35:38',20,0,NULL,NULL,27,NULL),(272,'2023-12-05','2023-12-05 11:57:25',30,0,NULL,NULL,35,NULL),(273,'2023-12-05','2023-12-05 18:58:36',3,0,NULL,NULL,41,NULL),(274,'2023-12-06','2023-12-06 16:55:44',100,0,NULL,NULL,21,NULL),(275,'2023-12-07','2023-12-07 12:08:23',100,800,NULL,NULL,23,NULL),(276,'2023-12-07','2023-12-07 12:12:11',1,950,NULL,NULL,26,NULL),(277,'2023-12-07','2023-12-07 12:17:06',100,150,NULL,NULL,35,NULL),(278,'2023-12-07','2023-12-07 12:36:34',40,2500,NULL,NULL,12,NULL),(279,'2023-12-07','2023-12-07 12:37:12',48,0,NULL,NULL,40,NULL),(280,'2023-12-07','2023-12-07 12:37:56',24,0,NULL,NULL,15,NULL),(281,'2023-12-07','2023-12-07 12:38:15',27,0,NULL,NULL,11,NULL),(282,'2023-12-07','2023-12-07 12:38:31',27,0,NULL,NULL,14,NULL),(283,'2023-12-07','2023-12-07 18:12:55',24,0,NULL,NULL,48,NULL),(284,'2023-12-08','2023-12-08 10:34:16',48,0,NULL,NULL,18,NULL),(285,'2023-12-08','2023-12-08 10:44:57',24,0,NULL,NULL,8,NULL),(286,'2023-12-08','2023-12-08 10:59:33',40,0,NULL,NULL,12,NULL),(287,'2023-12-08','2023-12-08 10:59:54',24,0,NULL,NULL,19,NULL),(288,'2023-12-08','2023-12-08 11:00:15',20,0,NULL,NULL,16,NULL),(289,'2023-12-08','2023-12-08 11:01:22',48,0,NULL,NULL,40,NULL),(290,'2023-12-08','2023-12-08 11:02:00',27,0,NULL,NULL,14,NULL),(291,'2023-12-08','2023-12-08 11:02:38',16,0,NULL,NULL,35,NULL),(292,'2023-12-08','2023-12-08 11:03:04',12,0,NULL,NULL,27,NULL),(293,'2023-12-08','2023-12-08 16:02:22',60,0,NULL,NULL,12,NULL),(294,'2023-12-08','2023-12-08 16:02:47',30,0,NULL,NULL,35,NULL),(295,'2023-12-11','2023-12-11 11:01:47',27,0,NULL,NULL,14,NULL),(296,'2023-12-08','2023-12-11 11:02:13',12,0,NULL,NULL,15,NULL),(297,'2023-12-12','2023-12-12 09:30:59',40,0,NULL,NULL,12,NULL),(298,'2023-12-12','2023-12-12 09:31:28',5,0,NULL,NULL,16,NULL),(299,'2023-12-12','2023-12-12 09:31:57',5,0,NULL,NULL,20,NULL),(300,'2023-12-12','2023-12-12 09:32:26',24,0,NULL,NULL,48,NULL),(301,'2023-12-12','2023-12-12 14:14:26',48,0,NULL,NULL,20,NULL),(302,'2023-12-08','2023-12-12 14:14:58',18,0,NULL,NULL,27,NULL),(303,'2023-12-08','2023-12-12 14:15:20',60,0,NULL,NULL,35,NULL),(304,'2023-12-08','2023-12-12 14:15:56',48,0,NULL,NULL,40,NULL),(305,'2023-12-08','2023-12-12 14:16:43',12,0,NULL,NULL,15,NULL),(306,'2023-12-13','2023-12-13 11:10:16',40,0,NULL,NULL,12,NULL),(307,'2023-12-13','2023-12-13 11:13:43',48,0,NULL,NULL,40,NULL),(308,'2023-12-13','2023-12-13 11:15:02',40,0,NULL,NULL,12,NULL),(309,'2023-12-14','2023-12-14 07:45:10',10,0,NULL,NULL,27,NULL),(310,'2023-12-14','2023-12-14 07:45:50',10,0,NULL,NULL,14,NULL),(311,'2023-12-14','2023-12-14 11:29:55',10,0,NULL,NULL,12,NULL),(312,'2023-12-07','2023-12-14 11:31:09',30,0,NULL,NULL,12,NULL),(313,'2023-12-07','2023-12-14 14:28:24',5,0,NULL,NULL,8,NULL),(314,'2023-12-15','2023-12-15 09:06:31',27,0,NULL,NULL,14,NULL),(315,'2023-12-15','2023-12-15 15:39:52',10,0,NULL,NULL,27,NULL),(316,'2024-01-03','2024-01-03 12:46:55',40,0,NULL,NULL,12,NULL),(317,'2024-01-03','2024-01-03 12:47:43',48,0,NULL,NULL,40,NULL),(318,'2024-01-03','2024-01-03 12:48:02',48,0,NULL,NULL,18,NULL),(319,'2024-01-03','2024-01-03 12:48:23',24,0,NULL,NULL,19,NULL),(320,'2024-01-03','2024-01-03 12:49:29',12,0,NULL,NULL,8,NULL),(321,'2024-01-03','2024-01-03 12:50:23',22,0,NULL,NULL,16,NULL),(322,'2024-01-03','2024-01-03 12:50:50',24,0,NULL,NULL,48,NULL),(323,'2024-01-04','2024-01-04 08:18:42',12,0,NULL,NULL,15,NULL),(324,'2024-01-04','2024-01-04 16:40:18',27,0,NULL,NULL,11,NULL),(325,'2024-01-04','2024-01-04 16:41:02',27,0,NULL,NULL,14,NULL),(326,'2024-01-05','2024-01-05 07:40:37',48,0,NULL,NULL,18,NULL),(327,'2024-01-05','2024-01-05 07:41:42',48,0,NULL,NULL,40,NULL),(328,'2024-01-05','2024-01-05 07:42:18',20,0,NULL,NULL,12,NULL),(329,'2024-01-08','2024-01-08 11:46:41',24,0,NULL,NULL,19,NULL),(330,'2023-12-08','2024-01-08 11:47:12',48,0,NULL,NULL,40,NULL),(331,'2024-01-08','2024-01-08 11:47:44',26,0,NULL,NULL,32,NULL),(332,'2024-01-08','2024-01-08 11:48:10',20,0,NULL,NULL,27,NULL),(333,'2024-01-08','2024-01-08 11:48:50',12,0,NULL,NULL,34,NULL),(334,'2024-01-08','2024-01-08 11:49:22',54,0,NULL,NULL,14,NULL),(335,'2024-01-08','2024-01-08 11:49:39',27,0,NULL,NULL,11,NULL),(336,'2024-01-08','2024-01-08 11:49:58',12,0,NULL,NULL,15,NULL),(337,'2024-01-08','2024-01-08 11:50:18',24,0,NULL,NULL,48,NULL),(338,'2024-01-08','2024-01-08 11:51:41',6,0,NULL,NULL,49,NULL),(339,'2024-01-08','2024-01-08 16:36:39',20,0,NULL,NULL,12,NULL),(340,'2024-01-08','2024-01-08 16:59:47',20,0,NULL,NULL,32,NULL),(341,'2024-01-09','2024-01-09 07:22:39',40,0,NULL,NULL,12,NULL),(342,'2024-01-09','2024-01-09 09:34:16',6,0,NULL,NULL,49,NULL),(343,'2024-01-09','2024-01-09 09:35:50',11,0,NULL,NULL,27,NULL),(344,'2024-01-09','2024-01-09 09:43:08',48,0,NULL,NULL,40,NULL),(345,'2024-01-09','2024-01-09 09:45:41',12,0,NULL,NULL,15,NULL),(346,'2024-01-09','2024-01-09 10:57:12',48,0,NULL,NULL,18,NULL),(347,'2024-01-09','2024-01-09 10:57:41',24,0,NULL,NULL,19,NULL),(348,'2024-01-09','2024-01-09 10:58:18',40,0,NULL,NULL,12,NULL),(349,'2024-01-09','2024-01-09 13:26:46',40,0,NULL,NULL,32,NULL),(350,'2024-01-09','2024-01-09 13:27:40',27,0,NULL,NULL,14,NULL),(351,'2024-01-09','2024-01-09 13:33:50',40,0,NULL,NULL,12,NULL),(352,'2024-01-09','2024-01-09 16:36:34',12,0,NULL,NULL,8,NULL),(353,'2024-01-10','2024-01-10 11:16:56',20,0,NULL,NULL,27,NULL),(354,'2024-01-10','2024-01-10 11:17:45',48,0,NULL,NULL,43,NULL),(355,'2024-01-10','2024-01-10 11:18:22',27,0,NULL,NULL,14,NULL),(356,'2024-01-10','2024-01-10 11:18:57',24,0,NULL,NULL,48,NULL),(357,'2024-01-10','2024-01-10 11:19:54',39,0,NULL,NULL,35,NULL),(358,'2024-01-10','2024-01-10 15:18:41',30,0,NULL,NULL,50,NULL),(359,'2024-01-10','2024-01-10 15:19:30',30,0,NULL,NULL,12,NULL),(360,'2024-01-10','2024-01-10 15:21:32',32,0,NULL,NULL,16,NULL),(361,'2024-01-10','2024-01-10 16:01:26',40,0,NULL,NULL,32,NULL),(362,'2024-01-11','2024-01-11 12:14:13',54,0,NULL,NULL,14,NULL),(363,'2024-01-11','2024-01-11 12:14:37',24,0,NULL,NULL,11,NULL),(364,'2024-01-11','2024-01-11 12:15:21',12,0,NULL,NULL,8,NULL),(365,'2024-01-11','2024-01-11 12:15:52',27,0,NULL,NULL,48,NULL),(366,'2024-01-11','2024-01-11 12:16:29',12,0,NULL,NULL,15,NULL),(367,'2024-01-11','2024-01-11 12:17:35',6,0,NULL,NULL,49,NULL),(368,'2024-01-11','2024-01-11 12:18:51',60,0,NULL,NULL,12,NULL),(369,'2024-01-11','2024-01-11 12:19:59',144,0,NULL,NULL,40,NULL),(370,'2024-01-11','2024-01-11 12:20:40',48,0,NULL,NULL,18,NULL),(371,'2024-01-11','2024-01-11 12:22:48',24,0,NULL,NULL,19,NULL),(372,'2024-01-11','2024-01-11 12:23:21',80,0,NULL,NULL,32,NULL),(373,'2024-01-11','2024-01-11 12:28:40',36,0,NULL,NULL,21,NULL),(374,'2024-01-11','2024-01-11 12:29:41',37,0,NULL,NULL,20,NULL),(375,'2024-01-11','2024-01-11 13:39:07',57,0,NULL,NULL,50,NULL),(376,'2024-01-11','2024-01-11 15:23:31',27,0,NULL,NULL,50,NULL),(377,'2024-01-11','2024-01-11 16:25:47',12,0,NULL,NULL,34,NULL),(378,'2024-01-11','2024-01-11 16:26:35',12,0,NULL,NULL,33,NULL),(379,'2024-01-11','2024-01-11 16:26:59',12,0,NULL,NULL,41,NULL),(380,'2024-01-11','2024-01-11 16:27:30',6,0,NULL,NULL,7,NULL),(381,'2024-01-11','2024-01-11 19:16:40',20,0,NULL,NULL,12,NULL),(382,'2024-01-11','2024-01-11 19:34:12',30,0,NULL,NULL,12,NULL),(383,'2024-01-12','2024-01-12 08:49:35',40,0,NULL,NULL,12,NULL),(384,'2024-01-12','2024-01-12 08:50:32',40,0,NULL,NULL,32,NULL),(385,'2024-01-12','2024-01-12 08:51:54',53,0,NULL,NULL,35,NULL),(386,'2024-01-12','2024-01-12 08:52:44',48,0,NULL,NULL,20,NULL),(387,'2024-01-12','2024-01-12 08:56:23',6,0,NULL,NULL,27,NULL),(388,'2024-01-12','2024-01-12 08:56:53',27,0,NULL,NULL,14,NULL),(389,'2024-01-12','2024-01-12 08:57:40',54,0,NULL,NULL,48,NULL),(390,'2024-01-12','2024-01-12 08:58:05',36,0,NULL,NULL,8,NULL),(391,'2024-01-12','2024-01-12 10:16:40',23,0,NULL,NULL,50,NULL),(392,'2024-01-12','2024-01-12 10:30:59',20,0,NULL,NULL,12,NULL),(393,'2024-01-12','2024-01-12 12:08:02',31,0,NULL,NULL,50,NULL),(394,'2024-01-12','2024-01-12 14:19:11',48,0,NULL,NULL,20,NULL),(395,'2024-01-12','2024-01-12 14:19:32',20,0,NULL,NULL,12,NULL),(396,'2024-01-12','2024-01-12 15:19:13',30,0,NULL,NULL,50,NULL),(397,'2024-01-12','2024-01-12 16:40:12',40,0,NULL,NULL,32,NULL),(398,'2024-01-13','2024-01-13 10:33:01',20,0,NULL,NULL,12,NULL),(399,'2024-01-15','2024-01-15 10:51:49',60,0,NULL,NULL,12,NULL),(400,'2024-01-15','2024-01-15 10:53:44',6,0,NULL,NULL,49,NULL),(401,'2024-01-15','2024-01-15 10:54:42',48,0,NULL,NULL,18,NULL),(402,'2024-01-15','2024-01-15 10:55:50',48,0,NULL,NULL,40,NULL),(403,'2024-01-15','2024-01-15 10:56:35',28,0,NULL,NULL,50,NULL),(404,'2024-01-15','2024-01-15 10:58:33',48,0,NULL,NULL,20,NULL),(405,'2024-01-15','2024-01-15 10:59:52',40,0,NULL,NULL,32,NULL),(406,'2024-01-15','2024-01-15 11:10:39',12,0,NULL,NULL,15,NULL),(407,'2024-01-15','2024-01-15 11:13:08',27,0,NULL,NULL,14,NULL),(408,'2024-01-15','2024-01-15 11:16:06',27,0,NULL,NULL,11,NULL),(409,'2024-01-15','2024-01-15 13:35:42',38,0,NULL,NULL,50,NULL),(410,'2024-01-15','2024-01-15 13:36:25',26,0,NULL,NULL,50,NULL),(411,'2024-01-15','2024-01-15 15:45:29',10,0,NULL,NULL,27,NULL),(412,'2024-01-15','2024-01-15 16:24:26',40,0,NULL,NULL,12,NULL),(413,'2024-01-16','2024-01-16 11:28:15',30,0,NULL,NULL,35,NULL),(414,'2024-01-16','2024-01-16 11:30:03',20,0,NULL,NULL,27,NULL),(415,'2024-01-16','2024-01-16 11:31:59',27,0,NULL,NULL,34,NULL),(416,'2024-01-16','2024-01-16 11:34:00',12,0,NULL,NULL,51,NULL),(417,'2024-01-16','2024-01-16 12:00:39',28,0,NULL,NULL,50,NULL),(418,'2024-01-16','2024-01-16 13:39:43',27,0,NULL,NULL,14,NULL),(419,'2024-01-16','2024-01-16 13:41:06',60,0,NULL,NULL,12,NULL),(420,'2024-01-16','2024-01-16 13:46:15',40,0,NULL,NULL,32,NULL),(421,'2024-01-16','2024-01-16 13:48:02',12,0,NULL,NULL,8,NULL),(422,'2024-01-16','2024-01-16 14:08:23',38,0,NULL,NULL,50,NULL),(423,'2024-01-16','2024-01-16 14:08:43',41,0,NULL,NULL,50,NULL),(424,'2024-01-16','2024-01-16 15:09:58',37,0,NULL,NULL,50,NULL),(425,'2024-01-16','2024-01-16 15:47:56',4,0,NULL,NULL,17,NULL),(426,'2024-01-16','2024-01-16 16:15:40',48,0,NULL,NULL,52,NULL),(427,'2024-01-17','2024-01-17 06:25:49',40,0,NULL,NULL,32,NULL),(428,'2024-01-17','2024-01-17 06:26:20',48,0,NULL,NULL,40,NULL),(429,'2024-01-17','2024-01-17 06:26:59',12,0,NULL,NULL,8,NULL),(430,'2024-01-17','2024-01-17 06:27:33',27,0,NULL,NULL,48,NULL),(431,'2024-01-17','2024-01-17 06:27:57',27,0,NULL,NULL,14,NULL),(432,'2024-01-17','2024-01-17 06:29:14',6,0,NULL,NULL,49,NULL),(433,'2024-01-17','2024-01-17 06:46:18',60,0,NULL,NULL,12,NULL),(434,'2024-01-17','2024-01-17 06:46:51',30,0,NULL,NULL,35,NULL),(435,'2024-01-17','2024-01-17 10:13:57',39,0,NULL,NULL,50,NULL),(436,'2024-01-17','2024-01-17 15:42:35',27,0,NULL,NULL,11,NULL),(437,'2024-01-17','2024-01-17 16:12:53',30,0,NULL,NULL,50,NULL),(438,'2024-01-17','2024-01-17 16:14:34',40,0,NULL,NULL,32,NULL),(439,'2024-01-17','2024-01-17 16:15:14',26,0,NULL,NULL,50,NULL),(440,'2024-01-17','2024-01-17 16:19:10',7,0,NULL,NULL,8,NULL),(441,'2024-01-17','2024-01-17 16:32:24',40,0,NULL,NULL,12,NULL),(442,'2024-01-17','2024-01-17 16:32:52',1,0,NULL,NULL,14,NULL),(443,'2024-01-17','2024-01-17 17:56:18',6,0,NULL,NULL,27,NULL),(444,'2024-01-17','2024-01-17 17:57:51',30,0,NULL,NULL,35,NULL),(445,'2024-01-17','2024-01-17 18:37:00',95,0,NULL,NULL,53,NULL),(446,'2024-01-18','2024-01-18 09:25:05',20,0,NULL,NULL,12,NULL),(447,'2024-01-18','2024-01-18 09:25:39',4,0,NULL,NULL,17,NULL),(448,'2024-01-18','2024-01-18 09:26:29',12,0,NULL,NULL,51,NULL),(449,'2024-01-18','2024-01-18 10:38:13',20,0,NULL,NULL,12,NULL),(450,'2024-01-18','2024-01-18 10:38:41',6,0,NULL,NULL,49,NULL),(451,'2024-01-18','2024-01-18 15:04:50',27,0,NULL,NULL,14,NULL),(452,'2024-01-18','2024-01-18 15:53:30',20,0,NULL,NULL,12,NULL),(453,'2024-01-18','2024-01-18 15:57:30',21,0,NULL,NULL,48,NULL),(454,'2024-01-19','2024-01-19 15:28:13',20,0,NULL,NULL,12,NULL),(455,'2024-01-22','2024-01-22 17:11:08',30,0,NULL,NULL,35,NULL),(456,'2024-01-22','2024-01-22 17:12:22',20,0,NULL,NULL,12,NULL),(457,'2024-01-23','2024-01-23 09:53:33',6,0,NULL,NULL,49,NULL),(458,'2024-01-23','2024-01-23 09:57:10',12,0,NULL,NULL,7,NULL),(459,'2024-01-23','2024-01-23 10:04:27',12,0,NULL,NULL,15,NULL),(460,'2024-01-23','2024-01-23 10:05:44',24,0,NULL,NULL,48,NULL),(461,'2024-01-23','2024-01-23 10:06:19',12,0,NULL,NULL,8,NULL),(462,'2024-01-23','2024-01-23 10:07:44',27,0,NULL,NULL,11,NULL),(463,'2024-01-23','2024-01-23 10:17:55',27,0,NULL,NULL,14,NULL),(464,'2024-01-23','2024-01-23 10:19:38',14,0,NULL,NULL,40,NULL),(465,'2024-01-23','2024-01-23 10:21:42',14,0,NULL,NULL,18,NULL),(466,'2024-01-23','2024-01-23 10:24:47',6,0,NULL,NULL,17,NULL),(467,'2024-01-23','2024-01-23 10:26:32',30,0,NULL,NULL,32,NULL),(468,'2024-01-23','2024-01-23 10:26:56',40,0,NULL,NULL,32,NULL),(469,'2024-01-23','2024-01-23 10:27:37',100,0,NULL,NULL,21,NULL),(470,'2024-01-23','2024-01-23 10:28:51',48,0,NULL,NULL,20,NULL),(471,'2024-01-23','2024-01-23 10:36:56',20,0,NULL,NULL,27,NULL),(472,'2024-01-23','2024-01-23 10:37:40',27,0,NULL,NULL,50,NULL),(473,'2024-01-23','2024-01-23 10:39:18',40,0,NULL,NULL,12,NULL),(474,'2024-01-23','2024-01-23 10:52:45',40,0,NULL,NULL,50,NULL),(475,'2024-01-23','2024-01-23 14:35:07',12,0,NULL,NULL,8,NULL),(476,'2024-01-23','2024-01-23 14:35:59',24,0,NULL,NULL,48,NULL),(477,'2024-01-23','2024-01-23 14:36:42',14,0,NULL,NULL,40,NULL),(478,'2024-01-23','2024-01-23 14:37:12',14,0,NULL,NULL,18,NULL),(479,'2024-01-23','2024-01-23 14:38:09',40,0,NULL,NULL,12,NULL),(480,'2024-01-23','2024-01-23 14:38:34',36,0,NULL,NULL,50,NULL),(481,'2024-01-23','2024-01-23 17:11:25',22,0,NULL,NULL,55,NULL),(482,'2024-01-23','2024-01-23 17:40:49',30,0,NULL,NULL,35,NULL),(483,'2024-01-24','2024-01-24 06:54:52',6,0,NULL,NULL,49,NULL),(484,'2024-01-24','2024-01-24 06:56:10',24,0,NULL,NULL,48,NULL),(485,'2024-01-24','2024-01-24 06:56:42',12,0,NULL,NULL,15,NULL),(486,'2024-01-24','2024-01-24 06:57:09',27,0,NULL,NULL,14,NULL),(487,'2024-01-24','2024-01-24 06:57:35',27,0,NULL,NULL,11,NULL),(488,'2024-01-24','2024-01-24 06:57:59',40,0,NULL,NULL,32,NULL),(489,'2024-01-24','2024-01-24 11:08:52',67,0,NULL,NULL,50,NULL),(490,'2024-01-24','2024-01-24 14:30:16',80,0,NULL,NULL,12,NULL),(491,'2024-01-24','2024-01-24 14:31:30',34,0,NULL,NULL,50,NULL),(492,'2024-01-24','2024-01-24 14:31:54',40,0,NULL,NULL,32,NULL),(493,'2024-01-24','2024-01-24 14:33:13',10,0,NULL,NULL,18,NULL),(494,'2024-01-24','2024-01-24 14:33:32',10,0,NULL,NULL,40,NULL),(495,'2024-01-24','2024-01-24 14:34:19',10,0,NULL,NULL,27,NULL),(496,'2024-01-24','2024-01-24 14:35:20',10,0,NULL,NULL,58,NULL),(497,'2024-01-24','2024-01-24 14:55:50',5,0,NULL,NULL,50,NULL),(498,'2024-01-24','2024-01-24 15:24:58',30,0,NULL,NULL,35,NULL),(499,'2024-01-25','2024-01-25 11:04:09',40,0,NULL,NULL,32,NULL),(500,'2024-01-25','2024-01-25 11:04:33',6,0,NULL,NULL,49,NULL),(501,'2024-01-25','2024-01-25 11:05:37',24,0,NULL,NULL,48,NULL),(502,'2024-01-25','2024-01-25 11:06:22',12,0,NULL,NULL,8,NULL),(503,'2024-01-25','2024-01-25 11:07:17',30,0,NULL,NULL,35,NULL),(504,'2024-01-25','2024-01-25 11:08:12',24,0,NULL,NULL,27,NULL),(505,'2024-01-25','2024-01-25 11:10:44',12,0,NULL,NULL,15,NULL),(506,'2024-01-25','2024-01-25 11:23:17',23,0,NULL,NULL,59,NULL),(507,'2024-01-25','2024-01-25 11:42:51',23,0,NULL,NULL,50,NULL),(508,'2024-01-25','2024-01-25 11:43:21',36,0,NULL,NULL,50,NULL),(509,'2024-01-25','2024-01-25 11:44:21',40,0,NULL,NULL,32,NULL),(510,'2024-01-25','2024-01-25 16:18:16',16,0,NULL,NULL,13,NULL),(511,'2024-01-25','2024-01-25 16:24:06',14,0,NULL,NULL,40,NULL),(512,'2024-01-25','2024-01-25 18:40:27',25,0,NULL,NULL,22,NULL),(513,'2024-01-26','2024-01-26 07:03:31',22,0,NULL,NULL,40,NULL),(514,'2024-01-26','2024-01-26 07:04:02',14,0,NULL,NULL,18,NULL),(515,'2024-01-26','2024-01-26 07:04:33',6,0,NULL,NULL,58,NULL),(516,'2024-01-26','2024-01-26 07:05:01',9,0,NULL,NULL,16,NULL),(517,'2024-01-26','2024-01-26 07:05:52',6,0,NULL,NULL,7,NULL),(518,'2024-01-26','2024-01-26 07:06:45',12,0,NULL,NULL,15,NULL),(519,'2024-01-26','2024-01-26 07:07:12',24,0,NULL,NULL,48,NULL),(520,'2024-01-26','2024-01-26 07:07:37',12,0,NULL,NULL,8,NULL),(521,'2024-01-26','2024-01-26 07:08:13',30,0,NULL,NULL,35,NULL),(522,'2024-01-26','2024-01-26 07:08:41',80,0,NULL,NULL,12,NULL),(523,'2024-01-26','2024-01-26 07:09:03',6,0,NULL,NULL,49,NULL),(524,'2024-01-26','2024-01-26 07:09:24',16,0,NULL,NULL,13,NULL),(525,'2024-03-28','2024-03-28 20:42:32',20,0,NULL,NULL,49,2),(526,'2024-03-28','2024-03-28 20:43:00',20,0,NULL,NULL,38,2);
/*!40000 ALTER TABLE `stock_produto` ENABLE KEYS */;
UNLOCK TABLES;

--
-- Table structure for table `tipo_de_produto`
--

DROP TABLE IF EXISTS `tipo_de_produto`;
/*!40101 SET @saved_cs_client     = @@character_set_client */;
/*!50503 SET character_set_client = utf8mb4 */;
CREATE TABLE `tipo_de_produto` (
  `id_tipo_de_produto` int NOT NULL AUTO_INCREMENT,
  `descricao_tipo_de_produto` varchar(45) DEFAULT NULL,
  `id_familia_do_produto` int NOT NULL,
  PRIMARY KEY (`id_tipo_de_produto`),
  KEY `fk_tipo_de_produto_familia_do_produto1_idx` (`id_familia_do_produto`),
  CONSTRAINT `fk_tipo_de_produto_familia_do_produto1` FOREIGN KEY (`id_familia_do_produto`) REFERENCES `familia_do_produto` (`id_familia_do_produto`)
) ENGINE=InnoDB AUTO_INCREMENT=17 DEFAULT CHARSET=utf8mb4 COLLATE=utf8mb4_0900_ai_ci;
/*!40101 SET character_set_client = @saved_cs_client */;

--
-- Dumping data for table `tipo_de_produto`
--

LOCK TABLES `tipo_de_produto` WRITE;
/*!40000 ALTER TABLE `tipo_de_produto` DISABLE KEYS */;
INSERT INTO `tipo_de_produto` VALUES (1,'Pães',1),(2,'Bolos',1),(3,'Bolinhos Secos',1),(4,'Bolachas e biscoitos',2),(5,'Sumos e refrigerantes',3),(6,'Águas',3),(7,'Rebuçados, Gomas e Pastilhas',5),(8,'Batata frita',4),(9,'Cachorro Quente',8),(10,'Sopas',9),(11,'Pipocas',10),(12,'Apontamentos e Materiais para os cursos',11),(13,'Sumol Em Lata',3),(14,'Ovo Fervido',12),(15,'Picolé',13),(16,'Gelado de Múcua',13);
/*!40000 ALTER TABLE `tipo_de_produto` ENABLE KEYS */;
UNLOCK TABLES;

--
-- Table structure for table `unidade_de_medida`
--

DROP TABLE IF EXISTS `unidade_de_medida`;
/*!40101 SET @saved_cs_client     = @@character_set_client */;
/*!50503 SET character_set_client = utf8mb4 */;
CREATE TABLE `unidade_de_medida` (
  `id_unidade_de_medida` int NOT NULL AUTO_INCREMENT,
  `descricao_unidade_de_medida` varchar(45) DEFAULT NULL,
  PRIMARY KEY (`id_unidade_de_medida`)
) ENGINE=InnoDB AUTO_INCREMENT=10 DEFAULT CHARSET=utf8mb4 COLLATE=utf8mb4_0900_ai_ci;
/*!40101 SET character_set_client = @saved_cs_client */;

--
-- Dumping data for table `unidade_de_medida`
--

LOCK TABLES `unidade_de_medida` WRITE;
/*!40000 ALTER TABLE `unidade_de_medida` DISABLE KEYS */;
INSERT INTO `unidade_de_medida` VALUES (1,'Caixa'),(2,'Garrafa'),(3,'Saco'),(4,'Grama'),(5,'Quilo'),(6,'Pacote'),(7,'Bidon'),(8,'Latinha'),(9,'Embalagem');
/*!40000 ALTER TABLE `unidade_de_medida` ENABLE KEYS */;
UNLOCK TABLES;
/*!40103 SET TIME_ZONE=@OLD_TIME_ZONE */;

/*!40101 SET SQL_MODE=@OLD_SQL_MODE */;
/*!40014 SET FOREIGN_KEY_CHECKS=@OLD_FOREIGN_KEY_CHECKS */;
/*!40014 SET UNIQUE_CHECKS=@OLD_UNIQUE_CHECKS */;
/*!40101 SET CHARACTER_SET_CLIENT=@OLD_CHARACTER_SET_CLIENT */;
/*!40101 SET CHARACTER_SET_RESULTS=@OLD_CHARACTER_SET_RESULTS */;
/*!40101 SET COLLATION_CONNECTION=@OLD_COLLATION_CONNECTION */;
/*!40111 SET SQL_NOTES=@OLD_SQL_NOTES */;

-- Dump completed on 2024-06-01  0:47:05
